author,file,chunk,n_tokens,phd
beckett,linnommable_fr.txt,0,256,11.749364983376388
beckett,linnommable_fr.txt,1,256,12.1470430081368
beckett,linnommable_fr.txt,2,256,12.992640336646515
beckett,linnommable_fr.txt,3,256,14.804202089629635
beckett,linnommable_fr.txt,4,256,9.66145367848508
beckett,linnommable_fr.txt,5,256,12.395860258355667
beckett,linnommable_fr.txt,6,256,11.260140795887898
beckett,linnommable_fr.txt,7,256,9.282405396660929
beckett,linnommable_fr.txt,8,256,10.33476448724238
beckett,linnommable_fr.txt,9,256,12.034650511554142
beckett,linnommable_fr.txt,10,256,8.473555751136745
beckett,linnommable_fr.txt,11,256,9.867544463902638
beckett,linnommable_fr.txt,12,256,10.081854569081292
beckett,linnommable_fr.txt,13,256,12.941548669199198
beckett,linnommable_fr.txt,14,256,13.726766891017414
beckett,linnommable_fr.txt,15,256,12.485218687120266
beckett,linnommable_fr.txt,16,256,11.326161742472152
beckett,linnommable_fr.txt,17,256,11.546343926030977
beckett,linnommable_fr.txt,18,256,12.847121467641822
beckett,linnommable_fr.txt,19,256,15.939074370170305
beckett,linnommable_fr.txt,20,256,15.209233567211944
beckett,linnommable_fr.txt,21,256,13.69563307313256
beckett,linnommable_fr.txt,22,256,12.30673770611398
beckett,linnommable_fr.txt,23,256,15.14710172899617
beckett,linnommable_fr.txt,24,256,13.366951863327273
beckett,linnommable_fr.txt,25,256,10.665348155536542
beckett,linnommable_fr.txt,26,256,13.831564149408644
beckett,linnommable_fr.txt,27,256,15.848823004599845
beckett,linnommable_fr.txt,28,256,13.112463491232882
beckett,linnommable_fr.txt,29,256,13.46023761535971
beckett,linnommable_fr.txt,30,256,12.36359098887854
beckett,linnommable_fr.txt,31,256,14.943251928088046
beckett,linnommable_fr.txt,32,256,14.485616675218607
beckett,linnommable_fr.txt,33,256,13.714825238045592
beckett,linnommable_fr.txt,34,256,12.118866086002148
beckett,linnommable_fr.txt,35,256,13.699685600304596
beckett,linnommable_fr.txt,36,256,12.519296315231514
beckett,linnommable_fr.txt,37,256,11.987026832789695
beckett,linnommable_fr.txt,38,256,11.276061764342872
beckett,linnommable_fr.txt,39,256,15.361458838182386
beckett,linnommable_fr.txt,40,256,12.948631729812186
beckett,linnommable_fr.txt,41,256,12.700379080742119
beckett,linnommable_fr.txt,42,256,10.699082302688717
beckett,linnommable_fr.txt,43,256,10.090914919142486
beckett,linnommable_fr.txt,44,256,14.497308069159986
beckett,linnommable_fr.txt,45,256,11.194323016816845
beckett,linnommable_fr.txt,46,256,9.039212177460936
beckett,linnommable_fr.txt,47,256,9.24150987988101
beckett,linnommable_fr.txt,48,256,9.459766509903682
beckett,linnommable_fr.txt,49,256,8.990072490072807
beckett,linnommable_fr.txt,50,256,9.021670648867822
beckett,linnommable_fr.txt,51,256,12.685671920833746
beckett,linnommable_fr.txt,52,256,11.333259902256522
beckett,linnommable_fr.txt,53,256,11.69810968115263
beckett,linnommable_fr.txt,54,256,11.919575606062637
beckett,linnommable_fr.txt,55,256,11.405595144961127
beckett,linnommable_fr.txt,56,256,8.760668063044294
beckett,linnommable_fr.txt,57,256,6.884238777037715
beckett,linnommable_fr.txt,58,256,7.249160861214712
beckett,linnommable_fr.txt,59,256,9.618046744470893
beckett,linnommable_fr.txt,60,256,5.432722994347341
beckett,linnommable_fr.txt,61,256,5.921106050545126
beckett,linnommable_fr.txt,62,256,9.408509421723517
beckett,linnommable_fr.txt,63,256,13.956622396872959
beckett,linnommable_fr.txt,64,256,10.025005067298196
beckett,linnommable_fr.txt,65,256,7.426455281366816
beckett,linnommable_fr.txt,66,256,6.826778883764601
beckett,linnommable_fr.txt,67,256,11.127786976952818
beckett,linnommable_fr.txt,68,256,10.103474412456007
beckett,linnommable_fr.txt,69,256,8.665480844201921
beckett,linnommable_fr.txt,70,256,8.166299963071848
beckett,linnommable_fr.txt,71,256,7.996246703190441
beckett,linnommable_fr.txt,72,256,7.06324791432407
beckett,linnommable_fr.txt,73,256,8.308008996002009
beckett,linnommable_fr.txt,74,256,9.035805835692972
beckett,linnommable_fr.txt,75,256,6.81382886284306
beckett,linnommable_fr.txt,76,256,6.106113539418988
beckett,linnommable_fr.txt,77,256,8.271883681099217
beckett,linnommable_fr.txt,78,256,7.06800158265878
beckett,linnommable_fr.txt,79,241,8.275288230455049
ramanujan,andrews_ch13_combinatorics.txt,0,256,11.23308437807998
ramanujan,andrews_ch13_combinatorics.txt,1,256,12.473055900539483
ramanujan,andrews_ch13_combinatorics.txt,2,256,7.468468870972125
ramanujan,andrews_ch13_combinatorics.txt,3,256,8.000235691193383
ramanujan,andrews_ch13_combinatorics.txt,4,256,5.5287637583905225
ramanujan,andrews_ch13_combinatorics.txt,5,256,10.537701719245216
ramanujan,andrews_ch13_combinatorics.txt,6,256,5.5027005699152225
ramanujan,andrews_ch13_combinatorics.txt,7,256,7.972854874003963
ramanujan,andrews_ch13_combinatorics.txt,8,256,10.3731080612187
ramanujan,andrews_ch13_combinatorics.txt,9,256,9.503181158689406
ramanujan,andrews_ch13_combinatorics.txt,10,256,7.549136692350278
ramanujan,andrews_ch13_combinatorics.txt,11,256,8.977194861000054
ramanujan,andrews_ch13_combinatorics.txt,12,256,8.55835122905566
ramanujan,andrews_ch13_combinatorics.txt,13,256,9.33078935891978
ramanujan,andrews_ch13_combinatorics.txt,14,256,9.558242712794504
ramanujan,andrews_ch13_combinatorics.txt,15,256,7.640997793642181
ramanujan,andrews_ch13_combinatorics.txt,16,256,9.310074971391723
ramanujan,andrews_ch13_combinatorics.txt,17,256,8.216462855206835
ramanujan,andrews_ch13_combinatorics.txt,18,256,8.772552420535833
ramanujan,andrews_ch13_combinatorics.txt,19,256,9.576176165174479
ramanujan,andrews_ch13_combinatorics.txt,20,256,8.886425016013831
ramanujan,andrews_ch13_combinatorics.txt,21,256,9.8952812780346
ramanujan,andrews_ch13_combinatorics.txt,22,256,9.855311582721692
ramanujan,andrews_ch13_combinatorics.txt,23,256,10.098647984159244
ramanujan,andrews_ch13_combinatorics.txt,24,256,7.911451316001418
ramanujan,andrews_ch13_combinatorics.txt,25,256,8.81118657751351
ramanujan,andrews_ch13_combinatorics.txt,26,256,8.423698935646046
ramanujan,andrews_ch13_combinatorics.txt,27,256,9.694023577989439
ramanujan,andrews_ch13_combinatorics.txt,28,256,5.436338285378926
ramanujan,andrews_ch13_combinatorics.txt,29,256,4.544547297386553
ramanujan,andrews_ch13_combinatorics.txt,30,256,4.20757943143622
ramanujan,andrews_ch13_combinatorics.txt,31,256,6.356941012456081
ramanujan,andrews_ch13_combinatorics.txt,32,256,10.839621167703564
ramanujan,andrews_ch13_combinatorics.txt,33,256,8.577673844599728
ramanujan,andrews_ch13_combinatorics.txt,34,256,7.6035062007376775
ramanujan,andrews_ch13_combinatorics.txt,35,256,9.120730121567249
ramanujan,andrews_ch13_combinatorics.txt,36,256,8.954549213701261
ramanujan,andrews_ch13_combinatorics.txt,37,256,7.850230493279412
ramanujan,andrews_ch13_combinatorics.txt,38,223,8.273465130041044
ramanujan,andrews_ch1_elementary.txt,0,256,11.223811622622849
ramanujan,andrews_ch1_elementary.txt,1,256,7.427417350970156
ramanujan,andrews_ch1_elementary.txt,2,256,5.650807980274411
ramanujan,andrews_ch1_elementary.txt,3,256,6.273194560995658
ramanujan,andrews_ch1_elementary.txt,4,256,5.248885002853042
ramanujan,andrews_ch1_elementary.txt,5,256,13.259305184130746
ramanujan,andrews_ch1_elementary.txt,6,256,8.105228273025334
ramanujan,andrews_ch1_elementary.txt,7,256,10.676662625859045
ramanujan,andrews_ch1_elementary.txt,8,256,8.677146669106977
ramanujan,andrews_ch1_elementary.txt,9,256,10.500070275484797
ramanujan,andrews_ch1_elementary.txt,10,256,12.167805984948638
ramanujan,andrews_ch1_elementary.txt,11,256,8.634716246100014
ramanujan,andrews_ch1_elementary.txt,12,256,8.167053561770636
ramanujan,andrews_ch1_elementary.txt,13,256,8.036831559708608
ramanujan,andrews_ch1_elementary.txt,14,256,6.935099117883637
ramanujan,andrews_ch1_elementary.txt,15,256,8.560869425071944
ramanujan,andrews_ch1_elementary.txt,16,256,9.056406028329736
ramanujan,andrews_ch1_elementary.txt,17,256,9.09279100150871
ramanujan,andrews_ch1_elementary.txt,18,256,10.143908205694224
ramanujan,andrews_ch1_elementary.txt,19,256,8.29036880472205
ramanujan,andrews_ch1_elementary.txt,20,256,7.673222481101946
ramanujan,andrews_ch1_elementary.txt,21,256,8.751467738691842
ramanujan,andrews_ch1_elementary.txt,22,256,6.80248395986816
ramanujan,andrews_ch1_elementary.txt,23,256,7.55650174458442
ramanujan,andrews_ch1_elementary.txt,24,256,7.524669177722608
ramanujan,andrews_ch1_elementary.txt,25,256,9.230102876420776
ramanujan,andrews_ch1_elementary.txt,26,256,6.3967943328106776
ramanujan,andrews_ch1_elementary.txt,27,256,11.029466599850466
ramanujan,andrews_ch1_elementary.txt,28,256,7.658050134854737
ramanujan,andrews_ch1_elementary.txt,29,256,9.718010224920624
ramanujan,andrews_ch1_elementary.txt,30,159,9.955581558112023
ramanujan,andrews_ch5_hrr_expansion.txt,0,256,9.846042334352914
ramanujan,andrews_ch5_hrr_expansion.txt,1,256,12.505359028155034
ramanujan,andrews_ch5_hrr_expansion.txt,2,256,14.2864843254715
ramanujan,andrews_ch5_hrr_expansion.txt,3,256,15.641656207836576
ramanujan,andrews_ch5_hrr_expansion.txt,4,256,12.63464119664704
ramanujan,andrews_ch5_hrr_expansion.txt,5,256,9.546852314704743
ramanujan,andrews_ch5_hrr_expansion.txt,6,256,9.779769397402804
ramanujan,andrews_ch5_hrr_expansion.txt,7,256,10.480553901084763
ramanujan,andrews_ch5_hrr_expansion.txt,8,256,9.280243713422294
ramanujan,andrews_ch5_hrr_expansion.txt,9,256,10.875701812190862
ramanujan,andrews_ch5_hrr_expansion.txt,10,256,10.725488556105466
ramanujan,andrews_ch5_hrr_expansion.txt,11,256,11.889196407300133
ramanujan,andrews_ch5_hrr_expansion.txt,12,256,13.928427497641556
ramanujan,andrews_ch5_hrr_expansion.txt,13,256,9.091434978857352
ramanujan,andrews_ch5_hrr_expansion.txt,14,256,8.403731427373012
ramanujan,andrews_ch5_hrr_expansion.txt,15,256,10.33242024495417
ramanujan,andrews_ch5_hrr_expansion.txt,16,256,10.546753663181667
ramanujan,andrews_ch5_hrr_expansion.txt,17,256,8.908205996304007
ramanujan,andrews_ch5_hrr_expansion.txt,18,256,9.018243489120344
ramanujan,andrews_ch5_hrr_expansion.txt,19,256,9.74000073546725
ramanujan,andrews_ch5_hrr_expansion.txt,20,256,7.550227425141084
ramanujan,andrews_ch5_hrr_expansion.txt,21,256,7.608733836854634
ramanujan,andrews_ch5_hrr_expansion.txt,22,256,8.164688807929712
ramanujan,andrews_ch5_hrr_expansion.txt,23,256,11.232997944462596
ramanujan,andrews_ch5_hrr_expansion.txt,24,256,11.831604900682358
ramanujan,andrews_ch5_hrr_expansion.txt,25,256,10.35634696071692
ramanujan,andrews_ch5_hrr_expansion.txt,26,256,11.956451064362
ramanujan,andrews_ch5_hrr_expansion.txt,27,256,9.456783836486016
ramanujan,andrews_ch5_hrr_expansion.txt,28,256,7.9577231749002495
ramanujan,andrews_ch5_hrr_expansion.txt,29,256,7.637794132701035
ramanujan,andrews_ch5_hrr_expansion.txt,30,256,9.845624386278915
ramanujan,andrews_ch5_hrr_expansion.txt,31,256,10.168220319686604
ramanujan,andrews_ch5_hrr_expansion.txt,32,256,12.051334645775336
ramanujan,andrews_ch5_hrr_expansion.txt,33,256,7.386428662639702
ramanujan,andrews_ch5_hrr_expansion.txt,34,256,4.930627442391798
ramanujan,andrews_ch5_hrr_expansion.txt,35,256,7.158995137901354
ramanujan,andrews_ch5_hrr_expansion.txt,36,256,7.4854082154174
ramanujan,andrews_ch5_hrr_expansion.txt,37,256,7.512477899516586
shakespeare,complete_works.txt,0,256,6.141212624836239
shakespeare,complete_works.txt,1,256,15.277076445617316
shakespeare,complete_works.txt,2,256,12.509543114332303
shakespeare,complete_works.txt,3,256,9.430778502628469
shakespeare,complete_works.txt,4,256,9.359157749128576
shakespeare,complete_works.txt,5,256,15.425738869069612
shakespeare,complete_works.txt,6,256,16.303503641422108
shakespeare,complete_works.txt,7,256,13.299390988182923
shakespeare,complete_works.txt,8,256,5.44401263407373
shakespeare,complete_works.txt,9,256,16.706762509582322
shakespeare,complete_works.txt,10,256,11.634810800823482
shakespeare,complete_works.txt,11,256,11.712018837507529
shakespeare,complete_works.txt,12,256,11.140493632751442
shakespeare,complete_works.txt,13,256,13.361816395592967
shakespeare,complete_works.txt,14,256,10.723754223713582
shakespeare,complete_works.txt,15,256,10.706120477052806
shakespeare,complete_works.txt,16,256,8.490860626994726
shakespeare,complete_works.txt,17,256,8.462572515205705
shakespeare,complete_works.txt,18,256,17.706385023285815
shakespeare,complete_works.txt,19,256,12.431640242702661
shakespeare,complete_works.txt,20,256,16.251722950030352
shakespeare,complete_works.txt,21,256,13.363074426287568
shakespeare,complete_works.txt,22,256,14.556678720658686
shakespeare,complete_works.txt,23,256,12.036623057769754
shakespeare,complete_works.txt,24,256,10.177399242138977
shakespeare,complete_works.txt,25,256,9.322921672316594
shakespeare,complete_works.txt,26,256,12.099572619930404
shakespeare,complete_works.txt,27,256,12.337606496572525
shakespeare,complete_works.txt,28,256,8.121421096816576
shakespeare,complete_works.txt,29,256,10.619483290214184
shakespeare,complete_works.txt,30,256,15.375930246959703
shakespeare,complete_works.txt,31,256,13.890006277528682
shakespeare,complete_works.txt,32,256,12.21276029555946
shakespeare,complete_works.txt,33,256,14.95547106327534
shakespeare,complete_works.txt,34,256,10.554364165448865
shakespeare,complete_works.txt,35,256,15.653948415879876
shakespeare,complete_works.txt,36,256,10.869258887441932
shakespeare,complete_works.txt,37,256,9.746613797549776
shakespeare,complete_works.txt,38,256,11.90781258000223
shakespeare,complete_works.txt,39,256,8.768735365184945
shakespeare,complete_works.txt,40,256,10.137444836914675
shakespeare,complete_works.txt,41,256,13.080296497361152
shakespeare,complete_works.txt,42,256,9.996115309050277
shakespeare,complete_works.txt,43,256,12.533892991047646
shakespeare,complete_works.txt,44,256,11.949230609112284
shakespeare,complete_works.txt,45,256,10.551494077213912
shakespeare,complete_works.txt,46,256,7.898657496535166
shakespeare,complete_works.txt,47,256,14.508989913321775
shakespeare,complete_works.txt,48,256,11.362044445010902
shakespeare,complete_works.txt,49,256,13.9456584561319
shakespeare,complete_works.txt,50,256,9.753265139421766
shakespeare,complete_works.txt,51,256,8.941962943780448
shakespeare,complete_works.txt,52,256,12.794655083644754
shakespeare,complete_works.txt,53,256,9.89130039102974
shakespeare,complete_works.txt,54,256,14.017939907771092
shakespeare,complete_works.txt,55,256,9.536077396491422
shakespeare,complete_works.txt,56,256,13.547026926864556
shakespeare,complete_works.txt,57,256,11.049674932831687
shakespeare,complete_works.txt,58,256,12.476493101726396
shakespeare,complete_works.txt,59,256,12.27730481780983
shakespeare,complete_works.txt,60,256,13.778566251876526
shakespeare,complete_works.txt,61,256,7.8800754387270375
shakespeare,complete_works.txt,62,256,9.70905279820778
shakespeare,complete_works.txt,63,256,13.968617824393618
shakespeare,complete_works.txt,64,256,8.093728401499863
shakespeare,complete_works.txt,65,256,12.318667047261068
shakespeare,complete_works.txt,66,256,9.913658838269283
shakespeare,complete_works.txt,67,256,15.172413216298608
shakespeare,complete_works.txt,68,256,14.421728769197292
shakespeare,complete_works.txt,69,256,13.16706489573633
shakespeare,complete_works.txt,70,256,12.682877477098595
shakespeare,complete_works.txt,71,256,12.0927333145314
shakespeare,complete_works.txt,72,256,14.332854507477014
shakespeare,complete_works.txt,73,256,18.005133669122998
shakespeare,complete_works.txt,74,256,17.44793428537147
shakespeare,complete_works.txt,75,256,14.728201192863423
shakespeare,complete_works.txt,76,256,10.05650378981557
shakespeare,complete_works.txt,77,256,14.455598477639555
shakespeare,complete_works.txt,78,256,12.052705769334201
shakespeare,complete_works.txt,79,199,13.94922588687151
