group,label,mean_step,straightness,turn_cos,spread,dim_32,dim_64,dim_96,dim_128
shakespeare_sonnets,Sonnet CXXVII,106.87632751464844,0.020769517868757248,-0.4286651909351349,0.8216494917869568,8.73992700190312,11.173582063885497,15.774981074569034,17.91065621144109
shakespeare_sonnets,Sonnet LXXXVIII,98.88735961914062,0.028528893366456032,-0.45785489678382874,0.8004172444343567,22.013052379253857,23.812572053593794,16.33137654542257,10.883425650152114
shakespeare_sonnets,Sonnet LXXIX,82.35951232910156,0.03179074823856354,-0.4969803988933563,0.828299880027771,36.18686190455327,12.805669452103338,10.26029501271299,12.371258256953457
shakespeare_sonnets,Sonnet LXXVI,76.06602478027344,0.021629270166158676,-0.41342100501060486,0.8802534937858582,109.740868976838,34.858937411790535,11.901502485373289,13.543102000905371
shakespeare_sonnets,Sonnet XXXIV,90.66919708251953,0.01709453947842121,-0.4376128017902374,0.8694887161254883,12.686026428769926,82.61582939166392,9.921100360366625,12.852578973307102
shakespeare_sonnets,Sonnet LXVIII,94.95114135742188,0.013928228989243507,-0.4589720666408539,0.8403806686401367,10.988214075882325,22.010746474501687,8.996263482385046,15.055681467949626
shakespeare_sonnets,Sonnet LXV,105.06697082519531,0.020020006224513054,-0.4620416760444641,0.8199843764305115,28.423126891570888,26.389766328852023,9.204638875227934,10.645617993428646
shakespeare_sonnets,Sonnet CXLIV,93.22391510009766,0.0332023985683918,-0.46274474263191223,0.8374778628349304,27.377780614068936,41.87835178487525,28.66664332903792,16.087928493496076
shakespeare_sonnets,Sonnet CXLII,106.55078887939453,0.022138001397252083,-0.44828158617019653,0.8229804039001465,18.67859398161747,12.322682324131891,10.583985979843039,12.842145997530803
shakespeare_sonnets,Sonnet CLI,101.79469299316406,0.024798665195703506,-0.47320276498794556,0.7862118482589722,27.527149391709045,11.931634984636428,12.652792311846383,23.278348053922848
shakespeare_sonnets,Sonnet XCVIII,93.40850830078125,0.024165485054254532,-0.4582218825817108,0.8027260899543762,9.335216885213969,20.791762326775192,13.511383520795825,35.270608201565835
shakespeare_sonnets,Sonnet LXXXIII,90.22645568847656,0.03148408234119415,-0.42143312096595764,0.8554624915122986,26.911306110125587,37.646675934115656,13.21399439392292,11.113498027856327
shakespeare_sonnets,Sonnet CXXXI,98.80062866210938,0.014319474808871746,-0.42789337038993835,0.8337960839271545,19.83456055789241,19.17124821428184,12.707080547169614,14.552709437519834
shakespeare_sonnets,Sonnet LXXXVII,97.19493865966797,0.018083181232213974,-0.45542991161346436,0.8410919308662415,53.971298076600284,22.32077619301607,13.114090984794109,10.36597445281743
shakespeare_sonnets,Sonnet LXI,90.1031494140625,0.014335721731185913,-0.47999078035354614,0.8205190300941467,14.228294270072276,26.44568492357871,13.882072789130635,19.405522521543325
shakespeare_sonnets,Sonnet XXVII,107.48149108886719,0.01824212446808815,-0.4715482294559479,0.8103212714195251,15.122275973868403,184.327107905359,9.70475055031216,9.684101778463434
shakespeare_sonnets,Sonnet XIII,81.1968994140625,0.02912271022796631,-0.46845248341560364,0.8302753567695618,39.51907461479557,951.4155383372225,15.88356103580441,10.424030259266925
shakespeare_sonnets,Sonnet CLII,106.54157257080078,0.014153964817523956,-0.46033716201782227,0.8155047297477722,41.62392935142927,21.246170297370103,8.550069170495913,8.000846488499759
shakespeare_sonnets,Sonnet LXIII,109.40696716308594,0.01086478028446436,-0.45070880651474,0.7782381772994995,89.57596354391433,19.591090096968436,11.771040258675274,11.313176457131167
shakespeare_sonnets,Sonnet CXXVI,113.43084716796875,0.017408525571227074,-0.42943698167800903,0.7688524127006531,52.90355453331377,16.425887465220427,10.867518525447252,13.429003824726722
shakespeare_sonnets,Sonnet XI,129.04864501953125,0.022449130192399025,-0.3697150945663452,0.8612093925476074,17.873822754006348,14.391297641583794,12.827611123075705,21.583330131529408
shakespeare_sonnets,Sonnet XXI,95.33377075195312,0.013515091501176357,-0.4566684067249298,0.8033308386802673,19.993772801068285,73.55575400547143,13.930171842171664,16.64451401570851
shakespeare_sonnets,Sonnet XXV,97.45262145996094,0.021533114835619926,-0.4090908169746399,0.8035686016082764,34.684328528617414,1970.9762014706682,20.650937581066138,25.597679967140945
shakespeare_sonnets,Sonnet XLV,115.46994018554688,0.014767511747777462,-0.4698505997657776,0.774021565914154,14.123134034250414,11.896939787240406,10.67800743561197,15.819714325546801
shakespeare_sonnets,Sonnet CXLVIII,92.24069213867188,0.014265839010477066,-0.43441399931907654,0.804257869720459,16.944635782765623,18.444935413824815,12.081860996074724,13.60842953392003
shakespeare_sonnets,Sonnet CXI,115.86134338378906,0.013120179995894432,-0.45015233755111694,0.7662907838821411,30.873614872218052,20.683751545244405,7.7945077910445795,13.384915543491294
shakespeare_sonnets,Sonnet II,126.66191101074219,0.012076808139681816,-0.43460410833358765,0.7694005966186523,73.76436578409339,12.505189379553396,16.449325151239734,13.202792273348635
shakespeare_sonnets,Sonnet CII,114.1446762084961,0.010508212260901928,-0.4594433009624481,0.7953907251358032,26.370419404614044,49.05735367420705,15.676004875852225,21.28113344449936
shakespeare_sonnets,Sonnet XL,89.54073333740234,0.018409783020615578,-0.42886555194854736,0.8631189465522766,188.51634252118052,19.07312738355557,12.17229833497407,15.53016323061966
shakespeare_sonnets,Sonnet LXXIII,115.50389099121094,0.01006568968296051,-0.45242688059806824,0.7998645305633545,21.48792569672478,13.316718380875141,14.461253016755252,10.975608981180184
shakespeare_sonnets,Sonnet CXVII,105.64006042480469,0.015921488404273987,-0.4418643116950989,0.8226146697998047,15.482976041951163,15.807868778817753,11.118687093065443,20.22446500105056
shakespeare_sonnets,Sonnet CXXIV,103.4383773803711,0.01861220970749855,-0.43750447034835815,0.8083734512329102,202.40183415530072,23.456913309000342,10.139636601581795,14.532026490518797
shakespeare_sonnets,Sonnet LXXX,109.06058502197266,0.027822254225611687,-0.4817218780517578,0.7720534801483154,33.12370226333895,20.870633342161813,46.87423114224667,10.968757748382684
shakespeare_sonnets,Sonnet CXXIX,107.1725845336914,0.011637021787464619,-0.4913468658924103,0.7744072079658508,10.297112012250054,27.544837298819346,11.851563065819855,10.580981754413036
shakespeare_sonnets,Sonnet XLVI,72.77129364013672,0.02842080220580101,-0.44379234313964844,0.9236448407173157,40.259190284885,65.8893909143627,9.946183106763375,10.645928763169824
shakespeare_sonnets,Sonnet CVI,118.92459869384766,0.014959972351789474,-0.41981568932533264,0.7734056711196899,40.92530063881329,26.279690836756323,19.617070136549053,24.705372897628365
shakespeare_sonnets,Sonnet CXIII,99.77421569824219,0.015698466449975967,-0.4599556028842926,0.8113134503364563,51.64588697288288,27.47439115738314,12.81426608901078,17.15821986076873
shakespeare_sonnets,Sonnet XLVII,93.20393371582031,0.016077883541584015,-0.417083740234375,0.8541662096977234,28.10907142330664,15.400784844379036,12.349482538666432,9.159282009037682
shakespeare_sonnets,Sonnet LVII,87.43891906738281,0.014949438162147999,-0.47178351879119873,0.8282743692398071,9.871111463835934,31.26672066301044,18.373408664511956,13.14898562298768
shakespeare_sonnets,Sonnet XCIII,106.45321655273438,0.017736345529556274,-0.431768536567688,0.7891699075698853,27.794306971903577,12.015480440082392,24.67215275828623,19.937436614319743
shakespeare_sonnets,Sonnet CXXXV,108.37751770019531,0.02062784507870674,-0.4222925901412964,0.8004997968673706,20.827597477919007,13.190066303794072,7.5384113151158605,6.987970821807359
shakespeare_sonnets,Sonnet I,135.2498779296875,0.015956761315464973,-0.42459020018577576,0.7866756916046143,21.673098774505497,24.08483013432729,18.534427074682117,11.66241948637965
shakespeare_sonnets,Sonnet CL,92.80352020263672,0.018196677789092064,-0.4251561164855957,0.8169751167297363,14.438604035742891,30.85742429518111,116.36801401633107,26.244768240975496
shakespeare_sonnets,Sonnet XXVI,108.91218566894531,0.020123599097132683,-0.4386385679244995,0.8003237247467041,393.2008817560301,25.074127922261773,83.4605954208558,14.74107101739023
shakespeare_sonnets,Sonnet VII,110.3548355102539,0.016588054597377777,-0.41418176889419556,0.763154923915863,22.506140023137718,20.635087044977602,13.97454860459949,37.697642663292
shakespeare_sonnets,Sonnet LV,117.1761245727539,0.016131365671753883,-0.44722989201545715,0.8072046041488647,12.585714640131728,15.02936324222203,8.370427464092757,15.141452258982852
shakespeare_sonnets,Sonnet CXXVIII,118.76946258544922,0.013335347175598145,-0.43704476952552795,0.7733266949653625,10.351599461378642,16.71094414712547,10.744275896589137,11.646405574662245
shakespeare_sonnets,Sonnet LXIX,89.81928253173828,0.01599535532295704,-0.46644148230552673,0.8250927925109863,15.138058760419607,141.86994908501688,12.368939964024976,14.32605961740272
shakespeare_sonnets,Sonnet XXXIII,132.1452178955078,0.01531343162059784,-0.45442575216293335,0.7582182288169861,23.411409308175134,29.22527740729894,13.505332374180465,7.42400775854151
shakespeare_sonnets,Sonnet XIV,109.43138122558594,0.023679334670305252,-0.4275922179222107,0.8573259711265564,10.235930909542994,14.108784373839057,10.369652118398342,10.131657286998006
shakespeare_sonnets,Sonnet LXXII,85.07710266113281,0.017738182097673416,-0.45098966360092163,0.842839241027832,22.071699466043004,16.130178906136873,13.818038949081973,304.89960338277746
shakespeare_sonnets,Sonnet CXXXIX,125.69982147216797,0.012620052322745323,-0.40739905834198,0.7660815119743347,14.118866490448905,22.708334555973654,28.40031821117779,14.69222146790094
shakespeare_sonnets,Sonnet CXX,103.48294067382812,0.01898203045129776,-0.45922860503196716,0.7796898484230042,13.673088036901751,49.920145065941966,16.9334720745935,10.318657198247305
shakespeare_sonnets,Sonnet CLIII,108.80105590820312,0.014430753886699677,-0.41982266306877136,0.8039745688438416,16.469682944285708,27.125580748454745,13.190450801920488,11.217268258542685
shakespeare_sonnets,Sonnet LXVII,83.37374114990234,0.03341088071465492,-0.42823025584220886,0.8714359402656555,410.1313227961411,27.260542377340407,10.511017868314017,15.870954942156803
shakespeare_sonnets,Sonnet XXXVIII,100.78949737548828,0.024027375504374504,-0.4379989206790924,0.8163521885871887,140.0314111092705,15.218420542434874,12.09891531254624,18.776505619608397
shakespeare_sonnets,Sonnet XXXIX,86.82566833496094,0.019284343346953392,-0.4258335828781128,0.8453702926635742,33.88707804473651,50.333095541164106,16.559623288749762,12.925848881753346
shakespeare_sonnets,Sonnet XV,107.52690124511719,0.012582570314407349,-0.44609779119491577,0.7835643291473389,24.16068186378224,26.34843047780408,9.923170331770553,11.932469015188008
shakespeare_sonnets,Sonnet LXVI,131.3260955810547,0.01731119304895401,-0.3773047626018524,0.797678530216217,23.501980250397814,13.917518526517942,13.548298562538125,13.246739814757074
shakespeare_sonnets,Sonnet XCII,85.79547882080078,0.021440407261252403,-0.42861098051071167,0.8272669911384583,14.518632979799179,19.808774957403955,11.479835671893571,12.912887653670715
shakespeare_sonnets,Sonnet VI,103.92870330810547,0.027127686887979507,-0.4114890694618225,0.8375064134597778,16.44175157281415,54.683440959219574,11.973663425585674,11.221050527808048
shakespeare_sonnets,Sonnet LXXXII,106.95465850830078,0.01695694401860237,-0.44502153992652893,0.8156113028526306,24.816030583392383,14.979629818518866,12.339265358574032,20.95960841936037
shakespeare_sonnets,Sonnet XXXII,121.26131439208984,0.01002763956785202,-0.4546135663986206,0.7871401906013489,56.72295399945719,22.578636270544816,19.00478897999151,12.764088362248273
shakespeare_sonnets,Sonnet XVIII,90.93550872802734,0.0197322778403759,-0.4507390856742859,0.8403371572494507,13.134146711415905,20.342134495005865,15.559943454506573,8.847884424852495
shakespeare_sonnets,Sonnet LXXV,109.40670013427734,0.016412662342190742,-0.4412010908126831,0.8046200275421143,16.571601291208474,71.85180545352418,26.390397731876227,14.813627255600393
shakespeare_sonnets,Sonnet CIV,119.77310943603516,0.018298547714948654,-0.41189900040626526,0.804445207118988,15.784382937344455,37.38299977495096,19.012694479859352,10.522819094248856
shakespeare_sonnets,Sonnet CXII,104.01104736328125,0.012159095145761967,-0.45396968722343445,0.8042362332344055,29.234546721736866,19.654390285089637,18.644233805083722,13.459831875415347
shakespeare_sonnets,Sonnet CXLIX,102.49117279052734,0.026407210156321526,-0.4368433952331543,0.8384031653404236,11.27905466711865,17.725300924282163,12.45995180901889,9.087632879489068
shakespeare_sonnets,Sonnet LXXVII,85.00157165527344,0.016264790669083595,-0.4557865560054779,0.8253902792930603,13.892097640379635,19.440123759784278,10.791853974089001,12.446424173008467
shakespeare_sonnets,Sonnet XXIX,102.05070495605469,0.020827583968639374,-0.4623688757419586,0.7998526692390442,41.25880591149543,42.72777526497326,19.489677988698695,15.7866375749622
shakespeare_sonnets,Sonnet CXLIII,92.76648712158203,0.015635186806321144,-0.4500577449798584,0.850430428981781,15.2977830881754,40.74684479152735,11.782624836440359,16.456788607769525
shakespeare_sonnets,Sonnet XXX,113.71830749511719,0.011634258553385735,-0.4214605987071991,0.7897615432739258,12.728577419861411,29.17191605685913,10.457849006950614,17.796186816601903
shakespeare_sonnets,Sonnet C,107.99254608154297,0.017055563628673553,-0.4623318910598755,0.8086384534835815,26.70671517805848,24.77016634126191,9.804844206297565,8.654271255249036
shakespeare_sonnets,Sonnet XCIV,106.36954498291016,0.023525124415755272,-0.427901953458786,0.8076172471046448,9.723335135919807,28.515835921822124,36.90703672815412,10.674315751563729
shakespeare_sonnets,Sonnet LXXXV,122.26861572265625,0.02325044572353363,-0.4149937629699707,0.8230752348899841,15.251509088297283,22.593454612974654,10.696486292391139,8.928637054479498
shakespeare_sonnets,Sonnet CXIV,125.4762954711914,0.016935765743255615,-0.4351992905139923,0.7884640693664551,13.245838935195728,71.17251506939972,13.518032796852808,21.827045277015966
shakespeare_sonnets,Sonnet CVII,135.56333923339844,0.019467100501060486,-0.4297039210796356,0.7751157283782959,15.94522158518113,23.047301812113112,9.113907478525675,14.394250124130677
shakespeare_sonnets,Sonnet LXX,115.37873077392578,0.021430743858218193,-0.42167940735816956,0.8051730394363403,15.729808954821344,15.537859043300323,11.07888959056771,12.17458904485531
shakespeare_sonnets,Sonnet CXXX,101.8711929321289,0.009816977195441723,-0.48447203636169434,0.769949734210968,,15.542202279311796,13.658297141911145,13.811901108417066
shakespeare_sonnets,Sonnet VIII,133.40847778320312,0.011047773994505405,-0.4076977074146271,0.8101301193237305,37.54569718482958,26.283915287935393,13.539343622354782,11.988974289699524
shakespeare_plays,complete_works@4159573,116.85038757324219,0.019624415785074234,-0.41857537627220154,0.8269957304000854,8.227718512147748,12.31255585148592,7.999376866564678,10.040336315715495
shakespeare_plays,complete_works@3183183,117.96244812011719,0.017102565616369247,-0.4236111342906952,0.8688910603523254,9.35878905549625,12.834542399958991,6.473931094144035,13.415631876678479
shakespeare_plays,complete_works@2553493,127.34407806396484,0.014344784431159496,-0.4225205183029175,0.7973820567131042,14.302313906211761,11.917680474955006,11.337179449692892,12.705963367229039
shakespeare_plays,complete_works@3534963,126.92960357666016,0.021469300612807274,-0.4242016077041626,0.8353289365768433,27.299391678174153,25.172561642022952,103.2800673544212,12.377045811284674
shakespeare_plays,complete_works@1986597,134.71617126464844,0.013737090863287449,-0.3620743751525879,0.878872811794281,16.128758273958574,9.128786299473486,7.782855082278639,7.375796118459324
shakespeare_plays,complete_works@1917618,101.9749755859375,0.017218705266714096,-0.44257572293281555,0.8249243497848511,14.04935163436361,11.64997748722655,7.825616159149714,12.48141783333634
shakespeare_plays,complete_works@4292279,125.2781982421875,0.017318695783615112,-0.44132113456726074,0.784635066986084,16.902806616006963,14.042495084878365,49.23603072944065,12.370227015605014
shakespeare_plays,complete_works@75121,141.08497619628906,0.009369541890919209,-0.4265877306461334,0.9007418155670166,37.20812605766068,9.662957255130262,9.143986688818101,15.815581874155002
shakespeare_plays,complete_works@4812349,145.45201110839844,0.017643893137574196,-0.35931646823883057,0.8988587856292725,8.88332005393431,9.148937094077981,6.955198361133705,8.617389109630498
shakespeare_plays,complete_works@3251333,111.30001831054688,0.014476091600954533,-0.44007954001426697,0.7897595167160034,65.74234317916245,11.880939129026663,14.748835411538096,10.60909476833918
shakespeare_plays,complete_works@384319,131.6594696044922,0.011173778213560581,-0.40462684631347656,0.8641076683998108,10.829134078005527,23.939708530188184,9.90887886975573,9.64370339022831
shakespeare_plays,complete_works@4324249,162.41641235351562,0.01199457235634327,-0.3679563105106354,0.8985009789466858,8.153923143728306,9.291181278470823,8.572568031721783,10.770586124166524
shakespeare_plays,complete_works@3436341,103.56304168701172,0.015301463194191456,-0.47704818844795227,0.8637091517448425,7.865287797341434,16.67461366816973,13.094476161543081,11.60340258607326
shakespeare_plays,complete_works@1178125,161.43482971191406,0.016255231574177742,-0.3592440187931061,0.809242844581604,10.126810115215498,27.87040514184169,13.612302612705003,10.376156494170138
shakespeare_plays,complete_works@4379559,150.97068786621094,0.013431468047201633,-0.38326144218444824,0.8255392909049988,30.263093371141522,15.347058210254197,11.115190597406173,10.6979848423729
shakespeare_plays,complete_works@3317159,112.29561614990234,0.01702384278178215,-0.4631877541542053,0.7905452251434326,12.901376189412897,26.52771961357417,17.081543816880444,20.065064261805844
shakespeare_plays,complete_works@4956491,103.16168212890625,0.011781659908592701,-0.41127458214759827,0.7956216335296631,55.84950070325864,18.67804831572804,22.755880094952396,29.24847134830248
shakespeare_plays,complete_works@1439766,136.25897216796875,0.012664652429521084,-0.3639324903488159,0.9163989424705505,18.295142131486845,21.050988411321192,15.26726192779955,9.466878916710403
shakespeare_plays,complete_works@3035677,140.52349853515625,0.011564487591385841,-0.4061151146888733,0.7914160490036011,12.474427359072646,8.428208077412254,8.160166322278368,7.836460692434718
shakespeare_plays,complete_works@4297566,129.0058135986328,0.012065709568560123,-0.4232946038246155,0.7862430810928345,15.706503391761366,30.69594141572145,22.270145723444998,10.379842187298742
shakespeare_plays,complete_works@3726208,147.15460205078125,0.013471310026943684,-0.358293354511261,0.8879594802856445,17.59971830896064,7.730135229180138,6.118789991924899,7.677164158029663
shakespeare_plays,complete_works@3723868,118.05473327636719,0.01250164769589901,-0.42599189281463623,0.8814396262168884,12.42568397823623,16.933416360402568,11.410859071482262,10.455747819207263
shakespeare_plays,complete_works@3501721,132.69815063476562,0.00905214250087738,-0.4528835415840149,0.8275985717773438,31.672479014495167,10.518571200177341,14.851834574369459,10.377934585802825
shakespeare_plays,complete_works@3428820,122.91169738769531,0.01797908917069435,-0.4581451416015625,0.8043078184127808,31.549970043901965,18.91480230612529,22.079283247945803,9.905498366826162
shakespeare_plays,complete_works@1019132,134.0381317138672,0.020281216129660606,-0.379203200340271,0.865792453289032,10.310530608534869,19.347643019232898,10.959083911163367,7.307310431337167
shakespeare_plays,complete_works@4096092,104.31917572021484,0.013506696559488773,-0.4285413324832916,0.9508030414581299,19.745079410014633,27.827608719276412,8.296276851760682,6.947230528928404
shakespeare_plays,complete_works@3675250,139.43399047851562,0.010115810669958591,-0.39206138253211975,0.9036667943000793,31.797205021764807,11.306195938655577,12.24812348648084,7.718732955712111
shakespeare_plays,complete_works@1525749,141.5915985107422,0.011026740074157715,-0.431598424911499,0.8701687455177307,13.785181257055719,7.322968588319282,11.485564876797945,8.206907352391223
shakespeare_plays,complete_works@2261632,134.4600372314453,0.022463077679276466,-0.4381677210330963,0.8598281145095825,12.939978056618983,11.406828039155391,9.209416682621224,8.09636849923983
shakespeare_plays,complete_works@4847261,125.94989776611328,0.01414779294282198,-0.4176872968673706,0.8938739895820618,11.492007371474422,35.88103210558122,11.793531303270466,11.255853213983912
shakespeare_plays,complete_works@1368615,156.83905029296875,0.009246150963008404,-0.4099472165107727,0.8424617052078247,97.4837705804301,11.266123008783861,9.872225716138619,8.454413499164314
shakespeare_plays,complete_works@4344906,130.86814880371094,0.028805429115891457,-0.3745253384113312,0.9714479446411133,12.827030490280642,7.0261285642602935,8.056765085701972,8.584112921288535
shakespeare_plays,complete_works@2540867,123.28038024902344,0.01068329531699419,-0.4613666236400604,0.8306244611740112,19.327967797289915,15.919476502423421,8.830480065718731,12.964144525505246
shakespeare_plays,complete_works@2776792,126.15259552001953,0.02050950936973095,-0.4310406744480133,0.8228429555892944,21.39722528536634,19.561252624134966,10.271561960275067,14.74020413723964
shakespeare_plays,complete_works@897237,102.1107177734375,0.011475877836346626,-0.4737686216831207,0.8376642465591431,24.656245668917418,26.70984107011253,11.419334863940552,21.643738275681088
shakespeare_plays,complete_works@4717493,133.5386199951172,0.020595086738467216,-0.46297600865364075,0.8191582560539246,9.972373049340735,13.530064760488083,10.901340294948566,10.974979818062286
shakespeare_plays,complete_works@2860014,99.79666137695312,0.01815592683851719,-0.4075889587402344,0.8309987187385559,10.314216127380632,109.26315297448113,13.654911747958181,9.101784529055127
shakespeare_plays,complete_works@2451828,151.84254455566406,0.013053241185843945,-0.38215675950050354,0.8555208444595337,12.233226804190306,19.019107574385632,8.622210706868785,8.001090130074894
shakespeare_plays,complete_works@2703762,139.00140380859375,0.00967388041317463,-0.4234033226966858,0.881708562374115,3237.172444078386,11.703681700011208,14.275533929595612,7.26399720095926
shakespeare_plays,complete_works@3871713,160.23818969726562,0.008151582442224026,-0.4178406000137329,0.7905080318450928,17.489542608078033,11.512755943484565,9.055902859033072,9.001863819798642
shakespeare_plays,complete_works@3902756,113.2727279663086,0.027412215247750282,-0.43647825717926025,0.8665741086006165,20.465003800741552,33.27186669101437,12.874267515358842,11.224823016012696
shakespeare_plays,complete_works@4547516,131.09890747070312,0.01710069179534912,-0.4101391136646271,0.8482517600059509,8.257501915338723,11.581130830710322,7.962301780738528,7.382070168087649
shakespeare_plays,complete_works@609072,144.02960205078125,0.011393137276172638,-0.42089322209358215,0.7779062986373901,27.226545760114778,18.524244508937162,9.151184505421284,13.013348669785325
shakespeare_plays,complete_works@4755746,130.19898986816406,0.014994082041084766,-0.4156300723552704,0.86155766248703,12.893848260141132,18.93413336083914,11.950366459390844,11.557861895516027
shakespeare_plays,complete_works@3084026,110.98749542236328,0.011599786579608917,-0.37752681970596313,0.8760421872138977,13.387454565529008,12.517520019807762,9.686914530884906,9.231139012758412
shakespeare_plays,complete_works@1926425,109.70143127441406,0.020671449601650238,-0.44911542534828186,0.823433518409729,19.432306053403643,114.84134868304349,11.455342249991965,21.24689249478807
shakespeare_plays,complete_works@4548177,113.28729248046875,0.016831617802381516,-0.4259120225906372,0.8637768030166626,11.567448697500108,12.401086412967068,8.353291722851203,7.771174107883343
shakespeare_plays,complete_works@4968283,115.05912017822266,0.012552880682051182,-0.40779536962509155,0.7840016484260559,13.79328891668801,24.017863162104163,10.432737665220053,24.018445757861436
shakespeare_plays,complete_works@3516561,128.25318908691406,0.01832626946270466,-0.41641977429389954,0.8275657296180725,80.60858901534395,80.87176189252584,15.661945103124522,17.55643258917595
shakespeare_plays,complete_works@634832,113.12327575683594,0.018437769263982773,-0.4007582366466522,0.855398416519165,11.730967862281666,18.180294616188952,23.57466823701627,15.038595548223483
shakespeare_plays,complete_works@3739176,125.9620361328125,0.02217610366642475,-0.3763376474380493,0.9174466133117676,701.8958340902667,10.114233236978224,6.320159595768017,12.524595660519426
shakespeare_plays,complete_works@759900,149.42205810546875,0.01743924804031849,-0.441770076751709,0.8366652727127075,14.20752856848233,10.020557748687045,8.973283304935624,14.274795932080451
shakespeare_plays,complete_works@206933,123.8116683959961,0.015110844746232033,-0.4053969085216522,0.8494784235954285,32.378486761338934,10.408017586507597,21.581775251695962,12.235381533576618
shakespeare_plays,complete_works@2081487,118.25894927978516,0.01934289000928402,-0.4439776539802551,0.8130592703819275,39.17727368213062,11.325507484858532,9.269452523372529,11.056703098085578
shakespeare_plays,complete_works@4450490,108.17093658447266,0.015917977318167686,-0.41820645332336426,0.8639005422592163,8.837026144390693,23.732999159177908,9.168239157240343,15.890635365117483
shakespeare_plays,complete_works@1300524,97.6327133178711,0.02262425795197487,-0.4368898570537567,0.8991643190383911,25.578715358785566,18.08693187628448,9.312572854215507,15.935511872349721
shakespeare_plays,complete_works@3098644,150.7846221923828,0.011013020761311054,-0.40924322605133057,0.821942150592804,21.282661711827462,13.414906733039535,11.906671942007893,10.36013947888078
shakespeare_plays,complete_works@4200769,132.16580200195312,0.01645401306450367,-0.42452186346054077,0.8185114860534668,22.135390188483992,18.180889236495666,18.752875243975836,10.214748246476343
shakespeare_plays,complete_works@2178233,126.51042175292969,0.024492396041750908,-0.39329612255096436,0.8215315341949463,39.824185095159514,28.15913902327553,14.14780736259442,18.32186636668417
shakespeare_plays,complete_works@1572364,124.36579132080078,0.016598626971244812,-0.4191317558288574,0.8245837092399597,16.040357233930248,12.719381011979376,9.481893879775528,11.18091186381067
shakespeare_plays,complete_works@4737359,114.64155578613281,0.021357223391532898,-0.45940619707107544,0.8110568523406982,28.578184397454294,18.431077119269293,8.671987206276569,23.51294584197423
shakespeare_plays,complete_works@4571641,174.24627685546875,0.009939162991940975,-0.3306145668029785,0.834288477897644,6.858407858390244,8.11356646384776,6.762546153690029,9.138075466721265
shakespeare_plays,complete_works@3647991,139.73976135253906,0.01678154245018959,-0.4003414213657379,0.8700165748596191,18.817087013449964,13.322215332311817,7.6736859201208585,8.006862222297974
shakespeare_plays,complete_works@4020501,125.39251708984375,0.016201728954911232,-0.4281046390533447,0.8033098578453064,9.352862632912107,20.153014717631557,8.316383509034054,14.647817132981976
shakespeare_plays,complete_works@1726047,148.47898864746094,0.01598772592842579,-0.3738466203212738,0.8314949870109558,15.623704139527241,13.102363857999373,10.336169274052596,20.02695183596115
shakespeare_plays,complete_works@2610836,119.1632080078125,0.01895790733397007,-0.4353383183479309,0.8084224462509155,44.531028173518266,13.484498034130526,15.59862079099839,16.37975867875754
shakespeare_plays,complete_works@3673866,149.15963745117188,0.009126806631684303,-0.4245569109916687,0.8023056983947754,18.929490221004592,15.721769790031324,12.396452086181926,8.384990252946322
shakespeare_plays,complete_works@1348138,117.12518310546875,0.011499490588903427,-0.3832261860370636,0.9507157802581787,17.132630759565554,24.52421942641402,12.775174452209836,22.351048468101844
shakespeare_plays,complete_works@1959807,140.5417022705078,0.01141395140439272,-0.4186289608478546,0.8160838484764099,7.612616468487537,14.9879584301315,18.853392783609856,12.105729804951565
shakespeare_plays,complete_works@4470268,128.46951293945312,0.011906682513654232,-0.4337106943130493,0.7926451563835144,24.47669566712177,14.662016786712078,16.396531540659076,13.001341863404825
shakespeare_plays,complete_works@2605425,128.57867431640625,0.010934398509562016,-0.4330345690250397,0.797163724899292,584.6038512116537,16.393903449464666,14.188931309061147,14.484393313804581
shakespeare_plays,complete_works@2930205,108.19026184082031,0.015246099792420864,-0.40802088379859924,0.8778311014175415,12.241559589206581,9.169917955546127,9.842144915860196,12.931974166210363
shakespeare_plays,complete_works@466259,145.59368896484375,0.01753482222557068,-0.39842256903648376,0.8683202862739563,15.011468820658374,9.320838986406335,6.305221840760746,10.08761879440432
shakespeare_plays,complete_works@4591838,124.59392547607422,0.01859355717897415,-0.42816317081451416,0.8505170941352844,12.06276117795234,16.426371546282994,12.045956443940533,10.103763550784748
shakespeare_plays,complete_works@4834874,115.4002914428711,0.02319609560072422,-0.3790695071220398,0.8821591138839722,13.436612659733614,11.123810570922252,9.872347755397708,18.11319717018001
shakespeare_plays,complete_works@456070,145.93988037109375,0.01777144894003868,-0.3942355811595917,0.8545017242431641,22.066342593908725,12.602127968909674,9.321224072350894,18.00535112135075
shakespeare_plays,complete_works@895249,148.3168182373047,0.015942322090268135,-0.44970643520355225,0.8070070743560791,42.36051409279622,15.304501949594709,11.61326641403521,9.993944913879139
shakespeare_plays,complete_works@1785829,117.6238784790039,0.017006924375891685,-0.4164016544818878,0.9872847199440002,16.104847956169003,12.56362701687619,6.209775552268081,5.979849331304656
shakespeare_plays,complete_works@5090884,139.99667358398438,0.022551657631993294,-0.3622375428676605,0.8139127492904663,12.128712278824144,11.730189031271305,8.061888603802853,7.170688062166571
shakespeare_plays,complete_works@4944250,122.55793762207031,0.01327452715486288,-0.4754987061023712,0.810347855091095,70.69114109487347,16.26084771994227,11.743019216924445,10.711366497165855
baudelaire,LE GOUFFRE,164.35972595214844,0.01329716295003891,-0.4503750801086426,0.763566792011261,14.843534655405412,17.70850230449249,9.677236128577169,9.317793950946225
baudelaire,DESSIN D'UN MAITRE INCONNU,181.04754638671875,0.009976660832762718,-0.42202994227409363,0.7471856474876404,11.800228757528942,18.226669328660357,13.22658000252422,11.848916739865812
baudelaire,BOHEMIENS EN VOYAGE,187.58033752441406,0.011922602541744709,-0.398508757352829,0.7353368401527405,17.26345410512353,13.0709018781499,15.29626184596785,16.517205485986132
baudelaire,LE REBELLE,180.51341247558594,0.009312115609645844,-0.4670773446559906,0.729966402053833,13.954133171768426,18.06532615514582,14.152099588486077,10.258020963903554
baudelaire,L'ENNEMI,155.09593200683594,0.011892148293554783,-0.40272027254104614,0.778480052947998,24.836860402161427,16.956343463619913,17.611146567166145,11.082382409968936
baudelaire,HYMNE A LA BEAUTE,183.34954833984375,0.013829232193529606,-0.41723522543907166,0.7306740283966064,85.62862489584577,11.874420323205161,23.759774940970814,11.24902481860471
baudelaire,LA LUNE OFFENSEE,191.30633544921875,0.013470434583723545,-0.4496377408504486,0.7275308966636658,13.91013450011536,21.77578993237489,18.550357045739453,15.824362814869518
baudelaire,LA MUSIQUE,183.942138671875,0.010402413085103035,-0.42128536105155945,0.751682460308075,8.701777276836959,43.87815280448744,16.56498288492257,10.51651023460524
baudelaire,LE SOLEIL,171.41650390625,0.012635234743356705,-0.35986974835395813,0.7734102606773376,37.94359861531061,34.40002259869624,8.973062650120486,13.365404932850847
baudelaire,LE COUCHER DU SOLEIL ROMANTIQUE,180.12533569335938,0.007338392082601786,-0.38760700821876526,0.7597904801368713,25.054836688998265,14.60581254183305,12.969851157443316,12.853416016177214
baudelaire,L'HOMME ET LA MER,155.0455780029297,0.009707363322377205,-0.39465761184692383,0.7644820809364319,15.99369332957386,11.380313545459643,125.44112771203496,15.541167464415416
baudelaire,BRUMES ET PLUIES,195.18240356445312,0.013755789957940578,-0.41903162002563477,0.7583438158035278,10.671287323990539,17.7935082042011,9.383838038875849,11.542636734695286
baudelaire,DON JUAN AUX ENFERS,183.4560089111328,0.009153947234153748,-0.42338964343070984,0.7282681465148926,21.41574697212436,249.23550942172946,11.546452586228522,43.839516659797845
baudelaire,LES LITANIES DE SATAN,168.2876434326172,0.011407646350562572,-0.45800134539604187,0.7493283152580261,15.137045602122948,13.917217747360802,10.997522055895757,12.52208660704748
baudelaire,LESBOS,179.23599243164062,0.013838057406246662,-0.44998183846473694,0.7382967472076416,15.095185662543834,12.665703610229965,12.609415053442618,14.117593601524504
baudelaire,LE POSSEDE,182.51473999023438,0.005619326140731573,-0.44544926285743713,0.7271228432655334,12.351669359870728,14.223035378509909,15.217984378970232,12.35194110481454
baudelaire,LA MORT DES AMANTS,186.70111083984375,0.009602226316928864,-0.3832218050956726,0.768756091594696,20.81285332372248,15.629691741208436,11.275995700139525,13.364412702019266
baudelaire,LE JET D'EAU,206.56185913085938,0.006690048146992922,-0.40722355246543884,0.7423012852668762,14.056052840898758,12.975522303831529,8.76162759978649,9.544906432906352
baudelaire,LA VOIX,174.02532958984375,0.017636176198720932,-0.4204103350639343,0.7413290739059448,24.821350179989345,20.436499884624013,10.723137992547109,12.981514986135998
baudelaire,A UNE MENDIANTE ROUSSE,158.06443786621094,0.0104597806930542,-0.383228600025177,0.7605326175689697,18.73016254582204,25.32743857386844,10.828088609487047,39.403362433557625
baudelaire,L'ALBATROS,175.47964477539062,0.010865513235330582,-0.40528398752212524,0.7516424655914307,15.526791421723502,15.497156259286232,13.402810778648487,19.242722285650473
baudelaire,L'HORLOGE,175.91494750976562,0.006048810668289661,-0.40687087178230286,0.7467717528343201,14.987441751698107,27.38172548060329,20.801798412342418,9.942273296072258
baudelaire,A MAXIME DU CAMP,173.9700469970703,0.012102088890969753,-0.3747851550579071,0.7560880780220032,16.142844514704827,15.079923732365787,13.761464155300871,7.30716264754591
baudelaire,UN VOYAGE A CYTHERE,170.20701599121094,0.011028063483536243,-0.44626015424728394,0.7321574091911316,19.138992443330114,21.727950404232217,12.372050458326331,12.588698378419693
baudelaire,LE VIN DE L'ASSASSIN,175.59671020507812,0.013062279671430588,-0.42003342509269714,0.7793734073638916,36.17626561254691,10.666318923312305,7.938415828098504,10.942234873047235
baudelaire,L'IRREPARABLE,166.77059936523438,0.009580102749168873,-0.43845316767692566,0.764924168586731,483.4181038357533,16.48023175951056,12.35929140940566,19.57292578506101
baudelaire,A. J. G. F.,176.7593994140625,0.008649522438645363,-0.43616315722465515,0.7325608730316162,17.826790529406374,32.94989350937908,12.480682746926956,12.217631048933882
baudelaire,L'IRREMEDIABLE,192.7738037109375,0.011393086053431034,-0.4348204433917999,0.735765278339386,14.306300997006772,12.687786525141986,14.439708261162504,11.836219557297964
baudelaire,A CELLE QUI EST TROP GAIE,174.58966064453125,0.011349274776875973,-0.3965502083301544,0.7562985420227051,31.60827019336754,16.51431252423569,12.233749880613221,11.694462016669842
baudelaire,VIII,180.2049560546875,0.012956119142472744,-0.36587226390838623,0.7631478309631348,28.924249206374654,22.52105295749876,12.55158152363315,10.507321997371609
baudelaire,LE CREPUSCULE DU SOIR,166.97186279296875,0.012718475423753262,-0.4190647006034851,0.7763479351997375,10.583755228008688,15.279538556319103,18.89990184417156,11.544454625141977
baudelaire,FEMMES DAMNEES,193.294677734375,0.013500428758561611,-0.4201788604259491,0.7250427603721619,71.98482116826032,27.280032801505854,19.294212867181663,13.982135993796778
baudelaire,A ERNEST CHRISTOPHE,182.00111389160156,0.011061021126806736,-0.40180906653404236,0.7338289022445679,17.3376971007266,53.863919898712055,14.87763059601377,11.084222351649323
baudelaire,A UNE PASSANTE,161.1754150390625,0.01428750716149807,-0.36835429072380066,0.7928072214126587,13.12743799131467,16.788891923764787,11.534020725594921,8.643766333754936
baudelaire,LE PARFUM,192.7935333251953,0.013259314000606537,-0.42024481296539307,0.7469016313552856,159.35610761800245,14.988293341201896,14.446687055383741,12.362292270126746
baudelaire,L'IDEAL,168.3920440673828,0.008243569172918797,-0.39905112981796265,0.7694103121757507,7.3196699319424345,29.22711992021035,14.789034684683605,17.766147385046047
baudelaire,A UNE MALABARAISE,202.0636444091797,0.011494012549519539,-0.3599773645401001,0.7465425133705139,25.162556476277626,9.695547806198201,12.051772509927238,25.82500439633715
baudelaire,LE BALCON,183.3042755126953,0.008546042256057262,-0.40743088722229004,0.7755125164985657,25.42772412827962,15.458517180006897,13.483949981076414,11.563696663167232
baudelaire,L'IMPREVU,140.60101318359375,0.013461821712553501,-0.40412458777427673,0.8113687634468079,75.3482398966194,16.5077983585928,15.478666555150218,17.998113696926854
baudelaire,LES DEUX BONNES SOEURS,186.7009735107422,0.00903228484094143,-0.43432292342185974,0.7340344190597534,39.521800577468426,60.534713700728446,13.586414621252237,19.237680811759347
baudelaire,LE VAMPIRE,144.70082092285156,0.01495919656008482,-0.42075201869010925,0.7495682835578918,14.568008007764087,14.499118178362487,18.19183881950525,8.320925859637093
baudelaire,CAUSERIE,176.22622680664062,0.007974151521921158,-0.42881351709365845,0.7183111906051636,28.84572542928644,12.912570792670987,19.588740467229755,14.086598179241722
baudelaire,LE VIN DES AMANTS,194.00155639648438,0.008725880645215511,-0.4029955565929413,0.7251129150390625,11.017103978238168,47.10571496132475,21.606523610184077,11.506527656820676
baudelaire,LES PLAINTES D'UN ICARE,168.96531677246094,0.014164232648909092,-0.39448633790016174,0.7703607082366943,63.96653510489945,9.037020624035733,13.688708079230125,11.782647104428294
baudelaire,LE CADRE,174.23834228515625,0.00959865190088749,-0.4540402591228485,0.7150617837905884,11.768838802940701,39.338402050343795,17.608167307488245,12.97966590792803
baudelaire,LE FLACON,198.88563537597656,0.0139206163585186,-0.433392196893692,0.7299498915672302,19.602493635554207,63.77129159573844,11.840010575829954,18.250280931068215
baudelaire,LE VIN DU SOLITAIRE,180.51075744628906,0.011949816718697548,-0.41244596242904663,0.7619107961654663,12.192725515608245,10.83416302298908,15.985767488221509,11.191256634498641
baudelaire,LE LETHE,186.56500244140625,0.009122973307967186,-0.3955051898956299,0.7508418560028076,58.445298772568876,16.51487744490553,16.22431724673672,15.688940851618426
baudelaire,ABEL ET CAÏN,183.25827026367188,0.010544977150857449,-0.40167567133903503,0.7444937229156494,40.659046387418684,26.582325091312008,10.145292661956278,10.77051898955958
baudelaire,LES METAMORPHOSES DU VAMPIRE,155.39859008789062,0.010126003995537758,-0.3864343762397766,0.7650017142295837,14.875598349256954,18.777105316154127,16.008018531837482,11.881240874516585
baudelaire,LE REVENANT,175.25177001953125,0.010525813326239586,-0.4410036504268646,0.7174075841903687,49.800271832372566,33.8497859003378,15.127912933226993,9.659617184691195
baudelaire,ELEVATION,187.6264190673828,0.010917152278125286,-0.3821936547756195,0.7332761883735657,15.755895833677645,14.603211240523626,10.202471197237001,10.758819723377645
baudelaire,HYMNE,170.01300048828125,0.015500929206609726,-0.3904063403606415,0.7791849374771118,16.10053305349582,14.604553205203068,9.845327549585118,13.278753732145777
baudelaire,LA VIE ANTERIEURE,183.9021759033203,0.013728408142924309,-0.40591683983802795,0.7605374455451965,14.710489919796618,19.704447674496603,17.999740981721317,13.158416413669112
baudelaire,L'AMOUR DU MENSONGE,198.10491943359375,0.009103015065193176,-0.41786739230155945,0.7474774718284607,10.906016305686155,12.91216577292175,14.467134274907103,11.53626963040591
baudelaire,STATUE ALLÉGORIQUE DANS LE GOUT DE LA RENAISSANCE,187.79342651367188,0.008989935740828514,-0.3789856433868408,0.7595821022987366,13.223576383194033,15.156969556521943,13.566279257610915,13.528191296725101
baudelaire,A UNE DAME CREOLE,173.38352966308594,0.013057233765721321,-0.4029432535171509,0.7586945295333862,56.9228555893028,14.70848970998539,13.794824966958695,12.3100429914448
baudelaire,TOUT ENTIERE,161.8738250732422,0.012086557224392891,-0.3890329599380493,0.7771655917167664,16.485642203112196,47.745973102953236,23.951941560057755,16.076298441582203
baudelaire,LE BEAU NAVIRE,192.2748260498047,0.009665640071034431,-0.4711846113204956,0.7263274788856506,24.245241371167367,13.880690637210767,42.2934720324261,15.574841292674936
baudelaire,SISINA,191.0696258544922,0.00909845344722271,-0.4176109731197357,0.7402693629264832,16.469867036369678,19.356641066885512,10.109211504739154,18.0060002233255
baudelaire,CHANSON D'APRES-MIDI,179.3079376220703,0.009847205132246017,-0.37184056639671326,0.7480427622795105,10.223656900556339,19.00903004739957,10.631449613520303,19.46826298555899
baudelaire,CHATIMENT DE L'ORGUEIL,171.8528289794922,0.016796991229057312,-0.4364403188228607,0.7490866780281067,13.565019661144575,52.95454117459913,13.245311997865848,13.383427909183338
baudelaire,III,189.17501831054688,0.012869776226580143,-0.3668377101421356,0.772419810295105,112.79153780592958,25.270158394302268,16.32821745055203,11.626380599420283
baudelaire,CONFESSION,161.35374450683594,0.013987330719828606,-0.399422824382782,0.7659986019134521,26.991996155457315,21.47726106335863,17.369684378413954,10.08577009434388
baudelaire,L'AME DU VIN,184.8754119873047,0.009856456890702248,-0.39754894375801086,0.7561051249504089,38.31965381784601,11.9216848737208,15.37947083867693,14.976679569194154
baudelaire,BENEDICTION,160.27308654785156,0.014518949203193188,-0.4075935482978821,0.7674055099487305,41.738116142960706,16.622478948672814,12.88288033277173,15.564376819479739
baudelaire,L'AVERTISSEUR,178.0253143310547,0.008862421847879887,-0.4356992542743683,0.7399424314498901,26.01887592901357,15.568918109829823,10.318804932267751,12.64382617898504
baudelaire,MADRIGAL TRISTE,181.4949951171875,0.009573700837790966,-0.44892585277557373,0.7376903295516968,12.189468435786141,8.666628980335371,19.439139991220443,17.33117826272838
baudelaire,SEMPER EADEM,164.2268829345703,0.008899611420929432,-0.41870009899139404,0.7529222965240479,16.88403639972213,20.317137635177453,12.650769293592123,10.169954220871773
baudelaire,LA CLOCHE FELEE,184.2216033935547,0.013428437523543835,-0.4651222229003906,0.7494871616363525,38.88497714616085,24.943023364724542,10.649701980117527,16.547555304070624
baudelaire,A VICTOR HUGO,171.69439697265625,0.007622639648616314,-0.4026513993740082,0.7469221949577332,26.97727177144842,20.82776961622192,18.75681583160165,13.0363237764026
baudelaire,LA MUSE VENALE,176.0156707763672,0.015326738357543945,-0.4576164186000824,0.7389668822288513,14.588804988081668,15.72407193512565,13.121465102131001,11.6592853183616
baudelaire,LES TÉNÈBRES,176.12496948242188,0.016189808025956154,-0.38214635848999023,0.7599981427192688,17.869354372391584,20.13727687876965,19.966444596055737,9.607227248854509
baudelaire,LE CHAT,183.66746520996094,0.00944916345179081,-0.4539552628993988,0.7277601361274719,17.998886910868716,13.40631439707749,14.880231531722893,15.546054060157566
baudelaire,SED NON SATIATA,178.63223266601562,0.00707350205630064,-0.4340827763080597,0.7376000881195068,14.046805054724633,9.013311890187996,10.67275060201724,11.477988917290629
baudelaire,LE COUVERCLE,177.14645385742188,0.015495533123612404,-0.41660723090171814,0.7618535757064819,18.71353436933313,17.39632742385997,14.43049476985798,23.165730977466296
baudelaire,LA PIPE,159.30441284179688,0.009270254522562027,-0.4278325140476227,0.7449320554733276,31.84684703064494,12.69904034219794,11.356639319621877,13.178633382537495
baudelaire,FEMMES DAMNEES,201.61911010742188,0.008496914058923721,-0.4286934733390808,0.7613219022750854,33.15435393713902,18.403591159094837,18.80905410905888,12.549700716274845
baudelaire,LE MORT JOYEUX,168.83981323242188,0.009845799766480923,-0.46620553731918335,0.7220786809921265,8.701543684428238,12.391760073818457,10.962807730750326,26.249748259773412
baudelaire,LA BEAUTE,167.85240173339844,0.013750923797488213,-0.4182543158531189,0.7517201900482178,41.592286896618916,10.237847471407001,20.167602037643533,12.539824187130964
mallarme,« Sur les bois oubliés quand passe l’hiver sombre »,195.73641967773438,0.010511765256524086,-0.42177167534828186,0.7563262581825256,13.261828166338331,14.036709631324461,15.270509806783522,14.98869321419187
mallarme,Angoisse,162.30526733398438,0.014547070488333702,-0.4142042100429535,0.7405893802642822,,42.34978674574394,7.532316845671846,15.08262115145644
mallarme,Aumône,189.86448669433594,0.010851966217160225,-0.4556557536125183,0.7315797805786133,20.001422966615024,15.317809061410852,11.114525619657584,11.882565051278796
mallarme,Renouveau,203.71885681152344,0.00945338699966669,-0.38285741209983826,0.7706749439239502,19.276229472842843,10.821531745791955,10.37518209532676,11.032302916016743
mallarme,Le Tombeau d’Edgar Poe,171.2836456298828,0.010015018284320831,-0.42799484729766846,0.7563721537590027,13.175472530740105,13.83212672778192,15.141714900888974,8.359358366578393
mallarme,« Victorieusement fui le suicide beau »,187.5029754638672,0.012488842010498047,-0.4071336090564728,0.7490333318710327,16.785071701547206,16.796093823231296,11.27366905272666,13.015170449603236
mallarme,Brise marine,190.00946044921875,0.011364775709807873,-0.3900492191314697,0.7284902930259705,22.904364867870818,18.124201856850185,9.907412002184426,18.923927624563778
mallarme,« Las de l’amer repos où ma paresse offense »,187.0625457763672,0.014329405501484871,-0.4221583902835846,0.7408136129379272,22.73496800073464,31.287789886803928,12.299851487302739,13.457206796179518
mallarme,"« Rien, au réveil, que vous n’ayez »",212.16885375976562,0.013970301486551762,-0.4162124991416931,0.7340657114982605,26.82261520984679,10.20471819482773,9.477598534151717,9.357640008029435
mallarme,« Une négresse par le démon secouée »,164.3831024169922,0.006270816549658775,-0.43194839358329773,0.7662982940673828,13.245883234780134,31.840321759306914,13.972463751499902,9.926494049416636
mallarme,Cantique de Saint Jean,194.7723388671875,0.018441978842020035,-0.4193509817123413,0.7610998153686523,27.749624021271472,12.87886425736864,14.170509462317579,27.812081324705574
mallarme,"« Le vierge, le vivace et le bel aujourd’hui »",197.1709442138672,0.009314261376857758,-0.4275965392589569,0.746979832649231,13.90405793579066,14.777102582073445,9.036740969816869,11.23074985432708
mallarme,Toast funèbre,148.0441131591797,0.012392483651638031,-0.42611414194107056,0.7702621221542358,15.505288355503907,89.97741765077917,17.736194530400496,25.27212729529041
mallarme,Prose,165.0268096923828,0.013227226212620735,-0.4317491054534912,0.7624039649963379,20.87235790773602,22.352820239617564,14.394875535550725,13.744189802305778
mallarme,Tristesse d’été,194.02232360839844,0.01464010588824749,-0.41549286246299744,0.7404977679252625,138.91852008715756,14.299989904629138,29.381647867449367,7.626952615843081
mallarme,« Le silence déjà funèbre d’une moire »,179.6016387939453,0.010050213895738125,-0.4031873345375061,0.7482750415802002,12.494108052243002,21.89984674562367,14.371097716828967,20.408754058007673
mallarme,Les Fenêtres,170.3120574951172,0.012341558933258057,-0.42383891344070435,0.7691775560379028,21.80593463224099,8.373882431926445,8.54597050517986,10.541793690104544
mallarme,Le Sonneur,170.8031005859375,0.00605403259396553,-0.4273678660392761,0.7374588251113892,19.775432275407297,20.802961816959645,25.467054354945265,12.26671464220276
mallarme,Tombeau de Verlaine,198.7554168701172,0.008164463564753532,-0.45061349868774414,0.7100124955177307,13.62587564171898,93.12419698043351,16.47266750823298,17.234151020865177
mallarme,Remémoration d’amis belges,190.03025817871094,0.007174814585596323,-0.47516930103302,0.7243152856826782,28.993492227083074,13.35513126835728,22.699947715327173,14.741669524144282
mallarme,L’Azur,184.06509399414062,0.009689677506685257,-0.4051438570022583,0.7484772801399231,488.36641286466335,26.040382301839358,9.9531256458056,13.609354686905764
mallarme,Les Fleurs,156.0057830810547,0.007945683784782887,-0.3975655436515808,0.7563312649726868,8.0271099819976,17.984153166412028,9.810717983972449,17.06980739422126
mallarme,« Quand l’ombre menaça de la fatale loi »,186.41224670410156,0.010972965508699417,-0.4522613286972046,0.7538060545921326,16.27014196221104,18.323673706897832,19.78745465331289,12.651542688697507
mallarme,Sainte,177.95407104492188,0.010256539098918438,-0.4115348160266876,0.7839686274528503,32.34793744107243,24.170925509104528,16.339934719161285,14.187031995566254
mallarme,L’Après-Midi d’un faune,187.1478729248047,0.01411780808120966,-0.40984106063842773,0.7500704526901245,21.139645294813427,28.76652116453185,9.113997415598542,15.186455289761039
mallarme,Placet futile,189.5006103515625,0.011940611526370049,-0.38031429052352905,0.7440922260284424,12.683455900605015,15.929168223418332,11.930229810672811,14.32690020115372
mallarme,Apparition,182.2875518798828,0.009666512720286846,-0.4272977113723755,0.7435677647590637,31.24047398694163,30.711894366644614,10.703918998880525,9.257327602422095
mallarme,Autre Éventail de mademoiselle Mallarmé,191.50546264648438,0.007851725444197655,-0.4417380392551422,0.7193143367767334,17.618521455469022,66.60936007756239,8.22594723957127,11.227437443192645
mallarme,« Dame sans trop d’ardeur à la fois enflammant »,147.43951416015625,0.01888243481516838,-0.3843989670276642,0.7946733236312866,69.9080601568102,16.121182033744585,11.938157988426774,15.481052599070658
mallarme,Le Tombeau de Charles Baudelaire,189.73719787597656,0.01225273683667183,-0.43553632497787476,0.7299206852912903,91.36593651439972,15.745861490055066,11.239162346632089,17.42309395777004
mallarme,« Ses purs ongles très haut dédiant leur onyx »,177.73269653320312,0.011448860168457031,-0.3922972083091736,0.7887193560600281,19.265649122065483,13.483345072386317,12.096154825618814,13.324622978953151
mallarme,Le Pitre châtié,190.39865112304688,0.010321012698113918,-0.4362161159515381,0.7236992120742798,13.205921489289734,16.485143991000577,13.517369271043918,12.021040744012348
mallarme,« La chevelure vol d’une flamme à l’extrême »,199.2541961669922,0.010549950413405895,-0.51621413230896,0.7046355605125427,16.42002767383008,20.413585811083355,28.6034663896821,10.059791274260785
mallarme,Hérodiade,162.78610229492188,0.016639938578009605,-0.45453712344169617,0.7670721411705017,60.06928199986152,21.664021675734194,12.326577126736945,13.480125595956185
mallarme,Don du poème,199.57186889648438,0.00940322782844305,-0.4177439212799072,0.7271065711975098,12.3399827520905,19.14422386138142,14.998390691181529,10.85796852791699
mallarme,Soupir,186.77732849121094,0.010435253381729126,-0.48247504234313965,0.7280330061912537,25.763677978568317,19.079636628152336,20.14247066603265,10.74936729967219
mallarme,"« Ô si chère de loin et proche et blanche, si »",153.87301635742188,0.013280190527439117,-0.4380246102809906,0.790156364440918,54.095163309582105,32.163817278986215,9.850567951806994,22.205582095360604
mallarme,« Surgi de la croupe et du bond »,210.00514221191406,0.012450186535716057,-0.44112950563430786,0.7544702887535095,23.247585245188997,120.39711906277293,21.077459488781866,12.119280887368157
mallarme,Le Guignon,171.9532012939453,0.015218457207083702,-0.3952547609806061,0.7739248871803284,15.345193083519302,14.334525062077905,11.415871145549957,8.610848499586886
mallarme,« Quelle soie aux baumes de temps »,178.40098571777344,0.01417364552617073,-0.4100264012813568,0.7579392194747925,13.874326783873874,19.348323153352297,13.873580540854697,15.733599875327577
mallarme,« Mes bouquins refermés sur le nom de Paphos »,170.19361877441406,0.009564418345689774,-0.38566070795059204,0.7857611775398254,10.997222305321635,17.44659118367041,11.76325098197496,10.2566220881477
beckett_fr,linnommable_fr@231040,165.4302215576172,0.01393607072532177,-0.39376598596572876,0.7628540992736816,14.591943811692593,11.781821231458895,17.36887955465884,7.802084465864957
beckett_fr,linnommable_fr@279109,143.1484375,0.017351822927594185,-0.4040297865867615,0.7785109281539917,21.137920291104223,11.412836290694724,12.35444804450122,8.453614920283822
beckett_fr,linnommable_fr@177491,151.8098602294922,0.016842998564243317,-0.4311692416667938,0.7530891299247742,18.6317743898548,16.30813118518762,12.19200095544285,14.59950048441011
beckett_fr,linnommable_fr@221352,176.8717498779297,0.007403294090181589,-0.38029012084007263,0.7691411375999451,9.253371456491339,9.495081666001592,10.086483248111186,7.197541237181369
beckett_fr,linnommable_fr@291878,135.58143615722656,0.010153223760426044,-0.39780089259147644,0.8359053134918213,13.20313284142524,7.974967287085862,5.62814810890433,9.028253316345104
beckett_fr,linnommable_fr@227850,142.38851928710938,0.011172310449182987,-0.41925910115242004,0.7627268433570862,17.897863899301207,14.087873728519437,10.987286799186757,7.485234144366191
beckett_fr,linnommable_fr@155438,157.94793701171875,0.009209489449858665,-0.42104825377464294,0.7473157644271851,45.911142138955725,24.208669845793786,16.483754261011004,11.262479876977526
beckett_fr,linnommable_fr@95671,141.68589782714844,0.016148420050740242,-0.41175854206085205,0.7821555733680725,15.951335494681675,17.684071016998747,8.46563865410438,9.81839947590575
beckett_fr,linnommable_fr@225324,171.88941955566406,0.01879424788057804,-0.4194874167442322,0.7669185996055603,10.070559138456558,11.857893385755416,9.027264008029686,14.383201633766017
beckett_fr,linnommable_fr@21594,148.96234130859375,0.016739705577492714,-0.37638118863105774,0.7963503003120422,89.15244988358403,25.507484398205385,16.203213150238014,11.904536189842052
beckett_fr,linnommable_fr@134807,181.75267028808594,0.006215688306838274,-0.4105890989303589,0.7486572861671448,31.784159997055283,16.210846364809996,13.841169170318155,9.166102239977032
beckett_fr,linnommable_fr@195800,133.8072967529297,0.01828167587518692,-0.40807458758354187,0.7774428725242615,19.292846280177173,13.964300606355998,7.768038837442569,11.744970463354074
beckett_fr,linnommable_fr@94302,163.62130737304688,0.014527651481330395,-0.40903282165527344,0.7386096119880676,11.714808615099741,10.663703266078038,8.465856653463305,9.662676968242906
beckett_fr,linnommable_fr@151470,151.58436584472656,0.012435195967555046,-0.4008271396160126,0.7940446734428406,9.110435466593525,23.812107272271867,18.277657307121686,12.191034576072276
beckett_fr,linnommable_fr@29854,132.48768615722656,0.015435424633324146,-0.41350480914115906,0.8006873726844788,17.503730352077234,15.607527790631067,17.70656464040885,10.344113839627841
beckett_fr,linnommable_fr@192902,154.30909729003906,0.011190504767000675,-0.38887107372283936,0.7690497636795044,9.631356040804487,11.226778001780646,8.63222975836712,9.606065370313662
beckett_fr,linnommable_fr@262787,157.0493927001953,0.008335202001035213,-0.4006815552711487,0.7699812650680542,17.479884374178926,12.740985013430532,9.706515036269971,8.650282325375196
beckett_fr,linnommable_fr@102410,142.00003051757812,0.01671133004128933,-0.4103817641735077,0.7754976153373718,20.97607021438606,15.71568756953059,13.14790565830521,15.383373958779018
beckett_fr,linnommable_fr@53382,147.6175079345703,0.008145599626004696,-0.4229181110858917,0.8010492920875549,25.18994147878248,14.042003018134013,17.60128750902727,13.361621762472527
beckett_fr,linnommable_fr@177198,177.3094024658203,0.00745355524122715,-0.38126713037490845,0.7972105741500854,14.829261916090967,10.694594480703014,18.242611509840152,8.711396484460145
beckett_fr,linnommable_fr@179591,183.99551391601562,0.011517200618982315,-0.4404712915420532,0.7202214598655701,17.916611860416516,15.143016944937022,8.67069593047455,13.026440639999466
beckett_fr,linnommable_fr@253315,150.9998016357422,0.01340108085423708,-0.4182548224925995,0.7897896766662598,53.49656335343248,18.123251151346302,17.428506144632188,23.62964392431334
beckett_fr,linnommable_fr@185585,144.11175537109375,0.01328036468476057,-0.42194664478302,0.7919958233833313,27.894505625211565,12.773889383195655,9.954470707698862,10.818800113178106
beckett_fr,linnommable_fr@250862,155.42550659179688,0.015360898338258266,-0.4259449541568756,0.761417806148529,12.866707147425586,14.506715726638834,10.996003010555594,7.253221761324118
beckett_fr,linnommable_fr@251005,134.3262939453125,0.00950093287974596,-0.42465537786483765,0.7994875311851501,21.365369121164427,13.168089419726686,9.1607373589929,8.66689745110249
beckett_fr,linnommable_fr@38486,136.26315307617188,0.010090320371091366,-0.44620996713638306,0.7547361254692078,8.146729978131178,11.333517156082214,14.523623915895076,11.527225868008166
beckett_fr,linnommable_fr@274581,140.1606903076172,0.007772761397063732,-0.39729610085487366,0.8056358098983765,25.354019757367276,15.672684686919798,12.610498691435968,8.520973239165695
beckett_fr,linnommable_fr@115452,177.87571716308594,0.007102712523192167,-0.4484495520591736,0.7261723279953003,11.128743392233694,8.907068042524902,9.63398444534096,8.108500424967815
beckett_fr,linnommable_fr@316155,122.96685791015625,0.016368424519896507,-0.4430369734764099,0.7582987546920776,7.908758556706591,17.593739248699748,9.997963617263958,8.386714976460384
beckett_fr,linnommable_fr@43456,170.1264190673828,0.013215997256338596,-0.38281434774398804,0.7993463277816772,8.145157455640362,13.98019843131466,16.697142176934094,10.460456820162701
beckett_fr,linnommable_fr@54414,146.14810180664062,0.01184824574738741,-0.42656731605529785,0.7523694634437561,43.022840646412114,38.014062971707745,13.162524594287659,11.0431934103085
beckett_fr,linnommable_fr@37260,132.26437377929688,0.01890445686876774,-0.39351075887680054,0.7900330424308777,28.077446114360868,22.064372282518598,10.255947348039712,7.783335798509395
beckett_fr,linnommable_fr@129444,160.55035400390625,0.016577236354351044,-0.41009682416915894,0.7518596649169922,140.41703048583767,7.760796348579998,13.382636783289264,12.483080234860426
beckett_fr,linnommable_fr@139752,163.462890625,0.009578666649758816,-0.38392117619514465,0.7856569886207581,21.026863443491745,15.596821911768746,11.571216951636917,11.910765823056682
beckett_fr,linnommable_fr@248717,152.2353973388672,0.00669980188831687,-0.4336232841014862,0.7272564768791199,14.046409926068204,21.11274003332103,10.385426558385682,8.74793180739845
beckett_fr,linnommable_fr@54577,142.9823760986328,0.009046459570527077,-0.3884616792201996,0.7675147652626038,33.97797006012873,11.091710327476095,10.785745976306254,16.936986098181546
beckett_fr,linnommable_fr@154428,150.77157592773438,0.012123255990445614,-0.3855438530445099,0.7868006229400635,26.543497736779173,13.556681610073792,11.247532753621746,11.13761087903326
beckett_fr,linnommable_fr@312320,129.48992919921875,0.010608757846057415,-0.4370572566986084,0.763331949710846,14.586406574186299,16.329921910145302,10.517066205116134,7.199552683662247
beckett_fr,linnommable_fr@12795,110.70779418945312,0.023570440709590912,-0.42083489894866943,0.8077632188796997,26.599453954237745,7.836605114097959,11.632651434782677,11.078936202571171
beckett_fr,linnommable_fr@187757,141.6100311279297,0.017142975702881813,-0.4480716586112976,0.7557389736175537,12.369517078946924,11.47570767893464,8.804515536025814,10.159414080604758
beckett_fr,linnommable_fr@102510,164.4722900390625,0.015932772308588028,-0.4176085889339447,0.7759884595870972,21.320157376101704,15.412190473062378,10.244290883417902,9.156941645965478
beckett_fr,linnommable_fr@104364,166.33985900878906,0.01363555621355772,-0.4491799473762512,0.7845064401626587,10.655092446905243,20.35244012985307,12.335367230756791,7.706109179498144
beckett_fr,linnommable_fr@265567,151.1278839111328,0.011615810915827751,-0.42686617374420166,0.7773482203483582,34.731386721954436,12.048862419958972,9.526915780024302,8.646279722754098
beckett_fr,linnommable_fr@182792,157.15907287597656,0.00731420423835516,-0.3713621199131012,0.8277018666267395,12.43603194377813,17.26086241256295,10.776470439926683,7.231266889313336
beckett_fr,linnommable_fr@261192,145.74386596679688,0.011821248568594456,-0.3873351216316223,0.78949373960495,41.54017974970515,14.393171848529578,8.067285226344968,8.387758880655525
beckett_fr,linnommable_fr@160198,143.65444946289062,0.007349724415689707,-0.3908517062664032,0.772618293762207,19.505972081443574,13.421318242111841,11.400462959250147,7.664778915381004
beckett_fr,linnommable_fr@306271,145.57740783691406,0.009006812237203121,-0.4305642247200012,0.758960485458374,16.803256950633227,12.329552033706934,8.596871299019664,9.487142198076278
beckett_fr,linnommable_fr@131123,176.48828125,0.00811099261045456,-0.4400515854358673,0.7480047941207886,24.950534016072233,15.256573312396604,9.824989333178745,11.841762485085571
beckett_fr,linnommable_fr@114098,183.27427673339844,0.005602595862001181,-0.39308667182922363,0.7650741934776306,12.723890342466195,14.266066828072699,10.754603844602538,13.757294037983392
beckett_fr,linnommable_fr@1704,164.1189727783203,0.007173322606831789,-0.39200475811958313,0.7918718457221985,,38.503739017835635,11.686021954476184,9.940169413535006
beckett_fr,linnommable_fr@186294,164.64007568359375,0.005216121673583984,-0.4328627586364746,0.7318230867385864,49.047108527284784,14.979052602985547,14.034512331602745,7.439316001998173
beckett_fr,linnommable_fr@154164,166.2024688720703,0.015098288655281067,-0.39810869097709656,0.7648985981941223,11.924210974791926,18.3838858437752,11.421645670801368,23.930747719674805
beckett_fr,linnommable_fr@132782,162.04107666015625,0.008949361741542816,-0.4212915003299713,0.7767965793609619,18.111549666218938,12.848535167440701,13.324668474008366,7.797973695886132
beckett_fr,linnommable_fr@95,119.95086669921875,0.015095463953912258,-0.43111103773117065,0.7769211530685425,15.002699424933969,25.166972834432386,11.931837240562478,31.075269248166858
beckett_fr,linnommable_fr@63419,138.90042114257812,0.008342865854501724,-0.38896608352661133,0.7857189774513245,36.571567059446835,92.44055090975675,11.231337150734474,15.239337120069218
beckett_fr,linnommable_fr@236780,168.01165771484375,0.007118017878383398,-0.41279274225234985,0.7666348218917847,9.876733002729987,8.199356557363515,13.492911150565924,7.48435931860222
beckett_fr,linnommable_fr@315710,163.3184814453125,0.009930468164384365,-0.37204715609550476,0.7831057906150818,12.358872489795012,14.523954002307871,9.74845990662861,9.69179975509036
beckett_fr,linnommable_fr@48376,172.06326293945312,0.011861858889460564,-0.3891410827636719,0.7806786298751831,10.779595736820289,11.804550815273439,11.687352450187184,9.245268991046961
beckett_fr,linnommable_fr@72305,163.64627075195312,0.009563460946083069,-0.39239823818206787,0.8012772798538208,19.57120499956013,14.388434266756931,9.580941036890774,10.219258643509363
beckett_fr,linnommable_fr@27612,148.48370361328125,0.013873808085918427,-0.4223131537437439,0.756901741027832,21.66866958646183,9.218114273766725,7.038706323769869,12.319692630147864
beckett_fr,linnommable_fr@206246,165.41256713867188,0.015471439808607101,-0.4296441078186035,0.781670331954956,27.752109393259648,13.800123054896634,13.05752795457862,8.0418345294508
beckett_fr,linnommable_fr@103540,180.6425018310547,0.014459973201155663,-0.3746272027492523,0.7872725129127502,25.802863270760408,14.170670938279706,15.511235178204174,10.602197410306427
beckett_fr,linnommable_fr@78416,170.84732055664062,0.013454808853566647,-0.39085328578948975,0.7729496955871582,19.739781911687643,33.467383392004805,25.495754102832798,12.731989041206875
beckett_fr,linnommable_fr@14992,155.8290252685547,0.014963624998927116,-0.4032510817050934,0.7590177655220032,19.0897170846386,10.78849815317203,12.501180512024897,9.150369774766325
beckett_fr,linnommable_fr@221575,167.72482299804688,0.011634664610028267,-0.37951236963272095,0.7484446167945862,15.074847732153412,10.23479293098166,11.604931979377485,8.95651051006209
beckett_fr,linnommable_fr@125448,157.16650390625,0.013143862597644329,-0.40755248069763184,0.7649015784263611,14.958002128749278,75.08472798520793,10.874648164046212,16.722151408193334
beckett_fr,linnommable_fr@260187,158.75732421875,0.012273319065570831,-0.4108339846134186,0.7595176100730896,26.602063444441114,15.98654825529934,11.033579022060028,13.20454305998671
beckett_fr,linnommable_fr@35820,130.22427368164062,0.012001067399978638,-0.36075571179389954,0.7727476954460144,20.74925073359737,12.085987557181006,7.881295312690237,11.525832088420623
beckett_fr,linnommable_fr@88814,161.55613708496094,0.01330943126231432,-0.40507879853248596,0.7860391736030579,12.395467310952817,9.040998983375957,13.409143922171644,12.555324076212145
beckett_fr,linnommable_fr@93504,167.86297607421875,0.014264894649386406,-0.3914736807346344,0.7538782954216003,20.149002632580007,57.037579675267246,9.889584970726446,68.2276903267334
beckett_fr,linnommable_fr@7641,141.11093139648438,0.010818774811923504,-0.4169658124446869,0.7696333527565002,52.682264243135194,19.04704377995865,16.08006037626389,10.847264719339318
beckett_fr,linnommable_fr@124510,169.59396362304688,0.016229549422860146,-0.36890849471092224,0.7884141802787781,9.969241073003927,12.855956178103133,10.361583765539256,14.518970098208698
beckett_fr,linnommable_fr@89118,160.81716918945312,0.011833349242806435,-0.42649075388908386,0.7654201984405518,57.91670337689824,23.700075519548328,11.948743737587534,8.57626609435766
beckett_fr,linnommable_fr@139936,156.54319763183594,0.011219087056815624,-0.41453710198402405,0.7892560362815857,19.21484885818439,25.39576195681846,10.930363623800163,10.458155163201532
beckett_fr,linnommable_fr@268412,122.65792846679688,0.009945256635546684,-0.41999852657318115,0.7777678370475769,22.622482685467673,10.073001313425431,10.228726377590487,8.442041729592665
beckett_fr,linnommable_fr@115729,194.42909240722656,0.008851259015500546,-0.379070907831192,0.7641416192054749,195.59890234283424,16.256746030306957,14.716041570183982,9.448409909173407
beckett_fr,linnommable_fr@265084,136.4921875,0.015424136072397232,-0.4003699719905853,0.7757845520973206,15.977060113060222,36.3978217491844,8.83358408626059,12.196364142940585
beckett_fr,linnommable_fr@203489,131.90736389160156,0.013965486548841,-0.4242202341556549,0.7720184922218323,13.268319427054113,13.760967266134072,14.019724973767456,21.324503866167465
beckett_fr,linnommable_fr@242889,126.79864501953125,0.01608653925359249,-0.38282570242881775,0.7938982844352722,11.455322793859686,12.683923399422724,9.393283891277795,8.426421268506143
beckett_fr,linnommable_fr@136334,147.63259887695312,0.012662782333791256,-0.3842849135398865,0.7559199333190918,72.57805005396213,16.962297573322985,14.570845376624675,15.29514220631902
ramanujan_proof_ch5,andrews_ch5_hrr_expansion@24795,158.00303649902344,0.009266817942261696,-0.3773536682128906,0.8294470310211182,10.126023050896732,14.565764660223522,10.716742410384164,8.90272275671131
ramanujan_proof_ch5,andrews_ch5_hrr_expansion@13376,126.96903991699219,0.009632854722440243,-0.4235108494758606,0.8307674527168274,14.204883215749055,10.906339612005958,7.599043513409188,8.657871653337905
ramanujan_proof_ch5,andrews_ch5_hrr_expansion@14330,147.3963623046875,0.007634225767105818,-0.4332899749279022,0.817969024181366,8.523672668246244,9.607353048613144,8.889651877194632,10.702664120165855
ramanujan_proof_ch5,andrews_ch5_hrr_expansion@12035,137.63043212890625,0.011761347763240337,-0.4350140392780304,0.8231198191642761,8.372245657740262,7.027513457467206,6.613088008346667,7.4114391402035045
ramanujan_proof_ch5,andrews_ch5_hrr_expansion@28316,191.0244598388672,0.00984132383018732,-0.4049110412597656,0.7898808121681213,7.124433248855881,12.436432601099234,10.559258937903566,8.780412430481682
ramanujan_proof_ch5,andrews_ch5_hrr_expansion@7967,156.02969360351562,0.013635209761559963,-0.41948726773262024,0.8448828458786011,13.801418270943174,23.300806976422045,9.466258859616563,8.559106432282165
ramanujan_proof_ch5,andrews_ch5_hrr_expansion@2584,101.72050476074219,0.013263211585581303,-0.41393107175827026,0.9331477284431458,6.645751372997848,8.701981450337113,7.611430197608424,10.400281231723987
ramanujan_proof_ch5,andrews_ch5_hrr_expansion@13012,132.97267150878906,0.011322079226374626,-0.41436806321144104,0.952319860458374,13.004310521468383,9.92043474111366,7.606982979659964,7.885329125486611
ramanujan_proof_ch5,andrews_ch5_hrr_expansion@16337,142.60403442382812,0.00998472049832344,-0.4478319585323334,0.8344787955284119,13.121662458654846,9.776834622375446,7.7456560177457074,6.751896404650919
ramanujan_proof_ch5,andrews_ch5_hrr_expansion@15701,139.5997772216797,0.01976265013217926,-0.4513455629348755,0.8207416534423828,8.280095800118987,8.567387584575624,7.08400172650223,7.070003264553804
ramanujan_proof_ch5,andrews_ch5_hrr_expansion@20309,148.6840362548828,0.013332745991647243,-0.4344531297683716,0.8135801553726196,9.650860729034164,25.896727007427266,9.639826345514985,12.110504747050324
ramanujan_proof_ch5,andrews_ch5_hrr_expansion@15632,132.04171752929688,0.020713644102215767,-0.42171531915664673,0.8549140691757202,6.397252518687269,6.614786669679408,5.6007301195403745,7.198389986356919
ramanujan_proof_ch5,andrews_ch5_hrr_expansion@20987,128.88746643066406,0.014838454313576221,-0.40593045949935913,0.801461935043335,22.44755461202344,18.71217921709831,6.458287099525546,8.431582741635236
ramanujan_proof_ch5,andrews_ch5_hrr_expansion@4137,116.8227310180664,0.010160219855606556,-0.40734535455703735,0.9023849964141846,8.800549752560858,12.662263935969605,10.535200586418618,9.599468951705955
ramanujan_proof_ch5,andrews_ch5_hrr_expansion@6690,120.3110122680664,0.010979227721691132,-0.3973294198513031,0.8998193740844727,18.986094528906257,8.180446367263372,10.910267580524689,6.704347400565202
ramanujan_proof_ch5,andrews_ch5_hrr_expansion@6531,134.61143493652344,0.020387329161167145,-0.4482326805591583,0.9011117815971375,6.726805172597964,9.2716141645104,7.951214783434073,7.583885626895962
ramanujan_proof_ch5,andrews_ch5_hrr_expansion@14105,139.02593994140625,0.01463740598410368,-0.3896799683570862,0.8644875288009644,13.166431756474097,9.241547202722384,8.298531571209887,8.231603281682725
ramanujan_proof_ch5,andrews_ch5_hrr_expansion@7316,147.66036987304688,0.010895933955907822,-0.43227618932724,0.8920422196388245,11.429657095264558,8.782930116656388,10.17823589077864,8.102280293729425
ramanujan_proof_ch5,andrews_ch5_hrr_expansion@16045,148.2873077392578,0.010319936089217663,-0.45315250754356384,0.8113162517547607,11.62386888033646,8.806783898324879,7.619429722535383,7.601942526872104
ramanujan_proof_ch5,andrews_ch5_hrr_expansion@15774,127.6278305053711,0.014510503970086575,-0.45036810636520386,0.8155495524406433,7.638846909940266,7.738227508713692,6.546736511154726,6.6287992404768845
ramanujan_proof_ch5,andrews_ch5_hrr_expansion@21876,124.60752868652344,0.016032110899686813,-0.4192730784416199,0.8421042561531067,9.319466956636639,9.30544987922945,7.277744297193937,8.815674552338436
ramanujan_proof_ch5,andrews_ch5_hrr_expansion@5787,117.52873229980469,0.016176989302039146,-0.4757804572582245,0.8726221323013306,9.44123291391174,9.035232933370466,6.984299652082896,7.434306031134925
ramanujan_proof_ch5,andrews_ch5_hrr_expansion@14075,130.81646728515625,0.014014002867043018,-0.4367731809616089,0.817939817905426,8.558985833676873,9.43235919474457,8.797372100400564,7.882009895892643
ramanujan_proof_ch5,andrews_ch5_hrr_expansion@2286,104.59329986572266,0.02547956444323063,-0.42641788721084595,0.9585066437721252,7.510656768404371,12.477231369330188,8.480076363245082,8.589534634333184
ramanujan_proof_ch5,andrews_ch5_hrr_expansion@9133,117.87095642089844,0.016606468707323074,-0.4216104745864868,0.9357683658599854,11.930571873264114,12.304311661010297,7.913533168318133,7.739421623861665
ramanujan_proof_ch5,andrews_ch5_hrr_expansion@7642,146.63748168945312,0.012626899406313896,-0.44147801399230957,0.8488796353340149,10.821517736027836,13.225809884939569,7.730037384897274,8.64372407068378
ramanujan_proof_ch5,andrews_ch5_hrr_expansion@12602,123.14820098876953,0.014877759851515293,-0.4473370313644409,0.8653930425643921,14.117806659767123,8.41773287466835,6.916660526292061,7.798636989567281
ramanujan_proof_ch5,andrews_ch5_hrr_expansion@12379,141.7219696044922,0.01395050622522831,-0.4540335536003113,0.8252685070037842,13.377452258560195,8.936899929737699,8.073256501007336,7.686820114798585
ramanujan_proof_ch5,andrews_ch5_hrr_expansion@7472,152.5984344482422,0.016224486753344536,-0.3941504955291748,0.9000768065452576,9.70203077886891,14.09265814105036,8.128345547403816,8.505243850748341
ramanujan_proof_ch5,andrews_ch5_hrr_expansion@11476,151.25184631347656,0.01351169589906931,-0.4252590239048004,0.8259519338607788,49.8383201107933,11.743072988675742,7.640661431157877,8.3348993018511
ramanujan_proof_ch5,andrews_ch5_hrr_expansion@11974,130.9864959716797,0.01454248558729887,-0.40567514300346375,0.8381003141403198,7.533144571364466,8.822293782421992,8.926831556214045,8.549501642115048
ramanujan_proof_ch5,andrews_ch5_hrr_expansion@18983,124.3187255859375,0.008729564025998116,-0.3965342044830322,0.9088537693023682,14.78879283749854,9.25287554413882,8.600142708210129,6.138732731887739
ramanujan_proof_ch5,andrews_ch5_hrr_expansion@19014,132.76010131835938,0.014728673733770847,-0.3760037422180176,0.9381896257400513,5.9995539104760045,8.16255645992009,7.258854629847563,6.56880462815613
ramanujan_proof_ch5,andrews_ch5_hrr_expansion@16629,134.49954223632812,0.011122511699795723,-0.45863962173461914,0.8117645382881165,41.04559601671551,11.81555261664489,7.3217319838199115,9.594838010525383
ramanujan_proof_ch5,andrews_ch5_hrr_expansion@14248,144.31332397460938,0.01422207336872816,-0.44976019859313965,0.8282138705253601,8.938476296736436,8.225605164640934,7.57591198321381,7.8566641705922065
ramanujan_proof_ch5,andrews_ch5_hrr_expansion@15561,142.14979553222656,0.011302993632853031,-0.4853772521018982,0.7620411515235901,8.732277545373059,10.596430988245606,6.7241145424729805,7.252190898263571
ramanujan_proof_ch5,andrews_ch5_hrr_expansion@8912,125.58419799804688,0.010900509543716908,-0.4026125967502594,0.9170741438865662,11.882760279937484,9.275201406412222,6.7397443501384515,9.467721401943272
ramanujan_proof_ch5,andrews_ch5_hrr_expansion@18362,149.89317321777344,0.01594848930835724,-0.43328312039375305,0.8297969698905945,13.418387551855016,8.642257767259983,8.105143197212982,9.233278162185766
ramanujan_proof_ch5,andrews_ch5_hrr_expansion@14498,143.37376403808594,0.016451912000775337,-0.4716262221336365,0.7989120483398438,14.635003626115296,7.3953049897145515,7.111337923682926,8.428325902688432
ramanujan_proof_ch5,andrews_ch5_hrr_expansion@5140,115.29634857177734,0.015485932119190693,-0.38418203592300415,0.8567242622375488,8.586792082473506,11.833080647515127,8.124195529644854,6.428778141255638
ramanujan_proof_ch5,andrews_ch5_hrr_expansion@18541,133.556396484375,0.013456099666655064,-0.3946288228034973,0.8686970472335815,12.377214136144104,9.000692896505704,8.430666106788234,6.9400712059475325
ramanujan_proof_ch5,andrews_ch5_hrr_expansion@10060,122.16547393798828,0.01782454177737236,-0.44443392753601074,0.8387211561203003,19.905784217954746,18.511971952084448,9.115634854388613,7.508941804254458
ramanujan_proof_ch5,andrews_ch5_hrr_expansion@1148,134.15512084960938,0.012710303999483585,-0.4220699667930603,0.8634511828422546,14.39430195214069,12.222686372395854,12.090251193270042,12.68690811617218
ramanujan_proof_ch5,andrews_ch5_hrr_expansion@16201,131.21731567382812,0.013352364301681519,-0.4119641184806824,0.8481840491294861,6.870031144829005,10.905785706151955,8.144436554897585,7.156944702423365
ramanujan_proof_ch5,andrews_ch5_hrr_expansion@15906,149.55419921875,0.011841611936688423,-0.43833181262016296,0.8434902429580688,7.344147082211111,6.7962881683133505,11.139714891595947,7.56499302706184
ramanujan_proof_ch5,andrews_ch5_hrr_expansion@7924,131.19456481933594,0.016163935884833336,-0.43669557571411133,0.842207133769989,16.034413025269913,11.842036960948173,10.936760778419497,9.720479819154502
ramanujan_proof_ch5,andrews_ch5_hrr_expansion@2317,113.42993927001953,0.00966042373329401,-0.37735024094581604,0.9312281608581543,30.0723998599423,12.892637334316607,10.529929925616932,7.2143172220946035
ramanujan_proof_ch5,andrews_ch5_hrr_expansion@18414,133.28857421875,0.015428140759468079,-0.40885621309280396,0.8699782490730286,10.331456827244146,8.574252960936633,6.092426091828557,7.9641849909455775
ramanujan_proof_ch5,andrews_ch5_hrr_expansion@4926,139.31008911132812,0.01609078422188759,-0.36922723054885864,0.8935935497283936,8.323627885391865,8.558936516656004,10.668516197821965,9.128234875452325
ramanujan_proof_ch5,andrews_ch5_hrr_expansion@3443,107.43217468261719,0.007223761174827814,-0.3961634039878845,0.8613570332527161,52.21064966948313,25.255705907628368,11.907247764480118,8.293133108418534
ramanujan_proof_ch5,andrews_ch5_hrr_expansion@8217,137.77017211914062,0.008890694938600063,-0.37872353196144104,0.8519212603569031,10.342139037142877,14.861822611367012,8.388092613818888,9.44270038134942
ramanujan_proof_ch5,andrews_ch5_hrr_expansion@13678,122.78680419921875,0.01776057481765747,-0.4213765561580658,0.816083550453186,11.403891387942526,10.706794815126553,8.501131544252733,8.206979946763962
ramanujan_proof_ch5,andrews_ch5_hrr_expansion@5058,121.12261199951172,0.010724364779889584,-0.44097721576690674,0.8352833390235901,10.87640040251267,8.600738656135636,7.788033110983875,7.999958803101544
ramanujan_proof_ch5,andrews_ch5_hrr_expansion@5163,120.4087905883789,0.014037130400538445,-0.4113522171974182,0.8601400256156921,13.331961111849502,12.111105439219253,8.605576390918973,7.796803641625201
ramanujan_proof_ch5,andrews_ch5_hrr_expansion@8878,116.23464965820312,0.026195954531431198,-0.3770768344402313,0.9043822884559631,11.227670203850266,11.654829898271807,7.950060065503829,9.36098054026448
ramanujan_proof_ch5,andrews_ch5_hrr_expansion@17169,140.4131622314453,0.018803929910063744,-0.4529757797718048,0.8817397356033325,6.6328348428042805,7.09267284676884,5.914430602583884,6.22053902607311
ramanujan_proof_ch5,andrews_ch5_hrr_expansion@13953,133.73049926757812,0.01611371524631977,-0.4542606770992279,0.8221514225006104,10.034193481217162,8.394731194963917,7.916190094101836,8.658325303974364
ramanujan_proof_ch5,andrews_ch5_hrr_expansion@5207,119.57000732421875,0.013890405185520649,-0.3824146091938019,0.8863298892974854,8.854016986476239,7.890375196273079,7.681479823672605,6.808877704788642
ramanujan_proof_ch5,andrews_ch5_hrr_expansion@5927,134.2611846923828,0.014092552475631237,-0.3996606171131134,0.8769540786743164,9.1244618009537,8.698636751073352,7.424968446925837,9.016253899152064
ramanujan_proof_ch5,andrews_ch5_hrr_expansion@2397,105.35465240478516,0.013697361573576927,-0.39306795597076416,0.914305567741394,40.06653648149074,10.890883764573719,7.619903633769282,18.787545026587306
ramanujan_proof_ch5,andrews_ch5_hrr_expansion@7781,148.31593322753906,0.014867948368191719,-0.4700113832950592,0.8345862627029419,10.477882260404716,13.423017159286296,7.461338927209803,8.46666317840995
ramanujan_proof_ch5,andrews_ch5_hrr_expansion@9190,115.68846893310547,0.009305543266236782,-0.4058411717414856,0.9082080721855164,181.79100849754826,11.160823431768026,9.833900220994446,8.942021380610909
ramanujan_proof_ch5,andrews_ch5_hrr_expansion@16766,132.42642211914062,0.015616542659699917,-0.42328593134880066,0.8181688785552979,9.214357469132583,9.53924608541016,7.2359171897846135,8.266413116867586
ramanujan_proof_ch5,andrews_ch5_hrr_expansion@22388,139.4163818359375,0.0188871081918478,-0.4407387971878052,0.7962302565574646,11.719276769420748,11.484270208781076,7.836037870030458,7.918113527771434
ramanujan_proof_ch5,andrews_ch5_hrr_expansion@10673,140.01760864257812,0.014833180233836174,-0.424757182598114,0.8536059260368347,18.461048692793742,12.908159658523347,6.614190370945003,8.267713348228636
ramanujan_proof_ch5,andrews_ch5_hrr_expansion@23412,154.57174682617188,0.01376603078097105,-0.36294594407081604,0.9052245020866394,9.96056338404345,8.638124032544022,9.732114222355886,7.412506967405351
ramanujan_proof_ch5,andrews_ch5_hrr_expansion@22808,142.1012725830078,0.008693121373653412,-0.3938705623149872,0.8572793006896973,15.457309235795385,15.071992611740868,8.922483639034166,7.873072606007943
ramanujan_proof_ch5,andrews_ch5_hrr_expansion@17024,141.52130126953125,0.012052472680807114,-0.47823601961135864,0.8323864936828613,10.523009819592945,7.870300911489132,6.3764636294907895,5.558445904830739
ramanujan_proof_ch5,andrews_ch5_hrr_expansion@24867,179.35052490234375,0.012937599793076515,-0.4314313232898712,0.8356620669364929,7.872973962124425,10.591823428020033,9.53341713847622,6.757191662264626
ramanujan_proof_ch5,andrews_ch5_hrr_expansion@6734,138.48651123046875,0.014236788265407085,-0.41225993633270264,0.8553259968757629,27.753642712054727,9.868766610588228,7.71710652186693,7.642469376356289
ramanujan_proof_ch5,andrews_ch5_hrr_expansion@27033,178.6901092529297,0.009162881411612034,-0.392846941947937,0.8202110528945923,13.689399341276722,8.521905888627852,9.947044711648772,8.538432922270585
ramanujan_proof_ch5,andrews_ch5_hrr_expansion@4702,127.21902465820312,0.010726206004619598,-0.409309983253479,0.8631407022476196,8.349180874252955,11.663280029545586,6.295941304802366,8.346966635798585
ramanujan_proof_ch5,andrews_ch5_hrr_expansion@12018,125.41632843017578,0.01835397258400917,-0.4043433666229248,0.8966143131256104,10.097826816512189,10.188684233114069,7.25647606488398,7.883004304380545
ramanujan_proof_ch5,andrews_ch5_hrr_expansion@8299,142.52247619628906,0.010001436807215214,-0.4073579013347626,0.8548567891120911,17.571556255283493,11.240938079266368,8.427648026988567,10.818933781758446
ramanujan_proof_ch5,andrews_ch5_hrr_expansion@18044,137.81533813476562,0.011221684515476227,-0.3757007122039795,0.9054231643676758,12.941077747938442,14.287380091650654,7.999481587586292,7.3787499686726
ramanujan_proof_ch5,andrews_ch5_hrr_expansion@18894,127.4671401977539,0.02053222246468067,-0.3433420658111572,0.8450011610984802,10.824534114326053,16.939026204063595,6.780172917044684,7.49663596908616
ramanujan_proof_ch5,andrews_ch5_hrr_expansion@22020,135.1680908203125,0.015961693599820137,-0.4730446934700012,0.812768816947937,8.238318718704646,10.753622525233926,7.179163606076472,7.144769591830278
ramanujan_proof_ch5,andrews_ch5_hrr_expansion@4801,127.32682037353516,0.010939758270978928,-0.37523195147514343,0.8753591179847717,9.905361356693207,8.087298131792002,6.194476634584729,9.088332366518198
ramanujan_proof_ch5,andrews_ch5_hrr_expansion@24324,177.23477172851562,0.015097761526703835,-0.36472055315971375,0.826345682144165,17.28926961297836,11.03905685855408,10.155172149920375,7.739138473584823
ramanujan_proof_ch5,andrews_ch5_hrr_expansion@14440,142.52662658691406,0.013593841344118118,-0.44939765334129333,0.8312680125236511,8.158723374726474,9.62910720256312,8.011917390587012,7.489262849671729
math_other,andrews_ch13_combinatorics@13376,132.4597625732422,0.01951506920158863,-0.43449291586875916,0.8480517864227295,10.020209477582068,7.976457081147084,6.3114756947338275,7.088444147642372
math_other,andrews_ch1_elementary@19564,137.51321411132812,0.009959750808775425,-0.4168131351470947,0.8238084316253662,12.170725239751873,9.059618315095925,7.959046422920784,6.317483821452139
math_other,andrews_ch1_elementary@3216,142.84005737304688,0.011808869428932667,-0.43645647168159485,0.7486963868141174,7.481114491050764,10.051805330621812,4.930591293308398,6.044858789904816
math_other,andrews_ch13_combinatorics@14471,114.4627456665039,0.021550282835960388,-0.355690598487854,0.9058051109313965,8.643650427875524,12.705415692292586,7.732587053467051,7.583365714718049
math_other,andrews_ch13_combinatorics@14439,119.31919860839844,0.012006950564682484,-0.3837183117866516,0.8429045677185059,13.239356576201443,8.272956598240711,6.323877379894,8.297521228096802
math_other,andrews_ch1_elementary@22527,182.11973571777344,0.00985798705369234,-0.4301387369632721,0.7696980834007263,16.566946707780126,11.862260570886534,7.9104348660719275,10.075387219174116
math_other,andrews_ch13_combinatorics@24344,167.24978637695312,0.0131935253739357,-0.37264153361320496,0.8267615437507629,9.595624802136621,8.378255845644265,6.691578621277209,7.191444492297349
math_other,andrews_ch13_combinatorics@18412,139.4731903076172,0.015887733548879623,-0.3575030267238617,0.8165889978408813,9.974908134385394,12.248953892314512,6.272972492866495,7.513852978158034
math_other,andrews_ch13_combinatorics@2996,139.28529357910156,0.01571819558739662,-0.4058327078819275,0.8362547159194946,10.647977256567593,8.386126128574306,6.674758509990136,7.540615683309997
math_other,andrews_ch1_elementary@14874,112.99044036865234,0.019315369427204132,-0.39917537569999695,0.9703801274299622,15.53991831120555,8.764562169813393,7.713649086816472,7.538174502989095
math_other,andrews_ch13_combinatorics@23579,133.46554565429688,0.009045476093888283,-0.34207025170326233,0.9365782141685486,8.846794030271484,9.11806402148413,7.018120901223275,9.279320472175268
math_other,andrews_ch13_combinatorics@14787,138.92611694335938,0.011970816180109978,-0.400854229927063,0.8311967849731445,14.724919542774206,11.639933483315126,8.481922179525776,13.878053154873879
math_other,andrews_ch1_elementary@18149,133.99546813964844,0.011412247084081173,-0.4174734652042389,0.8136839866638184,15.496045935055765,10.447138619938713,8.06381015327318,6.995841969721731
math_other,andrews_ch13_combinatorics@27966,170.41485595703125,0.01247623935341835,-0.3609876334667206,0.8273788690567017,35.84481841045984,9.973117338005205,8.713556007550833,10.033652608905143
math_other,andrews_ch1_elementary@3001,146.04486083984375,0.012216657400131226,-0.38655993342399597,0.8016231060028076,8.478758285339312,5.985473792854215,4.75142431006425,5.1113059947795
math_other,andrews_ch1_elementary@7913,139.9544219970703,0.011252542957663536,-0.4276401698589325,0.819685161113739,21.88319065985244,7.43999683989426,9.047976230714603,8.651029670180966
math_other,andrews_ch13_combinatorics@22596,148.1037139892578,0.008347940631210804,-0.4648793041706085,0.7478184103965759,7.028507113642567,7.12337433479375,8.180691963052347,6.4535639922345265
math_other,andrews_ch13_combinatorics@18593,142.81752014160156,0.014778484590351582,-0.3784676790237427,0.8297907114028931,9.718927083822663,11.047393982025984,9.042910000975816,8.49213470785601
math_other,andrews_ch13_combinatorics@7926,118.44524383544922,0.017246102914214134,-0.4811234474182129,0.8690281510353088,7.716680162091166,9.520944602285624,7.795090517410194,7.563771256017269
math_other,andrews_ch13_combinatorics@12847,133.45664978027344,0.012443099170923233,-0.3907962143421173,0.8622294068336487,13.61980268496478,10.738284099915521,9.946055574722802,7.432398550996174
math_other,andrews_ch1_elementary@14370,113.85094451904297,0.025817783549427986,-0.36551785469055176,0.906495213508606,13.869246794467905,11.160636440575505,6.541191291380043,7.332650861469457
math_other,andrews_ch13_combinatorics@24640,173.8484649658203,0.012508600950241089,-0.4104800522327423,0.8087533116340637,14.404826058131011,11.633827053164016,7.649857752434895,9.485043762136687
math_other,andrews_ch1_elementary@17708,126.6348648071289,0.013248326256871223,-0.43245625495910645,0.8547796607017517,12.940822159926986,8.862300640910433,7.02821327099095,9.25252626117668
math_other,andrews_ch13_combinatorics@24056,144.36561584472656,0.011209788732230663,-0.41328561305999756,0.8414967060089111,11.49429982663137,11.152087066876947,7.157311155861918,7.408241459420063
math_other,andrews_ch13_combinatorics@5027,130.54432678222656,0.014192651025950909,-0.40505552291870117,0.8466001749038696,8.96393956867475,8.536346529573736,6.887916811597624,8.292611425296185
math_other,andrews_ch1_elementary@17106,151.47206115722656,0.009488153271377087,-0.418278306722641,0.820671021938324,13.901456211337742,12.982971560325351,12.524944940929402,6.887824382428953
math_other,andrews_ch1_elementary@18382,120.77456665039062,0.020045684650540352,-0.4124431312084198,0.813997209072113,26.35098213783458,14.04030381289698,7.983564404379056,8.175370948491171
math_other,andrews_ch13_combinatorics@9572,131.2053985595703,0.018377983942627907,-0.3944932818412781,0.8177971839904785,13.425465150948314,8.879200295386498,8.280010717177753,8.107527300241804
math_other,andrews_ch13_combinatorics@15912,130.2154998779297,0.010789572261273861,-0.35827335715293884,0.860163152217865,13.585711928307767,11.07143068326408,10.461268144562581,10.156766244393058
math_other,andrews_ch1_elementary@834,156.72564697265625,0.008757216855883598,-0.37308165431022644,0.8332315683364868,8.382822018623141,7.319066151672092,7.149505966676603,7.187360480481931
math_other,andrews_ch1_elementary@23708,187.6179962158203,0.0073057119734585285,-0.42575597763061523,0.795631468296051,21.26156630886766,16.485825393689467,12.37502727765376,9.618320961282887
math_other,andrews_ch1_elementary@9383,117.74201202392578,0.014576856046915054,-0.4212343394756317,0.8176263570785522,12.60201612560426,95.89373123848833,9.768301802259039,8.241167650831564
math_other,andrews_ch1_elementary@17000,133.69451904296875,0.009892537258565426,-0.4382714331150055,0.8079626560211182,6.473697322951074,8.767729056691199,7.334562915387256,6.694080742969119
math_other,andrews_ch1_elementary@11266,103.76903533935547,0.01546681858599186,-0.4398716688156128,0.8418583273887634,9.50937592315223,12.643049124907302,7.898330016053157,7.750996592505981
math_other,andrews_ch13_combinatorics@8188,120.39540100097656,0.01574508473277092,-0.4232662618160248,0.9025182127952576,7.792620426547306,9.897729527606224,6.6105098846593044,6.8738184480094855
math_other,andrews_ch1_elementary@20270,141.182373046875,0.009395590983331203,-0.3247066140174866,0.8621370792388916,9.945478777126384,10.264151791984883,7.246127658567798,7.525283751159943
math_other,andrews_ch1_elementary@13718,120.1109390258789,0.018182363361120224,-0.4033539593219757,0.892969012260437,10.896697095600762,11.200142573754427,12.102743153715519,12.233108303698563
math_other,andrews_ch1_elementary@9566,116.4748306274414,0.01621582731604576,-0.4330616295337677,0.8230595588684082,7.334820239885476,7.379032285824662,8.297679090826392,6.311766805277662
math_other,andrews_ch1_elementary@17478,132.438720703125,0.009964949451386929,-0.4487881064414978,0.8019765019416809,15.080302313868605,24.62019317349802,7.992108279734492,6.71325595115635
math_other,andrews_ch1_elementary@18751,126.23091888427734,0.010204005986452103,-0.4140673875808716,0.8050893545150757,8.162357793303421,8.589088529362042,6.973359612409443,8.027027799520672
math_other,andrews_ch1_elementary@2179,138.91188049316406,0.010718876495957375,-0.37338393926620483,0.8472524285316467,6.510465974857606,9.15166093360661,6.280737128106667,5.318585156731363
math_other,andrews_ch1_elementary@12513,139.18524169921875,0.012012205086648464,-0.47505298256874084,0.7466661930084229,8.397714866498383,7.9160855804418055,5.718436624863871,5.294722664744464
math_other,andrews_ch1_elementary@8649,116.90960693359375,0.014294015243649483,-0.3870737552642822,0.8372507095336914,11.172512470509233,10.351095660636144,7.19796638860637,7.505250942356598
math_other,andrews_ch13_combinatorics@23560,131.26071166992188,0.016722870990633965,-0.3836229741573334,0.9414307475090027,13.860757704524593,8.876671840795932,7.16591358681048,7.981509591093035
math_other,andrews_ch13_combinatorics@17658,140.6461639404297,0.013173291459679604,-0.3662711977958679,0.8977031111717224,8.049955575085939,8.805667429120701,8.59684921733365,6.781338882628136
math_other,andrews_ch1_elementary@9569,116.91676330566406,0.00999726913869381,-0.41851603984832764,0.8146317005157471,126.37336126942618,11.52219340783856,9.589449548739482,8.257582239804194
math_other,andrews_ch13_combinatorics@11504,130.9265899658203,0.010753034614026546,-0.445553719997406,0.8301234245300293,9.173760477513223,7.508985351482538,6.0958214610436645,6.943809697841953
math_other,andrews_ch1_elementary@5747,118.55706024169922,0.010722645558416843,-0.39681071043014526,0.8561738133430481,6.7037286813591965,9.411664645544175,7.886927389456218,8.833895670474716
math_other,andrews_ch13_combinatorics@8410,101.9554672241211,0.013745799660682678,-0.39488282799720764,0.8570109605789185,27.521484087016255,8.659711037066625,6.5240195566108055,9.418135402474018
math_other,andrews_ch1_elementary@14919,129.8041534423828,0.009631291963160038,-0.39829203486442566,0.8761407732963562,13.0906818146379,9.546527141207976,7.018485916094715,8.869907841129521
math_other,andrews_ch13_combinatorics@13837,128.58087158203125,0.020525705069303513,-0.42930957674980164,0.9053412675857544,14.591805049668684,11.093287467775562,7.080954546277448,6.15754578432576
math_other,andrews_ch1_elementary@14268,118.76239013671875,0.009700557217001915,-0.4208725094795227,0.8578165173530579,13.89015309326021,7.817114448627892,7.705313746599366,7.476734027129515
math_other,andrews_ch13_combinatorics@18136,135.19456481933594,0.018767492845654488,-0.41383227705955505,0.9058530926704407,14.299449310317062,8.920950269549834,7.506979571284888,10.03069912967358
math_other,andrews_ch1_elementary@5248,122.28460693359375,0.015471456572413445,-0.463492214679718,0.8008513450622559,8.041545924410855,7.8332227587364045,8.993150713384605,9.554447251725946
math_other,andrews_ch1_elementary@12519,135.81520080566406,0.013581300154328346,-0.4356394112110138,0.7734473347663879,7.1604746309048455,7.232776936407907,5.805450744366874,5.132343838968428
math_other,andrews_ch1_elementary@3792,115.30953216552734,0.022332506254315376,-0.43860840797424316,0.8362498879432678,137.43823461419214,14.960075245007365,8.479901638223716,13.310397973560667
math_other,andrews_ch1_elementary@10472,113.10572052001953,0.009029845707118511,-0.4154873192310333,0.8066285848617554,13.150156412197873,10.11073076373474,8.878710351165786,8.784573371032675
math_other,andrews_ch1_elementary@3065,151.70347595214844,0.01224398985505104,-0.4751056432723999,0.7493454813957214,4.537062524566851,5.571241624647742,4.553269401145432,4.749415036409896
math_other,andrews_ch13_combinatorics@19095,121.79183959960938,0.015063991770148277,-0.3661910593509674,0.8239450454711914,10.852304123900696,11.671406899659289,7.867576292334162,8.997944961068294
math_other,andrews_ch1_elementary@2123,126.62782287597656,0.014698551036417484,-0.43502581119537354,0.7566695809364319,8.969939204589858,6.765316993659707,6.70501426765125,5.869830894838375
math_other,andrews_ch1_elementary@341,138.1705322265625,0.014367176219820976,-0.4033038020133972,0.8039419651031494,16.384827736679917,12.934199459182118,9.141275670958976,8.069248284535343
math_other,andrews_ch1_elementary@24186,188.13616943359375,0.007086373865604401,-0.4137328863143921,0.8020457625389099,17.219321298851074,10.611488860790665,9.727022616555374,9.329712118715916
math_other,andrews_ch1_elementary@17647,126.53721618652344,0.011436635628342628,-0.4436768889427185,0.8029402494430542,16.6423049737934,10.122929313451891,9.027851318252793,6.416863461019691
math_other,andrews_ch1_elementary@20695,153.47036743164062,0.018766479566693306,-0.3403821885585785,0.8714771866798401,11.8738435269556,12.690529199607465,7.588007262063503,8.3110953268718
math_other,andrews_ch13_combinatorics@25017,207.34893798828125,0.00927446037530899,-0.46346208453178406,0.7409371733665466,14.356339797007397,12.853283101920889,9.501042684615255,7.8945932942768895
math_other,andrews_ch1_elementary@23943,179.8621826171875,0.012005342170596123,-0.36547884345054626,0.8261706233024597,13.02002229420657,11.24326344012417,8.61570069493012,8.818503519785816
math_other,andrews_ch13_combinatorics@17621,138.1840362548828,0.015857398509979248,-0.43507716059684753,0.8112387657165527,8.020525433971386,7.729594159746988,5.492407172312591,6.052822767477334
math_other,andrews_ch1_elementary@22176,183.1851806640625,0.015242218971252441,-0.4518829584121704,0.7595493197441101,9.168334984429753,8.29110114531678,8.052532740657453,8.388013147978004
math_other,andrews_ch13_combinatorics@23904,141.6674346923828,0.017057418823242188,-0.41071659326553345,0.8812804222106934,10.471663388402742,11.429238348628033,6.169805430811486,7.875449131077881
math_other,andrews_ch1_elementary@6566,118.64762878417969,0.013899038545787334,-0.4341672658920288,0.8841618299484253,10.581573390908979,8.448834810882808,7.783482833758024,7.417975001971524
math_other,andrews_ch13_combinatorics@25333,195.06105041503906,0.00809084065258503,-0.40427127480506897,0.7844854593276978,16.009242089469666,9.923956793723509,10.882151562098901,8.376905129048827
math_other,andrews_ch1_elementary@2509,144.72984313964844,0.013639356009662151,-0.4603869616985321,0.7679819464683533,7.0741812108269375,7.595121122968331,5.412541688671906,6.036065730819864
math_other,andrews_ch13_combinatorics@27964,199.9391326904297,0.010711283423006535,-0.44570133090019226,0.7746002674102783,18.67734813232318,17.12260661132038,9.262961452610519,7.872751191341355
math_other,andrews_ch1_elementary@12546,142.68927001953125,0.009922142140567303,-0.47103989124298096,0.752659261226654,8.566611359471612,8.57326677704735,5.9736512344905695,5.748065977318943
math_other,andrews_ch13_combinatorics@24666,180.2923583984375,0.008885822258889675,-0.4424571990966797,0.764950156211853,16.557180665582504,10.410261591329943,13.706804939296513,12.005969732605681
math_other,andrews_ch1_elementary@6588,116.40753936767578,0.017006536945700645,-0.41721266508102417,0.8273040056228638,17.236549731321702,14.448030483888871,8.256523149962849,8.275474524504915
math_other,andrews_ch13_combinatorics@24651,185.95863342285156,0.010325038805603981,-0.40694382786750793,0.7955520749092102,21.557992243835375,8.8810142348694,8.913931714762263,7.207090998701501
math_other,andrews_ch13_combinatorics@23575,142.58090209960938,0.022417254745960236,-0.35096874833106995,0.9380181431770325,8.432323971959773,9.13757934878699,6.032175303796113,6.3999381233852715
math_other,andrews_ch13_combinatorics@9357,133.43426513671875,0.012350213713943958,-0.39892199635505676,0.8479114770889282,8.89447909172156,10.778433115954046,9.499021741751527,10.494837838088962
math_other,andrews_ch13_combinatorics@27147,191.1721954345703,0.011131366714835167,-0.44267162680625916,0.8355901837348938,8.304844089310299,13.023465935152256,10.692316585298023,10.108313625353397
