group,label,pair,dim,mean_step,spread,surprise
Shakespeare sonnets,Shakespeare sonnets@0,-1,9.976270656676688,213.59875,165.0512,4.224677085876465
Shakespeare sonnets,Shakespeare sonnets@128,-1,44.36024658035647,257.12622,208.3032,1.8314552307128906
Shakespeare sonnets,Shakespeare sonnets@256,-1,11.204121275393709,200.85854,158.86882,4.430634021759033
Shakespeare sonnets,Shakespeare sonnets@384,-1,10.827835067525156,207.04361,159.06499,4.214419364929199
Shakespeare sonnets,Shakespeare sonnets@512,-1,10.259497179748655,198.26056,154.13792,4.39974308013916
Shakespeare sonnets,Shakespeare sonnets@640,-1,11.350949347273918,202.09084,156.00381,4.933072090148926
Shakespeare sonnets,Shakespeare sonnets@1152,-1,11.60168782637978,207.28464,165.98334,4.493619441986084
Shakespeare sonnets,Shakespeare sonnets@1536,-1,8.341794583799878,189.70705,151.15323,4.169451713562012
Shakespeare sonnets,Shakespeare sonnets@1664,-1,9.665577109614699,205.99252,161.07501,4.250229358673096
Shakespeare sonnets,Shakespeare sonnets@2560,-1,25.008931166329536,247.85207,208.59071,1.359010100364685
Shakespeare sonnets,Shakespeare sonnets@2816,-1,11.700254313184246,189.73701,150.93498,4.471153259277344
Shakespeare sonnets,Shakespeare sonnets@3328,-1,10.770739062588687,203.40985,159.83827,4.233155250549316
Shakespeare sonnets,Shakespeare sonnets@4224,-1,11.128626203658932,207.43877,160.041,4.209198474884033
Shakespeare sonnets,Shakespeare sonnets@4864,-1,9.68076048220435,215.83296,170.20251,4.7037129402160645
Shakespeare sonnets,Shakespeare sonnets@4992,-1,9.673787804311907,193.8471,158.01129,4.524855613708496
Shakespeare sonnets,Shakespeare sonnets@5504,-1,9.014331267787341,185.48495,148.24356,4.390232563018799
Shakespeare sonnets,Shakespeare sonnets@6016,-1,8.46283124847005,188.0283,157.34271,4.71412467956543
Shakespeare sonnets,Shakespeare sonnets@7296,-1,9.983802392679538,204.4364,163.25102,4.632441997528076
Shakespeare sonnets,Shakespeare sonnets@8064,-1,8.948563491846292,210.9662,160.3326,4.70972204208374
Shakespeare sonnets,Shakespeare sonnets@8320,-1,9.736558398603764,193.83406,152.94525,4.490453243255615
Shakespeare sonnets,Shakespeare sonnets@8448,-1,9.728492101378317,192.74284,145.85884,4.45349645614624
Shakespeare sonnets,Shakespeare sonnets@8576,-1,9.992869797219825,191.87009,146.18651,4.303269863128662
Shakespeare sonnets,Shakespeare sonnets@8704,-1,9.25324227733341,192.10207,150.41202,4.628194332122803
Shakespeare sonnets,Shakespeare sonnets@9600,-1,11.381243197878709,196.78796,156.24486,4.610060691833496
Shakespeare sonnets,Shakespeare sonnets@9728,-1,10.406021884633283,206.91098,161.64601,5.001206874847412
Shakespeare sonnets,Shakespeare sonnets@9984,-1,10.732525334889552,191.05174,149.60492,4.840950012207031
Shakespeare sonnets,Shakespeare sonnets@10240,-1,9.844271108584271,188.47435,147.69234,4.425475120544434
Shakespeare sonnets,Shakespeare sonnets@10368,-1,9.587269823182135,198.48997,154.07701,4.831838607788086
Shakespeare sonnets,Shakespeare sonnets@10496,-1,8.472378406586904,189.53023,148.14934,4.523563385009766
Shakespeare sonnets,Shakespeare sonnets@10880,-1,17.340491208347867,232.94048,190.34445,3.045062780380249
Shakespeare sonnets,Shakespeare sonnets@11136,-1,10.255294450132316,198.91672,155.13104,4.430351734161377
Shakespeare sonnets,Shakespeare sonnets@11264,-1,10.173082815330547,183.46658,147.6276,4.648189544677734
Shakespeare sonnets,Shakespeare sonnets@12288,-1,8.982988943345484,188.8752,148.20792,4.751802444458008
Shakespeare sonnets,Shakespeare sonnets@12672,-1,8.799694450336128,193.18588,155.05153,4.69363260269165
Shakespeare sonnets,Shakespeare sonnets@13184,-1,8.926027237447732,195.7552,155.2346,4.4376420974731445
Shakespeare sonnets,Shakespeare sonnets@13440,-1,8.237464551042436,198.48386,156.03308,3.8042616844177246
Shakespeare sonnets,Shakespeare sonnets@13568,-1,10.174732882483644,193.69624,152.3093,4.11265230178833
Shakespeare sonnets,Shakespeare sonnets@13952,-1,10.848578835671189,199.23978,157.30174,4.439279556274414
Shakespeare sonnets,Shakespeare sonnets@14080,-1,10.710955515635439,218.07907,165.00644,4.294468402862549
Shakespeare sonnets,Shakespeare sonnets@14208,-1,11.4283228417339,194.86652,154.51852,4.438145160675049
Shakespeare sonnets,Shakespeare sonnets@14592,-1,12.484212167671833,196.07027,154.99883,4.4304680824279785
Shakespeare sonnets,Shakespeare sonnets@14848,-1,11.576537320148487,197.94691,156.45181,4.675715923309326
Shakespeare sonnets,Shakespeare sonnets@14976,-1,8.715783373545912,203.14778,153.49167,4.841259479522705
Shakespeare sonnets,Shakespeare sonnets@15488,-1,10.188492643455252,196.74338,159.24153,4.456148147583008
Shakespeare sonnets,Shakespeare sonnets@15616,-1,9.69129261930805,191.76361,154.60732,4.329360008239746
Shakespeare sonnets,Shakespeare sonnets@16128,-1,8.638035828678907,195.2884,154.1733,4.524719715118408
Shakespeare sonnets,Shakespeare sonnets@16384,-1,8.769208712354837,192.18042,154.19585,4.497114181518555
Shakespeare sonnets,Shakespeare sonnets@16768,-1,10.606526675187427,192.86797,147.7013,4.825985908508301
Shakespeare sonnets,Shakespeare sonnets@16896,-1,9.574047977925972,199.55772,151.59425,4.737375736236572
Shakespeare sonnets,Shakespeare sonnets@17024,-1,8.966195336797561,204.5532,161.58046,4.651992321014404
Shakespeare sonnets,Shakespeare sonnets@17792,-1,9.156792712811848,202.1158,156.25143,4.3217267990112305
Shakespeare sonnets,Shakespeare sonnets@18048,-1,11.21637156017573,183.35722,147.44193,4.599493980407715
Shakespeare sonnets,Shakespeare sonnets@18944,-1,10.050802618696496,189.3242,150.3683,4.910534858703613
Shakespeare sonnets,Shakespeare sonnets@19968,-1,8.702269364719555,191.51363,156.77734,4.122533798217773
Shakespeare sonnets,Shakespeare sonnets@20864,-1,10.80584173856611,190.44533,147.20447,4.711678504943848
Shakespeare sonnets,Shakespeare sonnets@21888,-1,10.05550891250778,189.82094,148.29944,4.81621789932251
Shakespeare sonnets,Shakespeare sonnets@22144,-1,9.997883835371049,182.70815,144.28374,4.080240249633789
Shakespeare sonnets,Shakespeare sonnets@22272,-1,9.289606229027923,199.1124,154.39943,3.9609549045562744
Shakespeare sonnets,Shakespeare sonnets@22656,-1,10.501895452978582,200.32346,153.313,4.670809745788574
Shakespeare sonnets,Shakespeare sonnets@22912,-1,9.303983877823994,210.14348,158.83266,5.188512325286865
Shakespeare plays,Shakespeare plays@22656,-1,9.942034499519389,227.88806,185.0804,4.946535110473633
Shakespeare plays,Shakespeare plays@67200,-1,8.680182538166045,204.49173,169.36467,4.138579845428467
Shakespeare plays,Shakespeare plays@68992,-1,8.503752357176689,186.93515,155.59555,3.068084716796875
Shakespeare plays,Shakespeare plays@71808,-1,13.283435243900243,195.30368,156.39195,3.5969038009643555
Shakespeare plays,Shakespeare plays@107904,-1,9.230829767729412,197.4411,160.44728,4.818564414978027
Shakespeare plays,Shakespeare plays@125440,-1,10.209044828321446,208.66142,165.35677,4.433382511138916
Shakespeare plays,Shakespeare plays@146048,-1,7.338871168690006,210.22324,179.40627,4.583171844482422
Shakespeare plays,Shakespeare plays@159744,-1,9.034217361431049,193.9936,171.04303,4.237887859344482
Shakespeare plays,Shakespeare plays@183936,-1,9.765222428520461,208.09737,167.64168,5.052590370178223
Shakespeare plays,Shakespeare plays@256640,-1,7.635603032874129,210.37732,172.85442,3.7092909812927246
Shakespeare plays,Shakespeare plays@271360,-1,9.058679992792724,207.74564,173.55098,4.081768035888672
Shakespeare plays,Shakespeare plays@274560,-1,9.694538991298565,212.73889,181.24567,4.460638999938965
Shakespeare plays,Shakespeare plays@276096,-1,8.861575247804145,227.0353,202.07774,3.8776700496673584
Shakespeare plays,Shakespeare plays@319616,-1,9.953106879195841,221.96655,181.59021,4.447776794433594
Shakespeare plays,Shakespeare plays@391552,-1,8.537295007493396,202.37526,163.8502,4.260453701019287
Shakespeare plays,Shakespeare plays@413312,-1,8.868668967534921,217.82611,164.77255,4.418725967407227
Shakespeare plays,Shakespeare plays@484864,-1,8.191495776460807,205.73866,174.56197,3.2046995162963867
Shakespeare plays,Shakespeare plays@505600,-1,8.577599392085295,220.53896,181.30435,4.078354358673096
Shakespeare plays,Shakespeare plays@559360,-1,5.927961137520296,221.0405,200.81125,3.369663953781128
Shakespeare plays,Shakespeare plays@565632,-1,6.356808558633067,233.83704,191.35138,3.417536497116089
Shakespeare plays,Shakespeare plays@567936,-1,10.184877913012881,217.99721,175.94006,4.429049015045166
Shakespeare plays,Shakespeare plays@575872,-1,8.711738274148752,216.90665,169.12764,4.527071952819824
Shakespeare plays,Shakespeare plays@583424,-1,7.78508606479814,207.28987,180.3026,4.269672393798828
Shakespeare plays,Shakespeare plays@589568,-1,10.348628858806878,219.50533,179.70975,4.395668029785156
Shakespeare plays,Shakespeare plays@610304,-1,10.251649677776088,218.97433,192.72937,4.319731712341309
Shakespeare plays,Shakespeare plays@638336,-1,8.229428944176902,213.74284,181.32301,3.547563314437866
Shakespeare plays,Shakespeare plays@657280,-1,9.421424641895028,217.37213,176.59468,4.721418380737305
Shakespeare plays,Shakespeare plays@690560,-1,9.31040653999636,214.3401,183.63231,3.730541229248047
Shakespeare plays,Shakespeare plays@692992,-1,11.399132322743347,208.81311,168.25407,4.528003692626953
Shakespeare plays,Shakespeare plays@706560,-1,8.897132782066793,226.04065,193.39983,4.138011932373047
Shakespeare plays,Shakespeare plays@734848,-1,9.346065410333974,211.54207,180.18895,3.910578727722168
Shakespeare plays,Shakespeare plays@788224,-1,12.357629952585711,231.33398,175.6407,4.236173152923584
Shakespeare plays,Shakespeare plays@802944,-1,7.666873165160958,212.81737,189.41684,3.690706491470337
Shakespeare plays,Shakespeare plays@837632,-1,9.609389765988835,214.67201,180.9411,4.616361141204834
Shakespeare plays,Shakespeare plays@860160,-1,10.061130303890979,212.30177,176.7428,4.641782760620117
Shakespeare plays,Shakespeare plays@862080,-1,16.053668473286518,199.73071,168.18756,4.275755405426025
Shakespeare plays,Shakespeare plays@871552,-1,6.791521000325684,219.52496,187.39192,3.793616533279419
Shakespeare plays,Shakespeare plays@881536,-1,5.4194294744908875,223.28195,198.32901,3.326826572418213
Shakespeare plays,Shakespeare plays@930048,-1,11.164379444768125,213.79611,170.49965,4.347537040710449
Shakespeare plays,Shakespeare plays@988160,-1,6.106027068821713,226.97974,206.78249,3.0303940773010254
Shakespeare plays,Shakespeare plays@1020416,-1,9.860429266887904,219.54475,167.64682,3.9614078998565674
Shakespeare plays,Shakespeare plays@1041024,-1,9.502519511003012,187.05069,163.26294,4.248438835144043
Shakespeare plays,Shakespeare plays@1049728,-1,8.723664793579923,195.81265,151.99393,4.445876598358154
Shakespeare plays,Shakespeare plays@1051648,-1,9.218205292535057,210.2243,175.85324,4.724342346191406
Shakespeare plays,Shakespeare plays@1058560,-1,9.122602674003387,219.27232,183.49017,4.272029399871826
Shakespeare plays,Shakespeare plays@1091200,-1,7.943110611619898,226.6506,178.11679,5.07602596282959
Shakespeare plays,Shakespeare plays@1158784,-1,6.6656566551766465,213.70747,188.46712,3.9072000980377197
Shakespeare plays,Shakespeare plays@1232512,-1,8.077121790556445,229.054,196.82457,3.4969875812530518
Shakespeare plays,Shakespeare plays@1243904,-1,7.187871239320427,208.43164,188.6747,4.398277759552002
Shakespeare plays,Shakespeare plays@1248512,-1,8.32999927748785,195.91586,155.07959,3.828704595565796
Shakespeare plays,Shakespeare plays@1284608,-1,7.782627001533574,228.84177,187.15979,4.376810550689697
Shakespeare plays,Shakespeare plays@1284736,-1,8.549467325434378,215.28604,193.25812,4.8433732986450195
Shakespeare plays,Shakespeare plays@1295360,-1,11.657243681029334,207.73373,168.75386,4.0094685554504395
Shakespeare plays,Shakespeare plays@1304448,-1,11.854064316672384,186.89522,145.29686,4.442119121551514
Shakespeare plays,Shakespeare plays@1309312,-1,11.397251072795605,213.13838,169.33902,4.524922847747803
Shakespeare plays,Shakespeare plays@1310976,-1,7.5797405621304605,202.67589,166.97928,4.187475681304932
Shakespeare plays,Shakespeare plays@1316608,-1,10.755745253058722,207.87672,170.24753,4.560115814208984
Shakespeare plays,Shakespeare plays@1323264,-1,10.552548209455928,196.00333,171.54305,4.458446025848389
Shakespeare plays,Shakespeare plays@1378304,-1,8.079079642063279,203.6104,167.58171,4.436119556427002
Shakespeare plays,Shakespeare plays@1380352,-1,10.966672665102356,184.59613,157.67459,4.642330169677734
Baudelaire poems,Baudelaire poems@1024,-1,12.162327753811562,245.8193,184.73038,3.3650314807891846
Baudelaire poems,Baudelaire poems@1664,-1,11.670952878970168,253.80124,185.37865,3.307699680328369
Baudelaire poems,Baudelaire poems@1792,-1,10.764062119905084,251.74017,186.39706,4.027359962463379
Baudelaire poems,Baudelaire poems@2304,-1,11.913127360081747,246.29459,181.33871,3.9898838996887207
Baudelaire poems,Baudelaire poems@3200,-1,10.065322615801923,259.4356,189.28914,3.663060188293457
Baudelaire poems,Baudelaire poems@4608,-1,8.860377880267693,248.70456,178.96725,3.836503505706787
Baudelaire poems,Baudelaire poems@4992,-1,12.149864772196281,250.5632,180.79996,3.785372495651245
Baudelaire poems,Baudelaire poems@5888,-1,11.262442203508863,241.72209,180.31398,3.566408634185791
Baudelaire poems,Baudelaire poems@7680,-1,11.585398408990372,235.7415,177.0062,3.6431539058685303
Baudelaire poems,Baudelaire poems@7936,-1,10.0675777836101,250.11485,187.20274,3.4991958141326904
Baudelaire poems,Baudelaire poems@8064,-1,10.874461465331029,247.34866,184.13675,3.8564553260803223
Baudelaire poems,Baudelaire poems@8320,-1,12.311041934107829,228.23102,173.72342,3.91585636138916
Baudelaire poems,Baudelaire poems@8832,-1,8.173618661586554,246.09015,184.06046,3.2028915882110596
Baudelaire poems,Baudelaire poems@9344,-1,11.82047610360673,245.71223,182.87238,3.6379098892211914
Baudelaire poems,Baudelaire poems@9856,-1,9.62206872397944,245.80984,180.28001,3.5426719188690186
Baudelaire poems,Baudelaire poems@10752,-1,10.224023322940822,232.02217,173.375,3.257641077041626
Baudelaire poems,Baudelaire poems@11136,-1,11.64156609709846,244.50679,176.91829,4.08597993850708
Baudelaire poems,Baudelaire poems@12160,-1,12.793685335470409,252.77765,185.26414,3.774958610534668
Baudelaire poems,Baudelaire poems@14720,-1,11.969381778163772,254.1644,184.48328,3.683854818344116
Baudelaire poems,Baudelaire poems@15232,-1,13.345473193550667,254.07541,184.79948,4.203042030334473
Baudelaire poems,Baudelaire poems@16128,-1,8.164096624691242,261.96875,186.37627,3.450977325439453
Baudelaire poems,Baudelaire poems@16768,-1,9.702894697434992,256.58487,187.86975,3.7316060066223145
Baudelaire poems,Baudelaire poems@17536,-1,14.534250275271425,268.96338,193.412,3.4652597904205322
Baudelaire poems,Baudelaire poems@19200,-1,12.70109690831451,250.12297,185.12897,3.849796772003174
Baudelaire poems,Baudelaire poems@20224,-1,12.934381717014963,246.96469,182.90797,3.4991488456726074
Baudelaire poems,Baudelaire poems@21120,-1,13.699504711060262,230.73238,172.87604,3.9581663608551025
Baudelaire poems,Baudelaire poems@21632,-1,11.897724680678664,263.47314,192.45827,3.7347211837768555
Baudelaire poems,Baudelaire poems@21760,-1,9.731976900240616,234.92293,172.08961,4.127284049987793
Baudelaire poems,Baudelaire poems@22144,-1,12.608831752501857,247.30077,178.27379,3.9009039402008057
Baudelaire poems,Baudelaire poems@22272,-1,10.219182747544716,236.46863,179.53482,3.5691678524017334
Baudelaire poems,Baudelaire poems@22784,-1,11.531368026408842,258.7018,187.34549,3.677393674850464
Baudelaire poems,Baudelaire poems@24064,-1,10.872759143168253,254.77643,187.86548,4.099964141845703
Baudelaire poems,Baudelaire poems@24832,-1,16.689414422240198,246.87672,181.53728,3.6229355335235596
Baudelaire poems,Baudelaire poems@24960,-1,10.722288302672103,252.22702,185.15654,3.6576693058013916
Baudelaire poems,Baudelaire poems@25472,-1,11.966719985183486,249.82639,185.8183,3.4876270294189453
Baudelaire poems,Baudelaire poems@27520,-1,10.428760735393789,231.00183,176.44511,3.759765148162842
Baudelaire poems,Baudelaire poems@28160,-1,10.292863048159388,255.51418,190.5545,3.6108264923095703
Baudelaire poems,Baudelaire poems@29184,-1,12.669401620159512,245.13644,181.45952,4.257828712463379
Baudelaire poems,Baudelaire poems@30208,-1,9.96592263786364,244.81856,181.64815,3.5844314098358154
Baudelaire poems,Baudelaire poems@30976,-1,12.011247411899012,250.60182,188.17271,3.4814231395721436
Baudelaire poems,Baudelaire poems@31104,-1,12.589091678464262,253.60219,183.99893,3.6455721855163574
Baudelaire poems,Baudelaire poems@32128,-1,10.484802540030683,262.29236,188.06473,3.6560208797454834
Baudelaire poems,Baudelaire poems@32512,-1,11.15586097655193,260.2242,192.8851,3.805293321609497
Baudelaire poems,Baudelaire poems@32640,-1,8.72081629044339,250.98837,182.2311,3.8614649772644043
Baudelaire poems,Baudelaire poems@33408,-1,17.203833511237438,256.81314,188.67342,4.013002872467041
Baudelaire poems,Baudelaire poems@33792,-1,14.168056242613579,248.7935,185.51811,3.6601402759552
Baudelaire poems,Baudelaire poems@34560,-1,9.624376312782124,233.17213,177.17424,3.957566738128662
Baudelaire poems,Baudelaire poems@34688,-1,7.174384527748085,250.70174,184.27432,3.4773948192596436
Baudelaire poems,Baudelaire poems@37248,-1,11.536819678514703,253.80453,186.03003,3.376089572906494
Baudelaire poems,Baudelaire poems@37888,-1,10.427964043377271,230.94081,178.17513,4.2277421951293945
Baudelaire poems,Baudelaire poems@38144,-1,11.603167180910583,243.4473,181.96497,3.4079325199127197
Baudelaire poems,Baudelaire poems@38272,-1,15.602655490430697,246.81291,181.78543,4.0292463302612305
Baudelaire poems,Baudelaire poems@38400,-1,13.171346626104139,247.38495,186.97842,3.8256218433380127
Baudelaire poems,Baudelaire poems@38784,-1,10.546880065288166,246.56674,179.01903,3.7399961948394775
Baudelaire poems,Baudelaire poems@38912,-1,12.976820467411429,265.53802,191.34329,3.2204513549804688
Baudelaire poems,Baudelaire poems@39296,-1,9.175438860975413,255.81383,189.19533,3.441610097885132
Baudelaire poems,Baudelaire poems@39424,-1,9.002115267647222,261.63956,188.87285,3.336092472076416
Baudelaire poems,Baudelaire poems@40448,-1,8.270685102274022,244.2528,180.71173,3.2930054664611816
Baudelaire poems,Baudelaire poems@42112,-1,10.418791049145263,253.63583,184.75763,3.887145519256592
Baudelaire poems,Baudelaire poems@42368,-1,10.414946784104801,234.94809,179.62413,3.9524261951446533
Mallarmé poems,Mallarmé poems@0,-1,10.790548605958003,245.66904,183.0965,4.314723491668701
Mallarmé poems,Mallarmé poems@384,-1,12.24900151535823,248.015,181.36888,3.801302433013916
Mallarmé poems,Mallarmé poems@512,-1,11.961592200291653,238.98264,177.4169,4.26984977722168
Mallarmé poems,Mallarmé poems@1024,-1,11.34699134917519,248.28871,184.01253,4.274945259094238
Mallarmé poems,Mallarmé poems@1152,-1,14.51417207136288,250.39597,185.24298,3.888838291168213
Mallarmé poems,Mallarmé poems@1408,-1,12.077770673335058,227.7599,179.58679,4.635476112365723
Mallarmé poems,Mallarmé poems@1920,-1,11.506670667820082,258.2393,183.74701,3.8402559757232666
Mallarmé poems,Mallarmé poems@2432,-1,11.09645230532434,239.63054,184.08037,3.974836587905884
Mallarmé poems,Mallarmé poems@2560,-1,10.462739350900781,241.9213,178.064,4.020179271697998
Mallarmé poems,Mallarmé poems@2816,-1,11.992030771734404,229.61017,176.80418,3.9954781532287598
Mallarmé poems,Mallarmé poems@3072,-1,8.88134752030197,234.37376,180.08875,4.41571569442749
Mallarmé poems,Mallarmé poems@4096,-1,11.685274055871256,244.3735,181.67343,4.001567840576172
Mallarmé poems,Mallarmé poems@4608,-1,9.848315946652287,244.2079,186.83096,4.140186786651611
Mallarmé poems,Mallarmé poems@4864,-1,9.595992599206115,250.91515,180.39268,3.7199034690856934
Mallarmé poems,Mallarmé poems@5632,-1,14.05225023196786,254.6666,185.36885,4.210241317749023
Mallarmé poems,Mallarmé poems@5888,-1,12.926722129392445,254.26117,181.34428,4.122683048248291
Mallarmé poems,Mallarmé poems@6272,-1,11.967076367546838,248.53423,184.80916,3.8686130046844482
Mallarmé poems,Mallarmé poems@6784,-1,10.096644881141085,244.56123,180.84012,4.107414245605469
Mallarmé poems,Mallarmé poems@6912,-1,11.609187979897996,229.99483,169.66953,4.603938579559326
Mallarmé poems,Mallarmé poems@7168,-1,7.845688508911704,234.61691,182.72423,3.4669101238250732
Mallarmé poems,Mallarmé poems@7296,-1,8.996195672095142,247.9695,184.7562,3.810396909713745
Mallarmé poems,Mallarmé poems@7424,-1,10.238551684918262,234.47281,182.78479,3.832202672958374
Mallarmé poems,Mallarmé poems@7808,-1,11.3300878674942,234.75963,177.14503,3.8549704551696777
Mallarmé poems,Mallarmé poems@7936,-1,10.27904412802527,229.30176,177.46048,3.9292924404144287
Mallarmé poems,Mallarmé poems@8576,-1,11.632018621039899,231.17462,175.01622,4.302572727203369
Mallarmé poems,Mallarmé poems@8704,-1,11.014841995191524,234.28992,175.09448,4.31668758392334
Mallarmé poems,Mallarmé poems@8832,-1,10.370661044910213,248.03343,183.57921,4.1638102531433105
Mallarmé poems,Mallarmé poems@8960,-1,11.215381020560704,225.94032,170.83275,4.772119998931885
Mallarmé poems,Mallarmé poems@9216,-1,12.126602701459412,223.94278,170.07112,4.772078990936279
Mallarmé poems,Mallarmé poems@9344,-1,8.53034146686955,240.99152,183.71983,3.9424901008605957
Mallarmé poems,Mallarmé poems@9472,-1,12.463613624726179,244.15894,183.31296,3.903294801712036
Mallarmé poems,Mallarmé poems@9856,-1,10.683119793315717,243.8036,182.37576,3.8243825435638428
Mallarmé poems,Mallarmé poems@9984,-1,11.544960363729302,241.31595,182.43192,4.018272876739502
Mallarmé poems,Mallarmé poems@10240,-1,11.519930481948622,256.98096,185.40111,3.9634320735931396
Mallarmé poems,Mallarmé poems@10624,-1,10.89157718079204,246.74683,178.8823,4.060281753540039
Mallarmé poems,Mallarmé poems@10880,-1,10.057587652559782,226.14954,174.55072,3.9228928089141846
Mallarmé poems,Mallarmé poems@11264,-1,10.574375492078138,250.94891,182.3862,4.475532054901123
Mallarmé poems,Mallarmé poems@12288,-1,11.965054278117895,211.37358,156.26225,4.539579391479492
Mallarmé poems,Mallarmé poems@12544,-1,11.324313623555796,218.29605,172.80344,4.16269063949585
Mallarmé poems,Mallarmé poems@12928,-1,10.351178239671485,239.85881,179.16728,4.513699054718018
Mallarmé poems,Mallarmé poems@13184,-1,7.68735762760857,252.87737,181.62929,4.545358180999756
Mallarmé poems,Mallarmé poems@13568,-1,8.581318188594778,248.09286,186.72293,3.428586721420288
Mallarmé poems,Mallarmé poems@13696,-1,9.007295963928703,247.43935,180.87788,4.518435955047607
Mallarmé poems,Mallarmé poems@13952,-1,9.070218248795213,245.0438,180.60855,4.6438093185424805
Mallarmé poems,Mallarmé poems@14080,-1,14.52072968222752,250.60278,189.1488,3.7555880546569824
Mallarmé poems,Mallarmé poems@14336,-1,9.633153405804839,249.62288,182.487,3.9581387042999268
Mallarmé poems,Mallarmé poems@14464,-1,12.126022890636404,243.55821,179.30624,4.612743854522705
Mallarmé poems,Mallarmé poems@14592,-1,11.038378155049145,243.64334,177.22488,4.31361198425293
Mallarmé poems,Mallarmé poems@14720,-1,11.102168671427085,237.21294,178.55348,4.932447910308838
Mallarmé poems,Mallarmé poems@14848,-1,9.714183346272506,246.35318,174.379,4.67027473449707
Mallarmé poems,Mallarmé poems@15104,-1,12.512204247253663,236.58055,178.8514,4.383657455444336
Mallarmé poems,Mallarmé poems@15360,-1,11.420102456209053,244.33223,175.20724,4.761105537414551
Mallarmé poems,Mallarmé poems@15744,-1,13.348801575901588,240.59227,176.99634,4.581545352935791
Mallarmé poems,Mallarmé poems@16128,-1,12.283680709987925,255.11969,184.75726,4.737800598144531
Mallarmé poems,Mallarmé poems@16256,-1,13.0400078019776,241.39658,177.52745,4.579751491546631
Mallarmé poems,Mallarmé poems@16384,-1,10.97087849402528,249.0445,184.01562,4.3186354637146
Mallarmé poems,Mallarmé poems@16512,-1,9.030678709538735,253.37625,189.05495,4.4101715087890625
Mallarmé poems,Mallarmé poems@16768,-1,9.900651040567967,254.24295,186.06718,4.094947814941406
Mallarmé poems,Mallarmé poems@16896,-1,13.318170522970822,247.86426,178.18484,4.5354695320129395
Mallarmé poems,Mallarmé poems@17024,-1,11.047315567729099,251.93542,182.52072,4.226131439208984
Beckett L'Innommable,Beckett L'Innommable@512,-1,8.012637621405338,218.90527,166.72163,3.2135531902313232
Beckett L'Innommable,Beckett L'Innommable@1280,-1,10.389913836039709,248.18454,190.45401,3.218644857406616
Beckett L'Innommable,Beckett L'Innommable@4096,-1,9.078791551357762,237.47179,183.13255,3.2967491149902344
Beckett L'Innommable,Beckett L'Innommable@6272,-1,12.185742251963418,230.38095,180.25891,2.8775062561035156
Beckett L'Innommable,Beckett L'Innommable@8192,-1,8.293132381678598,232.90836,183.0349,2.8262414932250977
Beckett L'Innommable,Beckett L'Innommable@8576,-1,11.604611736362992,232.26117,178.29422,3.0030534267425537
Beckett L'Innommable,Beckett L'Innommable@11392,-1,13.137935154620179,245.68988,186.57326,3.261168956756592
Beckett L'Innommable,Beckett L'Innommable@17280,-1,10.50225666206025,224.02591,173.29474,2.848604679107666
Beckett L'Innommable,Beckett L'Innommable@22656,-1,9.615398436769803,236.75058,185.40164,2.872694969177246
Beckett L'Innommable,Beckett L'Innommable@24192,-1,12.83631606126029,230.16548,179.92868,2.8854308128356934
Beckett L'Innommable,Beckett L'Innommable@29824,-1,11.680996486632582,234.42784,176.2061,3.637465715408325
Beckett L'Innommable,Beckett L'Innommable@31744,-1,11.096117461768193,219.17323,175.08273,3.429102897644043
Beckett L'Innommable,Beckett L'Innommable@32256,-1,12.793707395299483,220.10454,174.54549,3.2412185668945312
Beckett L'Innommable,Beckett L'Innommable@35584,-1,10.880905079493397,231.84756,181.6105,3.265617609024048
Beckett L'Innommable,Beckett L'Innommable@36480,-1,9.41637169123291,236.9078,179.84666,3.4402358531951904
Beckett L'Innommable,Beckett L'Innommable@37120,-1,9.404154269649124,226.75233,178.25108,3.450374126434326
Beckett L'Innommable,Beckett L'Innommable@41472,-1,9.643208145842507,236.90715,184.67755,3.375277280807495
Beckett L'Innommable,Beckett L'Innommable@41600,-1,12.092544139848714,249.23474,186.02806,3.6209497451782227
Beckett L'Innommable,Beckett L'Innommable@42112,-1,12.498973513116589,236.6751,181.8026,3.2329323291778564
Beckett L'Innommable,Beckett L'Innommable@42368,-1,12.921371978150153,238.55205,187.67996,3.0971004962921143
Beckett L'Innommable,Beckett L'Innommable@45952,-1,9.29078100259602,226.28261,183.1092,3.1737804412841797
Beckett L'Innommable,Beckett L'Innommable@46720,-1,11.18137051337005,235.21007,183.54094,3.440385103225708
Beckett L'Innommable,Beckett L'Innommable@47616,-1,11.244402927968926,252.16411,187.3354,3.436807632446289
Beckett L'Innommable,Beckett L'Innommable@49280,-1,10.296636570594726,232.66296,175.78316,3.318901538848877
Beckett L'Innommable,Beckett L'Innommable@49536,-1,13.28479239194303,222.87997,171.05469,3.3499715328216553
Beckett L'Innommable,Beckett L'Innommable@52992,-1,16.428104909498252,225.2794,173.304,3.756746530532837
Beckett L'Innommable,Beckett L'Innommable@54784,-1,10.044429761876662,222.52426,171.9318,3.318680763244629
Beckett L'Innommable,Beckett L'Innommable@57856,-1,10.771360437064436,217.38417,165.19466,3.2532894611358643
Beckett L'Innommable,Beckett L'Innommable@58752,-1,10.895209288568985,219.74847,175.96901,2.9441230297088623
Beckett L'Innommable,Beckett L'Innommable@60672,-1,10.546536408760955,221.17853,168.1994,3.5431270599365234
Beckett L'Innommable,Beckett L'Innommable@61696,-1,12.084183625199051,246.84439,189.51593,2.8271665573120117
Beckett L'Innommable,Beckett L'Innommable@62976,-1,12.229735440776901,230.81755,176.71552,2.998603582382202
Beckett L'Innommable,Beckett L'Innommable@67840,-1,13.202581146219778,219.5478,175.61879,3.5763516426086426
Beckett L'Innommable,Beckett L'Innommable@69120,-1,14.549615014442884,216.52438,175.43643,3.261054277420044
Beckett L'Innommable,Beckett L'Innommable@70144,-1,7.305247263390079,204.35507,165.52812,2.6011037826538086
Beckett L'Innommable,Beckett L'Innommable@70272,-1,11.78403937538197,219.36006,178.81595,3.3530662059783936
Beckett L'Innommable,Beckett L'Innommable@71680,-1,12.45178205588145,221.58228,169.0496,3.385786533355713
Beckett L'Innommable,Beckett L'Innommable@73344,-1,9.110910895043945,239.0433,180.11752,2.8945815563201904
Beckett L'Innommable,Beckett L'Innommable@76160,-1,8.210002325147501,210.915,167.30089,2.8549931049346924
Beckett L'Innommable,Beckett L'Innommable@76544,-1,5.869795020222186,206.37567,156.79433,2.30318284034729
Beckett L'Innommable,Beckett L'Innommable@77824,-1,8.358844735659003,208.29533,163.8078,2.9166817665100098
Beckett L'Innommable,Beckett L'Innommable@78464,-1,9.455301935166462,205.10336,159.79727,2.8524794578552246
Beckett L'Innommable,Beckett L'Innommable@79616,-1,10.819423449523905,211.09604,168.36098,2.9005534648895264
Beckett L'Innommable,Beckett L'Innommable@79744,-1,7.669291216605269,200.23631,153.21837,2.8417084217071533
Beckett L'Innommable,Beckett L'Innommable@79872,-1,7.6905286660775465,222.37398,173.6815,2.9764132499694824
Beckett L'Innommable,Beckett L'Innommable@80896,-1,8.985194880104201,230.34128,178.48627,3.5649285316467285
Beckett L'Innommable,Beckett L'Innommable@81024,-1,10.256888330711275,221.36624,175.66241,3.7684128284454346
Beckett L'Innommable,Beckett L'Innommable@85248,-1,11.019928025455686,217.25317,165.72816,2.566678285598755
Beckett L'Innommable,Beckett L'Innommable@86656,-1,11.392793256569755,217.57524,171.01372,3.4362428188323975
Beckett L'Innommable,Beckett L'Innommable@88064,-1,10.56167483982589,209.11807,164.00708,3.1258349418640137
Beckett L'Innommable,Beckett L'Innommable@89728,-1,8.59047996332087,220.35606,175.37239,2.760009288787842
Beckett L'Innommable,Beckett L'Innommable@91392,-1,8.411415458646763,229.05215,178.37364,3.11480712890625
Beckett L'Innommable,Beckett L'Innommable@93312,-1,8.172345041552278,222.1853,164.4383,2.8255863189697266
Beckett L'Innommable,Beckett L'Innommable@95360,-1,8.150107637406505,206.44394,162.8231,2.765392303466797
Beckett L'Innommable,Beckett L'Innommable@95872,-1,8.10666682627704,224.16824,179.04507,3.500154972076416
Beckett L'Innommable,Beckett L'Innommable@97152,-1,9.365196939433106,209.06644,166.05438,3.3251001834869385
Beckett L'Innommable,Beckett L'Innommable@98176,-1,9.389816861195554,219.73026,172.30382,3.144455909729004
Beckett L'Innommable,Beckett L'Innommable@99584,-1,7.54697409668412,215.29474,161.70872,2.943084955215454
Beckett L'Innommable,Beckett L'Innommable@100992,-1,7.168739328911125,221.98882,164.68114,2.47149658203125
Beckett L'Innommable,Beckett L'Innommable@101504,-1,5.7376348829470745,197.93639,193.81065,3.7266900539398193
Ramanujan proof (Andrews ch.5),Ramanujan proof (Andrews ch.5)@128,-1,8.6161098298943,190.18715,188.43678,2.53841233253479
Ramanujan proof (Andrews ch.5),Ramanujan proof (Andrews ch.5)@384,-1,10.948816789934677,220.85661,204.01137,1.9615129232406616
Ramanujan proof (Andrews ch.5),Ramanujan proof (Andrews ch.5)@640,-1,12.50582776640229,195.2582,166.13316,3.1649281978607178
Ramanujan proof (Andrews ch.5),Ramanujan proof (Andrews ch.5)@768,-1,9.848220211032285,199.38203,174.44058,3.4692893028259277
Ramanujan proof (Andrews ch.5),Ramanujan proof (Andrews ch.5)@896,-1,12.645761399018374,200.7501,169.4468,3.8894546031951904
Ramanujan proof (Andrews ch.5),Ramanujan proof (Andrews ch.5)@1152,-1,8.469815033120275,194.4944,183.68553,4.010432720184326
Ramanujan proof (Andrews ch.5),Ramanujan proof (Andrews ch.5)@1408,-1,6.897438263346966,150.80951,144.53848,2.5922203063964844
Ramanujan proof (Andrews ch.5),Ramanujan proof (Andrews ch.5)@1536,-1,7.818886848465291,170.42706,156.2482,2.438382148742676
Ramanujan proof (Andrews ch.5),Ramanujan proof (Andrews ch.5)@1664,-1,9.625209680842302,182.89474,167.7567,3.398024082183838
Ramanujan proof (Andrews ch.5),Ramanujan proof (Andrews ch.5)@1792,-1,9.746850179120853,194.14848,171.14012,3.529651641845703
Ramanujan proof (Andrews ch.5),Ramanujan proof (Andrews ch.5)@1920,-1,10.544151938372982,196.1672,171.70355,3.1881587505340576
Ramanujan proof (Andrews ch.5),Ramanujan proof (Andrews ch.5)@2048,-1,10.49342415544737,162.78705,142.14203,4.190086364746094
Ramanujan proof (Andrews ch.5),Ramanujan proof (Andrews ch.5)@2176,-1,7.535029389115731,194.4591,157.32219,3.6151671409606934
Ramanujan proof (Andrews ch.5),Ramanujan proof (Andrews ch.5)@2304,-1,10.231401064038009,193.13354,174.91321,3.231527090072632
Ramanujan proof (Andrews ch.5),Ramanujan proof (Andrews ch.5)@2432,-1,10.687535514129706,183.0199,166.11288,3.4873337745666504
Ramanujan proof (Andrews ch.5),Ramanujan proof (Andrews ch.5)@2560,-1,9.611946119377288,175.96767,158.15007,3.8393654823303223
Ramanujan proof (Andrews ch.5),Ramanujan proof (Andrews ch.5)@2688,-1,9.929675727797513,191.21188,169.40039,3.491001605987549
Ramanujan proof (Andrews ch.5),Ramanujan proof (Andrews ch.5)@2816,-1,10.363804366113598,196.38597,168.52812,3.1327812671661377
Ramanujan proof (Andrews ch.5),Ramanujan proof (Andrews ch.5)@2944,-1,11.609514982688347,183.95917,160.40587,4.076496124267578
Ramanujan proof (Andrews ch.5),Ramanujan proof (Andrews ch.5)@3072,-1,8.59688742459287,151.61153,137.71823,4.498086452484131
Ramanujan proof (Andrews ch.5),Ramanujan proof (Andrews ch.5)@3584,-1,8.94013012319165,162.07744,136.80342,4.243930339813232
Ramanujan proof (Andrews ch.5),Ramanujan proof (Andrews ch.5)@3840,-1,9.045409519844478,187.1485,167.25159,3.1523020267486572
Ramanujan proof (Andrews ch.5),Ramanujan proof (Andrews ch.5)@3968,-1,8.462347752246005,152.03683,131.72475,5.010656356811523
Ramanujan proof (Andrews ch.5),Ramanujan proof (Andrews ch.5)@4096,-1,9.99059422472021,153.17107,140.6922,4.383246898651123
Ramanujan proof (Andrews ch.5),Ramanujan proof (Andrews ch.5)@4224,-1,8.829647740902303,171.17345,157.3702,3.119001865386963
Ramanujan proof (Andrews ch.5),Ramanujan proof (Andrews ch.5)@4352,-1,8.666153616762594,159.52797,135.89633,3.4723386764526367
Ramanujan proof (Andrews ch.5),Ramanujan proof (Andrews ch.5)@4480,-1,7.445075545920445,181.0228,145.3141,4.4653401374816895
Ramanujan proof (Andrews ch.5),Ramanujan proof (Andrews ch.5)@4608,-1,7.696246552918914,152.46501,127.25132,4.173220634460449
Ramanujan proof (Andrews ch.5),Ramanujan proof (Andrews ch.5)@4992,-1,7.79548183627355,166.0955,137.72612,3.5358200073242188
Ramanujan proof (Andrews ch.5),Ramanujan proof (Andrews ch.5)@5120,-1,6.7434857923560605,147.60332,123.49893,3.563218355178833
Ramanujan proof (Andrews ch.5),Ramanujan proof (Andrews ch.5)@5248,-1,7.470429400791805,161.00835,142.02203,3.7169885635375977
Ramanujan proof (Andrews ch.5),Ramanujan proof (Andrews ch.5)@5376,-1,6.763863016637031,150.4446,125.012695,3.859973669052124
Ramanujan proof (Andrews ch.5),Ramanujan proof (Andrews ch.5)@5504,-1,7.544366220655179,159.49806,135.87418,3.676082134246826
Ramanujan proof (Andrews ch.5),Ramanujan proof (Andrews ch.5)@5632,-1,8.09292808669886,186.99605,165.27924,2.5253329277038574
Ramanujan proof (Andrews ch.5),Ramanujan proof (Andrews ch.5)@5760,-1,7.335526404122828,169.26517,146.10818,3.129727363586426
Ramanujan proof (Andrews ch.5),Ramanujan proof (Andrews ch.5)@5888,-1,10.18467341188626,185.1079,167.60216,3.969843864440918
Ramanujan proof (Andrews ch.5),Ramanujan proof (Andrews ch.5)@6272,-1,8.464327560775164,173.58652,167.11694,4.052030086517334
Ramanujan proof (Andrews ch.5),Ramanujan proof (Andrews ch.5)@6400,-1,7.789920400274549,146.12602,138.29318,2.6590042114257812
Ramanujan proof (Andrews ch.5),Ramanujan proof (Andrews ch.5)@6528,-1,8.287734042491342,174.46321,157.5125,3.865032911300659
Ramanujan proof (Andrews ch.5),Ramanujan proof (Andrews ch.5)@6656,-1,7.614477440714005,181.2231,146.50798,4.12702751159668
Ramanujan proof (Andrews ch.5),Ramanujan proof (Andrews ch.5)@6912,-1,10.729405869138466,156.45595,119.067116,4.75462007522583
Ramanujan proof (Andrews ch.5),Ramanujan proof (Andrews ch.5)@7040,-1,8.253661784987576,172.57669,137.21979,4.018773555755615
Ramanujan proof (Andrews ch.5),Ramanujan proof (Andrews ch.5)@7168,-1,9.319929525879685,146.88628,115.90776,4.786334991455078
Ramanujan proof (Andrews ch.5),Ramanujan proof (Andrews ch.5)@7296,-1,7.700591749300005,156.07668,133.46704,4.021045684814453
Ramanujan proof (Andrews ch.5),Ramanujan proof (Andrews ch.5)@7424,-1,9.410993946564412,161.29907,135.13576,3.782811164855957
Ramanujan proof (Andrews ch.5),Ramanujan proof (Andrews ch.5)@7552,-1,7.215716682568737,170.02977,152.32156,3.0934760570526123
Ramanujan proof (Andrews ch.5),Ramanujan proof (Andrews ch.5)@7680,-1,7.771864005435898,176.21452,155.69997,3.852522373199463
Ramanujan proof (Andrews ch.5),Ramanujan proof (Andrews ch.5)@7808,-1,8.08139529253492,193.57332,176.60196,3.587395429611206
Ramanujan proof (Andrews ch.5),Ramanujan proof (Andrews ch.5)@7936,-1,8.576056699679963,213.30058,184.06198,2.7094802856445312
Ramanujan proof (Andrews ch.5),Ramanujan proof (Andrews ch.5)@8064,-1,7.070320817232965,219.55173,179.02994,2.5246453285217285
Ramanujan proof (Andrews ch.5),Ramanujan proof (Andrews ch.5)@8192,-1,5.996859724728303,191.0648,156.74498,2.3773443698883057
Ramanujan proof (Andrews ch.5),Ramanujan proof (Andrews ch.5)@8320,-1,10.693171192424307,219.06555,185.31659,2.8791260719299316
Ramanujan proof (Andrews ch.5),Ramanujan proof (Andrews ch.5)@8448,-1,9.930583605380349,220.5811,179.21915,1.9813047647476196
Ramanujan proof (Andrews ch.5),Ramanujan proof (Andrews ch.5)@8576,-1,10.592978856826713,215.86394,182.0865,2.2474300861358643
Ramanujan proof (Andrews ch.5),Ramanujan proof (Andrews ch.5)@8704,-1,7.006282791810425,214.28691,174.35922,1.7509524822235107
Ramanujan proof (Andrews ch.5),Ramanujan proof (Andrews ch.5)@9216,-1,11.081303319007446,221.23932,183.51022,1.714595079421997
Ramanujan proof (Andrews ch.5),Ramanujan proof (Andrews ch.5)@9344,-1,7.158693250293086,209.15857,172.96007,1.7941125631332397
Ramanujan proof (Andrews ch.5),Ramanujan proof (Andrews ch.5)@9600,-1,11.216883586206208,233.34875,183.26697,1.671867847442627
Ramanujan proof (Andrews ch.5),Ramanujan proof (Andrews ch.5)@9728,-1,8.736614460054815,219.54396,177.49776,1.9605803489685059
Ramanujan proof (Andrews ch.5),Ramanujan proof (Andrews ch.5)@9856,-1,7.78981115468304,206.56714,171.5976,2.3504526615142822
Math ch.1 (elementary),Math ch.1 (elementary)@0,-1,9.387400685142431,184.09499,173.86345,2.4979312419891357
Math ch.1 (elementary),Math ch.1 (elementary)@128,-1,9.966110320898487,184.47418,166.92831,3.4940152168273926
Math ch.1 (elementary),Math ch.1 (elementary)@256,-1,8.879613472726449,194.15282,159.94145,2.2224555015563965
Math ch.1 (elementary),Math ch.1 (elementary)@384,-1,8.03770415799133,212.15929,185.38713,2.1220755577087402
Math ch.1 (elementary),Math ch.1 (elementary)@512,-1,7.591465510174864,190.89621,172.88718,1.5468144416809082
Math ch.1 (elementary),Math ch.1 (elementary)@640,-1,5.385275150802361,176.12605,129.60374,1.45574152469635
Math ch.1 (elementary),Math ch.1 (elementary)@896,-1,7.774592254330789,174.666,166.61726,2.3807761669158936
Math ch.1 (elementary),Math ch.1 (elementary)@1024,-1,5.777918159722713,175.69879,133.52629,1.8896706104278564
Math ch.1 (elementary),Math ch.1 (elementary)@1152,-1,4.903359017651898,185.7003,129.361,1.540245771408081
Math ch.1 (elementary),Math ch.1 (elementary)@1280,-1,5.739476014313573,170.3048,122.43599,1.4622915983200073
Math ch.1 (elementary),Math ch.1 (elementary)@1536,-1,9.62827125210127,192.71446,180.31396,3.157623052597046
Math ch.1 (elementary),Math ch.1 (elementary)@1664,-1,11.056346536273075,209.32718,171.66428,2.900369882583618
Math ch.1 (elementary),Math ch.1 (elementary)@1792,-1,8.905026492597655,189.34352,173.03542,3.2028591632843018
Math ch.1 (elementary),Math ch.1 (elementary)@1920,-1,7.860778369799711,185.60362,166.34682,2.9100866317749023
Math ch.1 (elementary),Math ch.1 (elementary)@2048,-1,9.220310348862201,169.96843,151.61356,3.5682296752929688
Math ch.1 (elementary),Math ch.1 (elementary)@2176,-1,7.196598783807484,167.01938,151.32567,2.7880749702453613
Math ch.1 (elementary),Math ch.1 (elementary)@2304,-1,8.26505672739678,172.42279,155.35178,3.8138272762298584
Math ch.1 (elementary),Math ch.1 (elementary)@2432,-1,10.416175488635908,181.4282,167.10216,3.7018442153930664
Math ch.1 (elementary),Math ch.1 (elementary)@2560,-1,8.480910389238517,158.68037,144.30186,4.347751617431641
Math ch.1 (elementary),Math ch.1 (elementary)@2688,-1,10.984670412378149,185.15247,159.70142,3.139885663986206
Math ch.1 (elementary),Math ch.1 (elementary)@2816,-1,9.017784509070323,195.63954,172.57352,3.014845848083496
Math ch.1 (elementary),Math ch.1 (elementary)@2944,-1,9.023237258288356,177.20767,160.85898,3.6160888671875
Math ch.1 (elementary),Math ch.1 (elementary)@3072,-1,9.431744221423443,177.53696,161.2126,2.714895248413086
Math ch.1 (elementary),Math ch.1 (elementary)@3200,-1,7.529474451136473,200.74728,173.456,2.999601125717163
Math ch.1 (elementary),Math ch.1 (elementary)@3328,-1,7.394583146180065,181.92123,156.6397,2.6620664596557617
Math ch.1 (elementary),Math ch.1 (elementary)@3456,-1,9.662923980158062,182.7832,153.15292,2.972062349319458
Math ch.1 (elementary),Math ch.1 (elementary)@3584,-1,8.854982328846004,194.13538,162.08868,2.3279709815979004
Math ch.1 (elementary),Math ch.1 (elementary)@3712,-1,7.0045144356265245,188.49603,158.83392,2.656485080718994
Math ch.1 (elementary),Math ch.1 (elementary)@3840,-1,4.524588275910069,195.05156,144.20128,1.7138903141021729
Math ch.1 (elementary),Math ch.1 (elementary)@3968,-1,9.663262591478281,184.81274,160.77884,2.6339566707611084
Math ch.1 (elementary),Math ch.1 (elementary)@4096,-1,7.071835409446247,180.25706,150.78404,2.141620397567749
Math ch.1 (elementary),Math ch.1 (elementary)@4224,-1,6.566086996861512,209.98035,180.45709,2.274815082550049
Math ch.1 (elementary),Math ch.1 (elementary)@4352,-1,10.446600134456794,189.66055,166.3175,2.8962390422821045
Math ch.1 (elementary),Math ch.1 (elementary)@4480,-1,11.442138619473953,185.3346,163.96948,3.6038084030151367
Math ch.1 (elementary),Math ch.1 (elementary)@4608,-1,8.263059456302784,177.74277,162.68663,3.5089337825775146
Math ch.1 (elementary),Math ch.1 (elementary)@4736,-1,9.278488461547576,171.75754,162.17432,3.3524513244628906
Math ch.1 (elementary),Math ch.1 (elementary)@4864,-1,8.901712268637196,188.78426,169.01118,2.540327787399292
Math ch.1 (elementary),Math ch.1 (elementary)@4992,-1,9.54313787014974,189.01816,156.54019,2.9770379066467285
Math ch.1 (elementary),Math ch.1 (elementary)@5120,-1,6.896259968590471,160.7588,129.91364,4.190737247467041
Math ch.1 (elementary),Math ch.1 (elementary)@5248,-1,8.236837993093593,175.52364,148.21739,3.087477445602417
Math ch.1 (elementary),Math ch.1 (elementary)@5376,-1,7.4937254358938,164.93451,135.45264,2.683044910430908
Math ch.1 (elementary),Math ch.1 (elementary)@5504,-1,7.72849452682241,178.93578,156.91086,3.366295337677002
Math ch.1 (elementary),Math ch.1 (elementary)@5632,-1,7.983881492338597,198.05864,166.612,1.868367075920105
Math ch.1 (elementary),Math ch.1 (elementary)@5760,-1,9.321084567577493,179.24593,150.6034,2.2626254558563232
Math ch.1 (elementary),Math ch.1 (elementary)@5888,-1,9.35245928210898,187.57057,158.58789,2.50989031791687
Math ch.1 (elementary),Math ch.1 (elementary)@6016,-1,8.519480797873458,195.71718,161.57326,3.161140203475952
Math ch.1 (elementary),Math ch.1 (elementary)@6144,-1,9.860902948998437,184.13509,161.79807,2.803447961807251
Math ch.1 (elementary),Math ch.1 (elementary)@6272,-1,9.82689876566608,185.51686,159.3206,3.1884357929229736
Math ch.1 (elementary),Math ch.1 (elementary)@6400,-1,9.832773214376555,198.23636,170.82118,2.219642162322998
Math ch.1 (elementary),Math ch.1 (elementary)@6528,-1,8.131630571884115,226.54059,194.99182,2.171557903289795
Math ch.1 (elementary),Math ch.1 (elementary)@6656,-1,7.558625683992436,214.50311,178.27414,2.339345932006836
Math ch.1 (elementary),Math ch.1 (elementary)@6784,-1,5.8897536755223525,205.9182,158.28073,2.0300400257110596
Math ch.1 (elementary),Math ch.1 (elementary)@6912,-1,7.899710374548962,209.5288,170.07443,1.8242404460906982
Math ch.1 (elementary),Math ch.1 (elementary)@7040,-1,8.574296739020392,215.86682,178.76729,2.1962215900421143
Math ch.1 (elementary),Math ch.1 (elementary)@7168,-1,10.751553812083602,215.62204,187.13286,2.6962831020355225
Math ch.1 (elementary),Math ch.1 (elementary)@7296,-1,10.809162906786732,220.90173,180.96564,1.7826628684997559
Math ch.1 (elementary),Math ch.1 (elementary)@7424,-1,7.983324660593627,208.2777,172.30879,1.9430135488510132
Math ch.1 (elementary),Math ch.1 (elementary)@7552,-1,8.353042590301522,222.26192,178.97847,2.0869674682617188
Math ch.1 (elementary),Math ch.1 (elementary)@7680,-1,9.178597534984497,220.6569,185.96169,1.9794766902923584
Math ch.1 (elementary),Math ch.1 (elementary)@7936,-1,11.158765830541673,203.54327,169.55803,2.519869089126587
Math ch.13 (combinatorics),Math ch.13 (combinatorics)@128,-1,9.577297097749742,207.59981,177.42035,2.7902939319610596
Math ch.13 (combinatorics),Math ch.13 (combinatorics)@256,-1,11.853140583606075,208.76364,188.08069,2.704925298690796
Math ch.13 (combinatorics),Math ch.13 (combinatorics)@384,-1,12.427586444526446,223.42683,200.7529,2.2403078079223633
Math ch.13 (combinatorics),Math ch.13 (combinatorics)@512,-1,10.003590193392426,180.25366,152.35971,2.3078911304473877
Math ch.13 (combinatorics),Math ch.13 (combinatorics)@640,-1,9.757146189873827,171.50989,151.17885,3.099538803100586
Math ch.13 (combinatorics),Math ch.13 (combinatorics)@768,-1,8.829249417711196,183.15599,162.85677,3.6351494789123535
Math ch.13 (combinatorics),Math ch.13 (combinatorics)@896,-1,6.551874880565244,177.89017,131.3766,2.6278481483459473
Math ch.13 (combinatorics),Math ch.13 (combinatorics)@1024,-1,5.542788302426849,148.52046,107.9854,1.6193437576293945
Math ch.13 (combinatorics),Math ch.13 (combinatorics)@1152,-1,8.065641468341308,193.97006,160.12953,3.1977362632751465
Math ch.13 (combinatorics),Math ch.13 (combinatorics)@1536,-1,9.70965347856287,165.34473,144.42305,3.4197797775268555
Math ch.13 (combinatorics),Math ch.13 (combinatorics)@1664,-1,9.02011295948797,154.34984,145.48082,3.919349193572998
Math ch.13 (combinatorics),Math ch.13 (combinatorics)@1792,-1,8.822740095434531,146.22102,132.0255,4.0023698806762695
Math ch.13 (combinatorics),Math ch.13 (combinatorics)@1920,-1,11.521681231087742,173.52324,157.34322,3.6902382373809814
Math ch.13 (combinatorics),Math ch.13 (combinatorics)@2048,-1,8.681189515687167,169.05971,154.33463,3.2189009189605713
Math ch.13 (combinatorics),Math ch.13 (combinatorics)@2176,-1,7.950294735972794,177.5688,162.46887,3.1182663440704346
Math ch.13 (combinatorics),Math ch.13 (combinatorics)@2304,-1,11.492132636719466,191.53546,159.28297,2.557809829711914
Math ch.13 (combinatorics),Math ch.13 (combinatorics)@2432,-1,7.099372801379388,179.77496,147.89229,2.327249765396118
Math ch.13 (combinatorics),Math ch.13 (combinatorics)@2560,-1,10.134181979814192,182.1048,160.98997,3.198322296142578
Math ch.13 (combinatorics),Math ch.13 (combinatorics)@2816,-1,11.48261434065399,168.70612,151.75299,4.215803623199463
Math ch.13 (combinatorics),Math ch.13 (combinatorics)@2944,-1,8.885899148323853,177.99237,165.71237,3.3463332653045654
Math ch.13 (combinatorics),Math ch.13 (combinatorics)@3072,-1,9.555471346627685,161.41858,147.78642,3.7605345249176025
Math ch.13 (combinatorics),Math ch.13 (combinatorics)@3328,-1,8.89457245723864,203.21095,175.7934,2.9194424152374268
Math ch.13 (combinatorics),Math ch.13 (combinatorics)@3456,-1,7.920969907889301,155.08096,144.6639,4.003385543823242
Math ch.13 (combinatorics),Math ch.13 (combinatorics)@3584,-1,10.367771988389206,180.84384,151.27997,2.818657398223877
Math ch.13 (combinatorics),Math ch.13 (combinatorics)@3840,-1,7.660303462105293,168.04494,149.57443,2.7869625091552734
Math ch.13 (combinatorics),Math ch.13 (combinatorics)@3968,-1,12.220015404345373,175.5359,153.84433,3.2476632595062256
Math ch.13 (combinatorics),Math ch.13 (combinatorics)@4096,-1,7.153038148056704,166.20882,154.39006,4.212920665740967
Math ch.13 (combinatorics),Math ch.13 (combinatorics)@4352,-1,6.8704296698975575,163.54562,142.28365,2.8189857006073
Math ch.13 (combinatorics),Math ch.13 (combinatorics)@4480,-1,7.898843043847144,173.44563,155.00485,3.3795835971832275
Math ch.13 (combinatorics),Math ch.13 (combinatorics)@4608,-1,7.982691857637644,157.22133,145.95876,4.053187370300293
Math ch.13 (combinatorics),Math ch.13 (combinatorics)@4736,-1,10.221022020152724,205.03352,176.98174,2.4227166175842285
Math ch.13 (combinatorics),Math ch.13 (combinatorics)@4992,-1,8.012457122288023,161.73264,141.88976,3.679957151412964
Math ch.13 (combinatorics),Math ch.13 (combinatorics)@5120,-1,8.561468866426742,167.47174,162.36516,3.463438034057617
Math ch.13 (combinatorics),Math ch.13 (combinatorics)@5248,-1,8.51563228392373,172.00377,148.46114,4.25758171081543
Math ch.13 (combinatorics),Math ch.13 (combinatorics)@5632,-1,6.605921990545014,162.60696,143.51869,2.88371205329895
Math ch.13 (combinatorics),Math ch.13 (combinatorics)@5760,-1,6.6906315123561555,176.39046,160.89433,3.4214532375335693
Math ch.13 (combinatorics),Math ch.13 (combinatorics)@5888,-1,9.408124139010699,179.41533,155.12708,2.9132893085479736
Math ch.13 (combinatorics),Math ch.13 (combinatorics)@6016,-1,8.285286582669348,156.23611,141.36394,4.27915096282959
Math ch.13 (combinatorics),Math ch.13 (combinatorics)@6272,-1,7.753040305373177,147.72423,136.0826,3.6141371726989746
Math ch.13 (combinatorics),Math ch.13 (combinatorics)@6400,-1,11.353817842531072,185.91283,156.54771,3.526367664337158
Math ch.13 (combinatorics),Math ch.13 (combinatorics)@6656,-1,9.042514949053038,163.33801,137.5145,4.181161403656006
Math ch.13 (combinatorics),Math ch.13 (combinatorics)@6784,-1,8.986934285291108,169.70012,139.65727,2.9137938022613525
Math ch.13 (combinatorics),Math ch.13 (combinatorics)@7168,-1,5.91103794638568,165.8492,115.03647,1.2700860500335693
Math ch.13 (combinatorics),Math ch.13 (combinatorics)@7296,-1,5.960746288105906,153.30843,110.37403,1.7078766822814941
Math ch.13 (combinatorics),Math ch.13 (combinatorics)@7424,-1,6.242189533505408,146.87341,109.243805,2.1249682903289795
Math ch.13 (combinatorics),Math ch.13 (combinatorics)@7680,-1,6.2801498733166765,161.49063,110.227486,1.6568961143493652
Math ch.13 (combinatorics),Math ch.13 (combinatorics)@7808,-1,5.420841792449736,161.09663,111.987274,1.5087978839874268
Math ch.13 (combinatorics),Math ch.13 (combinatorics)@7936,-1,5.7314339916088874,164.63043,115.67937,1.3256558179855347
Math ch.13 (combinatorics),Math ch.13 (combinatorics)@8064,-1,7.703362783841317,210.2509,187.15045,2.5591142177581787
Math ch.13 (combinatorics),Math ch.13 (combinatorics)@8192,-1,6.632381025289438,212.32161,177.65215,2.4482316970825195
Math ch.13 (combinatorics),Math ch.13 (combinatorics)@8320,-1,8.445557451899896,205.38518,183.13268,2.419508695602417
Math ch.13 (combinatorics),Math ch.13 (combinatorics)@8576,-1,8.114981787903622,206.8076,167.08614,3.139730453491211
Math ch.13 (combinatorics),Math ch.13 (combinatorics)@8704,-1,8.047530799726836,218.59467,180.39088,2.249295949935913
Math ch.13 (combinatorics),Math ch.13 (combinatorics)@8832,-1,10.726553154749197,217.22263,183.91988,2.290804624557495
Math ch.13 (combinatorics),Math ch.13 (combinatorics)@8960,-1,6.464469356781031,214.29527,174.48251,1.646186351776123
Math ch.13 (combinatorics),Math ch.13 (combinatorics)@9088,-1,10.957466025734035,226.80005,190.53056,2.0906598567962646
Math ch.13 (combinatorics),Math ch.13 (combinatorics)@9216,-1,7.360233610158939,214.14786,178.2683,2.433018445968628
Math ch.13 (combinatorics),Math ch.13 (combinatorics)@9728,-1,10.130756111485866,223.868,187.1813,2.36191725730896
Math ch.13 (combinatorics),Math ch.13 (combinatorics)@9856,-1,7.495287120348763,217.80865,178.91788,2.099483013153076
Math ch.13 (combinatorics),Math ch.13 (combinatorics)@9984,-1,9.840400853357087,227.41893,183.02719,2.337357521057129
Poe tales (English),tale5@0.398,0,11.020380134046613,225.7395,185.76811,3.1857831478118896
Poe tales (English),tale3@0.277,1,11.47723908646364,207.23906,170.8454,3.358722686767578
Poe tales (English),tale3@0.577,2,11.018229061919527,205.74681,163.55675,3.7556214332580566
Poe tales (English),tale4@0.355,3,11.173154487270764,224.66151,181.27618,3.6861634254455566
Poe tales (English),tale4@0.676,4,6.0096179455113825,188.63074,175.7246,3.1899783611297607
Poe tales (English),tale4@0.387,5,10.026134386902276,222.86375,183.84303,4.132294178009033
Poe tales (English),tale4@0.592,6,10.817538213612387,211.29826,172.16745,3.4526984691619873
Poe tales (English),tale3@0.303,7,9.888375121079944,206.44951,169.92767,3.2793128490448
Poe tales (English),tale4@0.612,8,12.560757733337963,210.36432,167.42433,3.891317367553711
Poe tales (English),tale4@0.383,9,13.628855488698818,227.77876,183.23074,3.219552516937256
Poe tales (English),tale4@0.986,10,10.334521036986429,220.13414,173.54907,3.712493896484375
Poe tales (English),tale4@0.843,11,11.688808543043352,221.56331,186.05397,2.8946285247802734
Poe tales (English),tale0@0.875,12,9.746343309190989,202.06781,165.85753,3.6143851280212402
Poe tales (English),tale6@0.262,13,7.388703303796439,211.11052,172.09938,3.637234926223755
Poe tales (English),tale0@0.483,14,12.41504614708557,225.87462,191.1674,4.151875972747803
Poe tales (English),tale1@0.972,15,9.038331059186882,218.14246,174.64175,3.7341549396514893
Poe tales (English),tale6@0.961,16,10.941023286927347,216.3086,173.47621,3.526003837585449
Poe tales (English),tale4@0.515,17,11.391495759247297,210.39151,174.65776,3.454054355621338
Poe tales (English),tale5@0.652,18,11.027261391557255,208.82474,169.17259,3.3897743225097656
Poe tales (English),tale2@0.934,19,10.403341647253717,209.05269,164.1696,4.2094502449035645
Poe tales (English),tale4@0.774,20,9.566886963872909,210.296,170.88467,3.295961618423462
Poe tales (English),tale4@0.183,21,11.644543711469419,211.01964,181.60495,3.353952407836914
Poe tales (English),tale3@0.574,22,9.195368763986211,197.52336,160.56265,3.847851037979126
Poe tales (English),tale1@0.014,23,10.47293880570872,209.36108,172.83751,3.792440414428711
Poe tales (English),tale4@0.762,24,13.751731156374303,210.01349,174.2754,3.107548952102661
Poe tales (English),tale4@0.324,25,9.032085738712277,195.0558,159.98212,3.23144793510437
Poe tales (English),tale5@0.485,26,10.613219460602627,225.55244,181.52415,3.6460869312286377
Poe tales (English),tale6@0.776,27,12.28716597215059,195.39441,161.7147,3.0704033374786377
Poe tales (English),tale5@0.260,28,11.807064386671668,215.99971,185.21336,3.24017333984375
Poe tales (English),tale1@0.199,29,11.605332226315774,206.9038,162.01382,3.858496904373169
Poe tales (English),tale4@0.512,30,9.448333114201555,206.41283,171.9463,3.335422992706299
Poe tales (English),tale1@0.780,31,9.817068954911102,211.51515,170.72093,3.8300652503967285
Poe tales (English),tale5@0.316,32,9.114137353744914,214.20186,173.07834,3.243960380554199
Poe tales (English),tale4@0.594,33,8.527005533391874,212.27837,170.62645,3.645420551300049
Poe tales (English),tale5@0.147,34,11.108175364268591,228.25826,186.19719,3.060699462890625
Poe tales (English),tale3@0.731,35,9.231023445613049,214.48541,166.34775,4.021129608154297
Poe tales (English),tale4@0.900,36,10.09378418474511,238.61668,189.15758,3.879448413848877
Poe tales (English),tale4@0.407,37,10.36487446709701,205.60367,170.50781,3.579137086868286
Poe tales (English),tale3@0.231,38,10.683695512929708,214.04005,172.51395,3.2481844425201416
Poe tales (English),tale4@0.265,39,11.439822053573428,213.54756,175.47664,4.274384021759033
Poe tales (English),tale5@0.271,40,10.398506463489639,214.62665,163.43146,3.774237632751465
Poe tales (English),tale5@0.568,41,10.070440911665008,205.5592,172.36244,3.6062827110290527
Poe tales (English),tale4@0.895,42,10.895591254943355,229.63974,185.54092,4.099753379821777
Poe tales (English),tale1@0.150,43,9.55649657567585,209.03815,173.72508,3.9681692123413086
Poe tales (English),tale0@0.076,44,10.805600395878123,208.98053,170.5345,3.5080175399780273
Poe tales (English),tale4@0.166,45,15.91677592070611,235.38638,189.15407,3.3872087001800537
Poe tales (English),tale5@0.023,46,10.603388246121385,205.43887,164.26387,4.194270133972168
Poe tales (English),tale3@0.473,47,9.540435321158784,205.16191,165.47108,3.705435276031494
Poe tales (English),tale1@0.356,48,8.666442703269563,224.04002,177.92542,3.848419189453125
Poe tales (English),tale1@0.282,49,9.962938571378663,192.76828,158.48721,3.8365602493286133
Poe tales (English),tale6@0.417,50,9.782903460514605,229.38045,184.36055,2.8437774181365967
Poe tales (English),tale4@0.611,51,13.151766009416653,208.43903,168.45845,3.9351577758789062
Poe tales (English),tale5@0.660,52,11.752242413556521,208.38545,170.77173,3.3525867462158203
Poe tales (English),tale0@0.582,53,13.52171268776816,216.99258,177.76845,3.1913394927978516
Poe tales (English),tale5@0.796,54,10.41585990568444,226.79141,176.3527,3.379495859146118
Poe tales (English),tale4@0.131,55,9.82276245413635,205.57195,171.50446,4.240791320800781
Poe tales (English),tale0@0.323,56,11.109618301951032,207.39055,177.54669,3.4255125522613525
Poe tales (English),tale6@0.473,57,12.626004632515945,218.969,174.6676,3.238807201385498
Poe tales (English),tale6@0.460,58,9.280389636938047,223.151,176.92297,3.4688611030578613
Poe tales (English),tale5@0.485,59,10.727517244726345,216.8804,176.32697,3.5795962810516357
"Poe tales (French, Baudelaire)",tale5@0.398,0,13.858997401400556,234.67184,187.4165,3.008730888366699
"Poe tales (French, Baudelaire)",tale3@0.277,1,13.417766804782955,241.07257,184.13753,2.6946120262145996
"Poe tales (French, Baudelaire)",tale3@0.577,2,11.468157989455483,238.5516,186.89973,3.1247665882110596
"Poe tales (French, Baudelaire)",tale4@0.355,3,15.271479886439772,218.76822,175.87682,2.7454257011413574
"Poe tales (French, Baudelaire)",tale4@0.676,4,14.78718541915459,230.12198,181.18211,2.7325737476348877
"Poe tales (French, Baudelaire)",tale4@0.387,5,9.670007348372886,230.63756,179.79828,2.660665988922119
"Poe tales (French, Baudelaire)",tale4@0.592,6,14.886080875338033,249.97847,192.22687,2.956178665161133
"Poe tales (French, Baudelaire)",tale3@0.303,7,15.305694747178725,243.49783,186.32407,2.613967180252075
"Poe tales (French, Baudelaire)",tale4@0.612,8,12.326192641684672,238.43271,179.67043,3.1260581016540527
"Poe tales (French, Baudelaire)",tale4@0.383,9,13.30641443041113,225.75482,180.64566,2.8089871406555176
"Poe tales (French, Baudelaire)",tale4@0.986,10,12.54540487867442,219.9216,173.23668,2.6339619159698486
"Poe tales (French, Baudelaire)",tale4@0.843,11,7.252922910838361,169.05469,194.88997,3.6629552841186523
"Poe tales (French, Baudelaire)",tale0@0.875,12,14.581647281310708,239.55042,188.41888,2.9323387145996094
"Poe tales (French, Baudelaire)",tale6@0.262,13,7.115019622509767,227.11568,182.6438,3.134140729904175
"Poe tales (French, Baudelaire)",tale0@0.483,14,9.915875588359617,226.29242,169.62329,3.909837245941162
"Poe tales (French, Baudelaire)",tale1@0.972,15,9.70186422632249,230.20134,180.8459,2.8346564769744873
"Poe tales (French, Baudelaire)",tale6@0.961,16,14.224144975041495,244.7705,187.14381,2.8776347637176514
"Poe tales (French, Baudelaire)",tale4@0.515,17,12.084421175226767,236.23141,179.54178,2.9157519340515137
"Poe tales (French, Baudelaire)",tale5@0.652,18,10.948546449565152,225.24437,174.0616,3.0165302753448486
"Poe tales (French, Baudelaire)",tale2@0.934,19,11.42853810366872,227.00958,174.46852,3.5799641609191895
"Poe tales (French, Baudelaire)",tale4@0.774,20,13.582886466087144,215.94305,179.90544,2.8841841220855713
"Poe tales (French, Baudelaire)",tale4@0.183,21,7.368439244505825,237.99329,189.13884,2.7065937519073486
"Poe tales (French, Baudelaire)",tale3@0.574,22,13.80924924506166,232.37434,176.51984,2.9950249195098877
"Poe tales (French, Baudelaire)",tale1@0.014,23,7.689088675002291,233.1612,187.51955,2.762256383895874
"Poe tales (French, Baudelaire)",tale4@0.762,24,13.331982573544963,232.87936,176.57326,3.0711588859558105
"Poe tales (French, Baudelaire)",tale4@0.324,25,9.157949053150432,227.23558,177.44624,2.734423875808716
"Poe tales (French, Baudelaire)",tale5@0.485,26,12.581497671434477,229.96068,179.21617,3.2605862617492676
"Poe tales (French, Baudelaire)",tale6@0.776,27,13.253891283448558,225.16917,176.36963,2.5980734825134277
"Poe tales (French, Baudelaire)",tale5@0.260,28,7.722359969663654,232.36327,186.36963,2.9817118644714355
"Poe tales (French, Baudelaire)",tale1@0.199,29,7.343478204787073,229.86552,186.11555,2.81278920173645
"Poe tales (French, Baudelaire)",tale4@0.512,30,10.363782557253952,233.74318,180.40944,2.8148977756500244
"Poe tales (French, Baudelaire)",tale1@0.780,31,12.254638182691034,241.11064,184.5641,2.867825746536255
"Poe tales (French, Baudelaire)",tale5@0.316,32,17.267572032596263,235.58122,180.00621,3.294325590133667
"Poe tales (French, Baudelaire)",tale4@0.594,33,12.899521145905807,244.70924,187.62323,3.2692136764526367
"Poe tales (French, Baudelaire)",tale5@0.147,34,7.308986500163525,232.61888,185.87883,3.0744681358337402
"Poe tales (French, Baudelaire)",tale3@0.731,35,9.661366550318908,237.11052,185.75291,2.875009298324585
"Poe tales (French, Baudelaire)",tale4@0.900,36,13.352992953322934,208.95578,169.20561,3.3759074211120605
"Poe tales (French, Baudelaire)",tale4@0.407,37,10.040823026673946,238.95645,184.06027,2.7829644680023193
"Poe tales (French, Baudelaire)",tale3@0.231,38,10.173753678529675,239.07584,183.1844,2.6730165481567383
"Poe tales (French, Baudelaire)",tale4@0.265,39,13.376794817656334,234.0352,190.08028,2.9734840393066406
"Poe tales (French, Baudelaire)",tale5@0.271,40,7.748290544634631,238.52347,193.33824,2.777987480163574
"Poe tales (French, Baudelaire)",tale5@0.568,41,14.223711279649459,251.62338,192.24442,2.854165554046631
"Poe tales (French, Baudelaire)",tale4@0.895,42,12.027461950689224,214.71863,169.3354,3.5553181171417236
"Poe tales (French, Baudelaire)",tale1@0.150,43,7.374977391007486,232.92332,186.50378,3.222573757171631
"Poe tales (French, Baudelaire)",tale0@0.076,44,11.61197077182826,225.61612,175.73007,3.0293071269989014
"Poe tales (French, Baudelaire)",tale4@0.166,45,7.705244570264472,228.1876,184.868,3.2193562984466553
"Poe tales (French, Baudelaire)",tale5@0.023,46,8.042548164950599,235.68413,185.8357,3.172346591949463
"Poe tales (French, Baudelaire)",tale3@0.473,47,12.17850076435987,235.07715,179.04512,3.277684450149536
"Poe tales (French, Baudelaire)",tale1@0.356,48,11.003585480848878,227.59949,176.73685,3.435243606567383
"Poe tales (French, Baudelaire)",tale1@0.282,49,9.926316302095543,206.65416,204.25302,3.805769681930542
"Poe tales (French, Baudelaire)",tale6@0.417,50,10.947597593749348,229.40097,180.58815,2.9441373348236084
"Poe tales (French, Baudelaire)",tale4@0.611,51,11.189153384731434,231.66608,176.82553,2.906611919403076
"Poe tales (French, Baudelaire)",tale5@0.660,52,15.72991088585259,220.83669,171.109,3.059002161026001
"Poe tales (French, Baudelaire)",tale0@0.582,53,14.255148387842292,234.55211,180.85448,3.953965902328491
"Poe tales (French, Baudelaire)",tale5@0.796,54,13.091974074835818,243.77344,184.93651,3.062736988067627
"Poe tales (French, Baudelaire)",tale4@0.131,55,7.859242352863045,230.79445,185.85222,3.1600940227508545
"Poe tales (French, Baudelaire)",tale0@0.323,56,11.115541893561605,221.29942,176.53119,3.325498580932617
"Poe tales (French, Baudelaire)",tale6@0.473,57,12.231069097042395,229.41707,182.7845,3.00946044921875
"Poe tales (French, Baudelaire)",tale6@0.460,58,10.95131506414821,240.81033,187.15384,3.3552916049957275
"Poe tales (French, Baudelaire)",tale5@0.485,59,13.659427630023169,229.87357,179.10635,3.3879153728485107
