pair,measure,right,n,acc,p,lo,hi,p_holm
Shakespeare's sonnets,surprise,37,40,0.925,9.732502803672105e-09,0.8013576647568945,0.9741639742254118,2.141150616807863e-07
Shakespeare's sonnets,step length (Qwen),32,40,0.8,9.108291487791575e-05,0.6524269365360051,0.8950001027456229,0.0016394924678024836
Shakespeare's sonnets,dimension (Qwen),20,40,0.5,0.5626853438097896,0.35199526933465386,0.6480047306653461,1.0
Shakespeare's sonnets,dimension (XLM-R),26,40,0.65,0.0403452338759962,0.495058808372577,0.778654711268237,0.403452338759962
Shakespeare's sonnets,different words,25,40,0.625,0.07692997208141605,0.470324391373011,0.7577702083276672,0.5385098045699124
Shakespeare's sonnets,all measures together,38,40,0.95,7.466951501555741e-10,0.8349612263085903,0.9861793326138516,1.7920683603733778e-08
Shakespeare's sonnets,path distance (Qwen),37,40,0.925,9.732502803672105e-09,0.8013576647568945,0.9741639742254118,2.141150616807863e-07
Shakespeare's sonnets,path distance (XLM-R),20,40,0.5,0.5626853438097896,0.35199526933465386,0.6480047306653461,1.0
Baudelaire,surprise,39,42,0.9285714285714286,2.815795596688986e-09,0.8099057319884169,0.9754095901266939,6.476329872384667e-08
Baudelaire,step length (Qwen),28,42,0.6666666666666666,0.021779260961920954,0.5155250737683379,0.7898753292764273,0.26934115798940184
Baudelaire,dimension (Qwen),21,42,0.5,0.5611928356238423,0.3552598959637448,0.6447401040362553,1.0
Baudelaire,dimension (XLM-R),32,42,0.7619047619047619,0.0004703370141214691,0.6147245613168169,0.8651903577535287,0.007525392225943506
Baudelaire,different words,28,42,0.6666666666666666,0.021779260961920954,0.5155250737683379,0.7898753292764273,0.26934115798940184
Baudelaire,all measures together,36,42,0.8571428571428571,1.4144388842396438e-06,0.7215891052555522,0.9328403298403735,2.8288777684792876e-05
Baudelaire,path distance (Qwen),34,42,0.8095238095238095,3.438555745560735e-05,0.6669922598996131,0.9001799171835226,0.0006533255916565396
Baudelaire,path distance (XLM-R),22,42,0.5238095238095238,0.4388071643761577,0.3772246413134497,0.6664039876929453,1.0
Euclid,surprise,28,40,0.7,0.008294501687487355,0.5456998118185507,0.8192515477025347,0.12441752531231032
Euclid,step length (Qwen),27,40,0.675,0.01923865414210013,0.5201774618987767,0.7991549776821729,0.26934115798940184
Euclid,dimension (Qwen),26,40,0.65,0.0403452338759962,0.495058808372577,0.778654711268237,0.403452338759962
Euclid,dimension (XLM-R),18,40,0.45,0.7852047460783069,0.30705307810904925,0.6017090820106794,1.0
Euclid,different words,17,40,0.425,0.8659063744726154,0.28509392559950375,0.5780493145800892,1.0
Euclid,all measures together,27,40,0.675,0.01923865414210013,0.5201774618987767,0.7991549776821729,0.26934115798940184
Euclid,path distance (Qwen),32,40,0.8,9.108291487791575e-05,0.6524269365360051,0.8950001027456229,0.0016394924678024836
Euclid,path distance (XLM-R),26,40,0.65,0.0403452338759962,0.495058808372577,0.778654711268237,0.403452338759962
