model,group,label,n_distinct_tokens,dim_table,dimdistinct_table,spread_table,dim_lone,dimdistinct_lone,spread_lone,dim_lone_bare,dimdistinct_lone_bare,spread_lone_bare,dim_context,dimdistinct_context,spread_context,dim_shuffled,dimdistinct_shuffled,spread_shuffled,mean_norm,sd_norm,mean_cos,partic_ratio
XLM-R,Shakespeare sonnets,Shakespeare sonnets#0,91,10.711040638421778,,4.1806488037109375,6.792899507964376,31.80482235862653,2.245455265045166,1.927201225114536,2.129928134144525,0.0001422405184712,14.029133341574529,13.512762052394478,3.216912269592285,21.27453736029143,18.06673326766794,2.452658176422119,,,,
XLM-R,Shakespeare sonnets,Shakespeare sonnets#1,95,14.404039638661194,114.06189184832095,4.234854698181152,6.932099731225141,14.195024010734029,2.1370162963867188,1.9167065970753048,2.128341705239054,0.0001457118924008,18.497548825608902,17.228590046274913,2.9983110427856445,18.722100713034283,20.89235758977335,2.473215341567993,,,,
XLM-R,Shakespeare sonnets,Shakespeare sonnets#2,96,15.66603058333724,1663.6142144509326,4.086003303527832,7.577540632951911,19.225274293241643,2.232404947280884,1.8106681084280016,2.0239933548569504,0.0001466076937504,25.744831639351062,18.07773714120026,2.9365241527557373,18.92927760893006,21.03911622697254,2.42886734008789,,,,
XLM-R,Shakespeare sonnets,Shakespeare sonnets#3,92,10.77175197524106,,4.173229217529297,6.999757794007141,14.031690125350837,2.26980209350586,1.7602407771213098,1.8669268630268416,0.0001503405219409,14.175947963820368,12.89290312038264,2.9695842266082764,17.986669918309055,21.950115875574028,2.539917469024658,,,,
XLM-R,Shakespeare sonnets,Shakespeare sonnets#4,88,10.768082887455686,244.510159662752,4.114365577697754,6.780176907391383,25.16354929781177,2.17175817489624,1.830280238749892,2.2486247258459984,0.0001344564225291,17.581235476565837,14.38723526078778,3.0132806301116943,21.95729288254984,17.71829863245996,2.400577545166016,,,,
XLM-R,Shakespeare sonnets,Shakespeare sonnets#5,93,10.984163640410012,1188.6903006437997,4.14564323425293,6.453343547335372,14.186543253952308,2.296867847442627,1.9073954555652388,2.154997511828052,0.0001426032977178,16.20432415855072,13.66413398153699,3.110151767730713,18.84069201521352,18.636419079431544,2.265180349349976,,,,
XLM-R,Shakespeare sonnets,Shakespeare sonnets#6,77,6.73852177120132,194.7035563908336,4.047763347625732,4.723834855838749,23.25649078975769,2.196084976196289,1.635871232009096,1.8162466621416813,0.0001408484531566,13.640707882567014,10.26711566027,3.0797464847564697,15.237293583600865,14.470023835918502,2.4335057735443115,,,,
XLM-R,Shakespeare sonnets,Shakespeare sonnets#7,94,11.646255049908328,,4.1669020652771,7.245134494966343,16.835758557388218,2.1538589000701904,1.7707389989216853,1.94755216385144,0.0001450222189305,17.35959426140376,17.74039949742841,2.8850860595703125,25.57395608540071,21.64600389874732,2.323920726776123,,,,
XLM-R,Shakespeare sonnets,Shakespeare sonnets#8,87,12.92114595613876,1961.333599801434,3.9735803604125977,6.718425191024202,40.82896132960271,2.1678333282470703,1.869539238597148,2.137028274934524,0.000143954224768,17.158635195360308,15.964740938562718,2.904048442840576,15.878782388347476,17.435688596559903,2.3527088165283203,,,,
XLM-R,Shakespeare sonnets,Shakespeare sonnets#9,89,11.87611187663028,839.8343575385064,4.190349578857422,6.068849626374312,22.35763100279881,2.1599278450012207,1.8517882707082751,2.1495605423366926,0.0001493595627835,16.985456207224953,17.409914205697664,2.8325252532958984,22.915310261861645,19.05665848229359,2.334853172302246,,,,
XLM-R,Shakespeare sonnets,Shakespeare sonnets#10,101,13.649985954183654,197.1804755439348,4.132466793060303,8.897381586897785,15.640869577314504,2.261941909790039,1.770216741328836,1.919478854525374,0.0001456895843148,19.50587343345802,23.150629297608457,2.9007272720336914,21.69560624821236,26.81820049365736,2.23322868347168,,,,
XLM-R,Shakespeare sonnets,Shakespeare sonnets#11,96,12.960049240014325,624.3798265822253,4.2067413330078125,8.042951581746358,44.60691125831522,2.1971640586853027,1.9197466153573928,2.19781284860796,0.000131668348331,16.84818500323463,17.588944529488092,3.066527366638184,27.549643963666323,26.55476753303057,2.377291917800904,,,,
XLM-R,Shakespeare sonnets,Shakespeare sonnets#12,92,11.035662870221833,169.7090265205768,4.09336519241333,6.070018555710064,20.83699064314756,2.2535593509674072,1.877855097204692,1.942722932022088,0.0001353668922092,13.535462128737654,15.606336993773596,3.140867233276367,19.00296466669088,17.96791992035267,2.4865424633026123,,,,
XLM-R,Shakespeare sonnets,Shakespeare sonnets#13,93,12.98123547031941,583.0086317322964,4.200157165527344,7.298251056705181,14.027105692814729,2.2260799407958984,1.8004460599640932,1.9976068069831283,0.000150298787048,17.816482039406633,18.14563445980896,3.0755486488342285,19.115149283080417,23.80951076288389,2.285543441772461,,,,
XLM-R,Shakespeare sonnets,Shakespeare sonnets#14,94,14.766293646763977,336.24947705435204,4.083321571350098,7.374913633441906,20.53199551853115,2.187741994857788,1.9225191082875723,2.1641073542726903,0.0001360765454592,21.235535385629827,17.158149129827706,2.896888017654419,23.478977269428867,22.533074217260005,2.3451952934265137,,,,
XLM-R,Shakespeare sonnets,Shakespeare sonnets#15,87,10.998784475420896,,4.048518657684326,7.277246794614566,83.14568762550213,2.243347644805908,1.66743928862419,1.9724650210834649,0.0001443017972633,16.519123629216367,16.333167137545868,2.8946075439453125,18.4385513207692,17.477171597666494,2.2250142097473145,,,,
XLM-R,Shakespeare sonnets,Shakespeare sonnets#16,85,8.777840430891914,486.4188026610095,4.053581237792969,7.437188743852218,21.36913341549644,2.163041591644287,1.7346114038369214,2.1655852339326542,0.0001307666971115,16.367164701585576,17.218191084836793,3.131659030914306,15.841727699067546,18.334979685912867,2.6936097145080566,,,,
XLM-R,Shakespeare sonnets,Shakespeare sonnets#17,89,10.62197025307688,634.9154118304374,4.059632301330566,7.67869814224139,26.50599925003509,2.166288137435913,1.7527437340358611,2.0237901078062213,0.0001379018940497,18.066293106877552,16.259086580258856,3.032256364822388,16.3627591173522,17.853301844015594,2.352020740509033,,,,
XLM-R,Shakespeare sonnets,Shakespeare sonnets#18,90,12.195501614283089,,4.004985332489014,7.001016635367919,21.34847717381081,2.199414730072021,1.7819462947940827,1.9980374693399987,0.0001303755561821,17.967278970584733,23.89944361135604,2.898386240005493,17.736093567867545,14.142529987596328,2.237061023712158,,,,
XLM-R,Shakespeare sonnets,Shakespeare sonnets#19,100,16.357011816968154,112.26631213354366,4.078989028930664,7.147070087419792,23.05436461295548,2.274523496627808,1.731625779336242,1.8914531628514963,0.000135376889375,24.1379003733898,17.816233186605178,2.904879093170166,22.051439055260985,28.39553716592173,2.121689796447754,,,,
XLM-R,Shakespeare sonnets,Shakespeare sonnets#20,79,7.83807760742204,20684.57325569421,4.097059726715088,5.037709814011291,29.892820067826097,2.186671257019043,1.7486377185406017,1.9158921502300463,0.0001555603666929,11.223032305841066,11.79863991821052,2.9904396533966064,14.617691192555728,15.424130774967091,2.4694175720214844,,,,
XLM-R,Shakespeare sonnets,Shakespeare sonnets#21,84,9.149804600869665,370.6391296595485,4.032641410827637,6.005139033930729,32.88803695839715,2.0815176963806152,1.8446964083230768,2.166914375766179,0.0001368466328131,17.944325759659947,16.411931758830573,3.002257823944092,18.97909942115725,21.381287766630138,2.4593067169189453,,,,
XLM-R,Shakespeare plays,Shakespeare plays#0,93,12.608295200834348,,4.024877548217773,7.095988674316786,26.67762346832768,2.0940942764282227,1.7674128871710744,1.9671664061702168,0.0001421758934156,19.13633540312792,23.29226698805857,2.8050832748413086,16.75651017692065,16.34817951726634,2.151186943054199,,,,
XLM-R,Shakespeare plays,Shakespeare plays#1,95,15.791025872166358,77.49373618580054,4.144876480102539,7.203553155130972,18.52196699032527,2.14222264289856,1.8230277635068124,2.060916594064345,0.0001399671164108,21.217121791875133,18.50515017320482,2.976264953613281,16.82559743675273,17.760931979272033,2.340627670288086,,,,
XLM-R,Shakespeare plays,Shakespeare plays#2,87,10.703571944157488,1927.516884144776,4.046159744262695,5.232462807944008,18.39193058438153,2.136605739593506,1.6521497024551148,1.880805697028941,0.0001373117265757,14.988919501840437,16.067270892399964,3.048412799835205,20.441701208685927,18.8247251806331,2.3397679328918457,,,,
XLM-R,Shakespeare plays,Shakespeare plays#3,88,11.35701051676673,1628.6924712505604,4.077746868133545,5.94194123823874,13.503370168781233,2.110663652420044,1.81479314930814,2.3350896367605487,0.0001441496569896,15.32396402958336,16.044828527287862,2.9485177993774414,15.271271075536854,16.993577542276217,2.286780834197998,,,,
XLM-R,Shakespeare plays,Shakespeare plays#4,88,10.630570076195957,2559.9158214374684,4.0933709144592285,5.951939835443825,33.92489228429982,2.184999704360962,2.027264339610233,2.546273218228932,0.0001301806769333,17.187809845408644,15.213575472600027,3.118614196777344,18.472073449867267,23.05475641170925,2.241544723510742,,,,
XLM-R,Shakespeare plays,Shakespeare plays#5,93,15.161840144317116,,4.063425064086914,6.883027645906089,18.892812938954705,2.157432079315185,1.8793732431854613,2.277918181286024,0.0001249692577403,19.74260432998779,19.13725438712044,3.057366847991944,16.617462271977733,17.48920413014075,2.3674888610839844,,,,
XLM-R,Shakespeare plays,Shakespeare plays#6,91,11.903652741952214,,4.117918968200684,5.496038506933016,17.33675664412618,2.2885830402374268,1.9226720461366933,2.3362848534278697,0.0001280636643059,17.28313315651711,16.43747226518252,2.97465181350708,15.746355774861888,15.144907314275692,2.5198116302490234,,,,
XLM-R,Shakespeare plays,Shakespeare plays#7,93,11.234239532553548,89.13809486198997,4.165122032165527,6.79525723400398,26.6098847711598,2.252847671508789,1.724251228910986,2.017116924808119,0.0001410428085364,15.308821011937733,14.807948546084722,3.1558165550231934,22.94702671785704,16.99142016016123,2.415102243423462,,,,
XLM-R,Shakespeare plays,Shakespeare plays#8,95,15.6262631419454,,4.168377876281738,7.574549593903563,15.554413991233632,2.1002907752990723,1.9104310689026107,2.091251656556386,0.000125800987007,18.89640835922776,19.39694476331749,2.9728715419769287,25.947755040165365,19.92845501005755,2.385232925415039,,,,
XLM-R,Shakespeare plays,Shakespeare plays#9,81,8.034655355924357,,4.086886882781982,4.886549105302435,15.022464559674551,2.316209554672241,1.8119246527453767,2.340340508111288,0.0001327502395724,11.44218609010787,11.232669930588267,3.0999293327331543,14.62011672165614,15.69691069242336,2.37803053855896,,,,
XLM-R,Shakespeare plays,Shakespeare plays#10,103,16.086074549428847,73.75568299112811,4.169923305511475,8.150357520491314,19.27362722200181,2.2232511043548584,1.9211493776284168,2.1917122870655708,0.0001466040412196,25.813050805824048,29.03084319522064,2.939980983734131,19.28948566552666,20.702840685565803,2.2430286407470703,,,,
XLM-R,Shakespeare plays,Shakespeare plays#11,94,12.469247027050622,,4.102055549621582,7.117577514020792,16.46173108767999,2.1209678649902344,1.7572512905275717,2.113275752367931,0.0001473593874834,20.086465247908723,20.884847358883786,2.978255271911621,20.970212492248265,19.78382788155192,2.3430891036987305,,,,
XLM-R,Shakespeare plays,Shakespeare plays#12,87,11.982622702969074,,4.0664496421813965,5.332914090596741,20.191314588281426,2.22216796875,1.9508868669040915,2.288629379897053,0.000128013343783,15.755031317638144,15.463861473988834,3.053891658782959,19.76100592601492,19.27400619132035,2.374588966369629,,,,
XLM-R,Shakespeare plays,Shakespeare plays#13,93,14.56361706102246,232.34821888944148,4.114323616027832,8.124319416702985,19.15126276532088,2.186666965484619,1.8689933080743275,2.139083789268569,0.0001389333629049,20.033959950998085,18.468951175792515,2.970627784729004,17.167055845320867,22.387804930966315,2.345980405807495,,,,
XLM-R,Shakespeare plays,Shakespeare plays#14,73,7.366397873520106,2162.698542452514,4.120616436004639,5.464265994953448,36.194644366206,2.3224172592163086,1.7119241885891168,1.8578549179870825,0.0001417479652445,9.46889358399238,8.601588589228012,3.5280795097351074,13.121926605372549,13.56258623277924,2.6742184162139893,,,,
XLM-R,Shakespeare plays,Shakespeare plays#15,84,9.717745144931698,452.318372848457,4.0321044921875,6.141852942988901,25.208165315188577,2.276674747467041,1.8408061082762472,2.189447049047367,0.0001322980824625,13.405071439674105,10.390072774293593,3.254745960235596,14.301779825477412,15.231877594099894,2.587246417999268,,,,
XLM-R,Shakespeare plays,Shakespeare plays#16,95,14.725502461565249,,4.194638252258301,8.617990065013869,88.73862218262349,2.162591457366944,1.955865927360226,2.147245253402492,0.0001449157716706,18.261549964228426,16.216418970219173,3.176039218902588,22.58104276235296,44.85074983493803,2.46882700920105,,,,
XLM-R,Shakespeare plays,Shakespeare plays#17,80,8.126646792876416,123.51913735789286,4.0781354904174805,5.826012270255713,14.454757529156112,2.097039222717285,1.719072531627714,2.0177398833287032,0.0001355406420771,10.425673240613415,8.972385894394122,3.431896924972534,18.53573815178718,18.78903625724984,2.5164527893066406,,,,
XLM-R,Shakespeare plays,Shakespeare plays#18,76,6.645848854348739,99.63530036299716,4.062768936157227,4.372435039650843,16.435772896162224,2.193347930908203,1.863294029483953,2.2306961131278,0.0001345730852335,10.993124156233035,10.43407007094639,3.080864191055298,12.943364645497155,16.46192677179938,2.4979348182678223,,,,
XLM-R,Shakespeare plays,Shakespeare plays#19,73,6.839706647728711,657.0151613440186,3.9328153133392334,4.887633856136117,15.79859033189019,2.21602201461792,1.7115882326395262,2.0223001456138068,0.0001327219506492,10.7928822680297,11.05352229943982,3.1136059761047363,13.530887042003767,14.03740802679284,2.53762435913086,,,,
XLM-R,Shakespeare plays,Shakespeare plays#20,82,9.39660597763331,96.8361168359976,4.104813575744629,5.262979150582234,18.357908440764533,2.2103428840637207,1.894115478982893,2.044843140382794,0.0001454893499612,12.01913536347726,11.34740639291368,3.1377739906311035,16.555437105333567,17.408070525490213,2.3539342880249023,,,,
XLM-R,Shakespeare plays,Shakespeare plays#21,98,19.30211303961386,151.03953149939616,4.080365180969238,7.417845271610777,16.770524418352153,2.260179042816162,1.771432729716496,2.0006685460440607,0.0001563163532409,20.21141555385265,23.91375286820663,2.945395946502685,22.14484638365116,21.579332541922657,2.141165256500244,,,,
XLM-R,Baudelaire poems,Baudelaire poems#0,99,16.378546098101396,287.3508154885771,4.315964698791504,8.614120672788866,27.682937493190224,2.224710464477539,1.90891787502802,2.0918176097734924,0.0001297437702305,21.34729627100474,19.02277038290509,3.177232265472412,25.84159488197879,21.44589959614383,2.323838472366333,,,,
XLM-R,Baudelaire poems,Baudelaire poems#1,99,14.11977488780913,,4.358399391174316,8.120489749440841,23.44198334715452,2.045294761657715,1.902216967685168,2.118906881894234,0.0001256451650988,21.32879808090115,16.893066894957283,3.1857106685638428,25.591956087172395,26.107180206884266,2.4243297576904297,,,,
XLM-R,Baudelaire poems,Baudelaire poems#2,98,16.28147643011882,154.57380558970732,4.314065933227539,8.190965345650744,36.67987837752072,2.1304335594177246,1.864525460021489,2.252421858736727,0.0001244707818841,17.37991355712194,22.1750897580915,3.317154884338379,28.299925101363755,33.09609118150242,2.465742349624634,,,,
XLM-R,Baudelaire poems,Baudelaire poems#3,103,29.4456682084369,117.6782255646636,4.420406818389893,10.563724998088633,17.729281443082318,2.134572029113769,1.952871979835754,2.273188608345704,0.0001441175700165,22.150837743646875,21.082742095428987,3.178609848022461,25.23413591416745,25.250309644572457,2.42874526977539,,,,
XLM-R,Baudelaire poems,Baudelaire poems#4,91,11.548979514275024,,4.266666889190674,6.9668829180299525,28.700736534894144,2.134658098220825,1.9313736805874628,2.114539680518931,0.0001460420899093,14.698503472460862,15.8595569848449,3.161000490188598,23.81345777322996,23.88791598775998,2.319408655166626,,,,
XLM-R,Baudelaire poems,Baudelaire poems#5,97,17.577635945664795,456.3969071839397,4.295712471008301,7.397466778673821,23.953290606979703,2.125679016113281,1.868255940825724,2.2620675411916102,0.000137659284519,20.19354851300217,19.4113198589901,3.18819522857666,23.69836618573317,19.77464805048849,2.420584917068481,,,,
XLM-R,Baudelaire poems,Baudelaire poems#6,96,15.656693733399983,,4.306398868560791,6.991065253806979,20.66790770923041,2.1511483192443848,1.897760695262397,1.9838807270663803,0.000139737749123,16.599526873280755,16.331086603207325,3.176469326019287,86.65012530074269,19.807644687600348,2.354564905166626,,,,
XLM-R,Baudelaire poems,Baudelaire poems#7,96,14.036203172360308,245.11815346402736,4.374586582183838,6.711576464302126,19.296456611529177,2.089066505432129,1.925489469462624,2.1659983019670466,0.0001244172599399,15.68136369738424,18.65455660920945,3.296008586883545,26.657915068360776,30.1768559008305,2.3914828300476074,,,,
XLM-R,Baudelaire poems,Baudelaire poems#8,98,14.756753486329428,,4.270969390869141,7.141547747218357,18.92389789051749,2.196289539337158,1.8098126287545115,2.087346150330975,0.0001332708343397,18.683513491962906,18.572671833664227,3.246092796325684,20.362366565497528,22.933773706481343,2.3100132942199707,,,,
XLM-R,Baudelaire poems,Baudelaire poems#9,96,23.690586512082543,515.0603327616204,4.298324108123779,8.17775128782844,17.093515693069058,2.2212347984313965,1.7261679997526986,2.099161268101549,0.0001393700949847,24.318995860023097,16.57836757629565,3.171994209289551,20.923172459895785,20.76202396156351,2.4265379905700684,,,,
XLM-R,Baudelaire poems,Baudelaire poems#10,96,12.294316822324278,,4.347245216369629,6.900392273428405,38.70290025085952,2.121420621871948,1.905608164749608,2.1690424320736086,0.0001316164270974,16.506276577849068,17.551202063338064,3.1830973625183105,35.972988157676305,27.595563897409303,2.551776170730591,,,,
XLM-R,Baudelaire poems,Baudelaire poems#11,95,11.191846900917817,,4.260690689086914,7.757870402606035,22.657986739128017,2.239370346069336,1.8786954731349592,1.9665233310431007,0.0001262820296688,13.432861883756432,15.811685859044443,3.099632740020752,21.46756463807108,22.78944016791465,2.389312982559204,,,,
XLM-R,Baudelaire poems,Baudelaire poems#12,93,12.754634728544636,188.5778410610245,4.216853141784668,8.307017119038413,19.80635049656669,2.1773033142089844,1.8112606276300989,2.049781563259224,0.000131443637656,14.315647019137629,13.624444452055355,3.107912540435791,28.255499704156808,21.154962570151227,2.5355453491210938,,,,
XLM-R,Baudelaire poems,Baudelaire poems#13,94,13.19795376513926,,4.252613067626953,6.402371746664652,26.12013656978836,2.2332558631896973,1.786962026503577,2.068910283701825,0.0001405741932103,17.550114121374207,15.41429352129161,3.2558650970458984,18.48822339776896,22.77647431289033,2.414224863052368,,,,
XLM-R,Baudelaire poems,Baudelaire poems#14,92,10.752758022451133,158.58611243491717,4.24233341217041,6.752512997615308,18.58883316580351,2.2210288047790527,1.7867766201386637,1.987595380661195,0.0001321571762673,15.455917476083592,17.19652355343946,3.2044472694396973,24.00846635448701,20.28819772449938,2.513209342956543,,,,
XLM-R,Baudelaire poems,Baudelaire poems#15,100,16.844986291488997,,4.295851707458496,8.001564161129727,20.802581216216733,2.186544895172119,1.7945220658514078,2.032906958504524,0.0001391911209793,15.346031907825768,17.69025182919658,3.16375994682312,25.22999488548876,22.248780751625645,2.406537771224976,,,,
XLM-R,Baudelaire poems,Baudelaire poems#16,95,13.006753986406622,,4.3631510734558105,6.775527860542489,44.35662791771357,2.068056583404541,1.7832529525874026,1.9461585959575047,0.0001380201720166,16.10797865673274,18.326259594271,3.1072874069213867,22.070125319114123,18.0282750647241,2.369379997253418,,,,
XLM-R,Baudelaire poems,Baudelaire poems#17,102,21.47699395839713,321.03588741797074,4.309011459350586,8.87772741873079,19.85405399490772,2.127305507659912,2.0869935523432024,2.598202085355854,0.0001231954229297,27.12888485467417,18.83307459540472,3.165535926818848,33.03336626747802,55.84053622605952,2.266284704208374,,,,
XLM-R,Baudelaire poems,Baudelaire poems#18,101,15.545406854070436,428.1028393040101,4.324528694152832,7.626478912401155,24.673444200571268,2.2743239402771,2.012912683936277,2.150532055990895,0.0001275420945603,20.686493046280688,27.204521478227235,3.0453591346740723,27.57435807543229,32.90693738414089,2.302438735961914,,,,
XLM-R,Baudelaire poems,Baudelaire poems#19,94,12.258658447037334,194.0415787659737,4.282830238342285,7.6996095503975,31.645246877785727,2.202671766281128,1.90104791443314,2.0090050323047057,0.0001439120387658,14.967054193469393,13.764505596704822,3.284205675125122,28.07263431256005,27.16650441280112,2.2677431106567383,,,,
XLM-R,Baudelaire poems,Baudelaire poems#20,89,9.914559842950124,241.3385168113796,4.267160415649414,6.131831914519114,23.91684829434949,2.212069034576416,1.7298093600985027,2.08670894871236,0.0001334101398242,13.460000543157925,14.657316662910008,3.1731414794921875,21.771652412102416,17.50349230653389,2.463823080062866,,,,
XLM-R,Baudelaire poems,Baudelaire poems#21,100,19.555014447202662,,4.305972099304199,9.13614711317687,40.30141391896996,2.055227279663086,1.991121843674586,2.2109454257967083,0.0001286064652958,19.467845584448654,22.28442669868036,3.119565486907959,31.71401995333358,28.32278578205738,2.241740465164185,,,,
XLM-R,Mallarmé poems,Mallarmé poems#0,104,21.82814276811004,,4.377676010131836,11.089088745707576,21.12032395119385,2.1165313720703125,1.9728317989921176,2.239386389170835,0.0001334822445642,19.65473230086604,29.26647319227216,3.089548826217652,37.78522255446247,27.14027459462676,2.306463718414306,,,,
XLM-R,Mallarmé poems,Mallarmé poems#1,93,14.023470702864506,1232.7666976414137,4.225594520568848,7.287312002416638,21.87949419615765,2.129168033599853,1.7893148758233146,1.980181475832266,0.0001375587307848,16.99063058081543,15.351948633184222,3.1198818683624268,22.686574250406995,24.58512956214108,2.204328775405884,,,,
XLM-R,Mallarmé poems,Mallarmé poems#2,97,14.948653700088158,290.4904015302756,4.331108570098877,8.662310852289565,21.03217767500504,2.0487194061279297,1.8828863261122075,2.298866757264723,0.0001320869778282,38.74606027030105,18.505818689913635,3.059001445770264,32.54119085121429,28.41210983672188,2.416994333267212,,,,
XLM-R,Mallarmé poems,Mallarmé poems#3,104,18.87551651216389,,4.34282922744751,8.595490527916041,37.5992044754733,2.0552563667297363,1.9311323954222024,2.0759320522766505,0.0001316501293331,31.265899851871563,20.07668445516278,3.0931637287139893,29.29562883560668,37.74237622502452,2.296883106231689,,,,
XLM-R,Mallarmé poems,Mallarmé poems#4,89,12.971762013764918,,4.223461151123047,8.454367829536729,34.2577712891021,2.2044801712036133,1.8093314866179568,2.021653635596355,0.0001361425238428,16.887332541545515,17.423427517331135,3.1416032314300537,21.727088134204603,21.58630989943519,2.463351488113404,,,,
XLM-R,Mallarmé poems,Mallarmé poems#5,103,23.12065787088609,,4.342886924743652,10.42766749174642,19.68795202563838,2.1131510734558105,1.8749396176030355,2.291643778432972,0.0001435973099432,24.862333331092497,23.348816182737654,3.093393087387085,28.23807626434724,25.161129604101504,2.2853989601135254,,,,
XLM-R,Mallarmé poems,Mallarmé poems#6,99,16.08418068043863,,4.315797328948975,10.567465527388864,18.41924283374252,2.177187919616699,1.7713122064704727,2.111042542888701,0.0001357801957055,16.931050684146726,19.46448181954031,2.962265014648437,25.82857105831931,27.96584866300959,2.2832508087158203,,,,
XLM-R,Mallarmé poems,Mallarmé poems#7,97,14.340434844580068,,4.329858779907227,8.207384363202669,55.94130058014304,2.138434886932373,1.7269234577632204,2.0557277811335752,0.0001385639770887,16.48694099525704,17.121265239141444,3.1168346405029297,36.09340740360658,23.097931038280308,2.464348793029785,,,,
XLM-R,Mallarmé poems,Mallarmé poems#8,100,20.918534050110043,,4.2517991065979,8.925686426038059,44.324938107179385,2.2410330772399902,1.940283730748368,2.205894465466034,0.0001326380006503,23.06119274517592,17.939022307407075,3.018372297286988,23.27731818169717,26.359935194118908,2.2653870582580566,,,,
XLM-R,Mallarmé poems,Mallarmé poems#9,85,9.06037632229811,,4.328553199768066,5.29820315484909,24.930410883597744,2.157106637954712,1.9625326027506824,2.2586357420026064,0.0001234634255524,12.208545170528105,11.137675554074956,3.017397165298462,21.302398921384025,22.544260893382766,2.411158561706543,,,,
XLM-R,Mallarmé poems,Mallarmé poems#10,95,15.604358504532442,103.09094236243408,4.259402751922607,7.28856560311923,18.995103609204712,2.1904664039611816,1.7900143531291832,1.921390024207825,0.0001396053703501,20.584289523669792,18.697620812021487,3.0504846572875977,23.896654070293152,18.40301471181586,2.38199234008789,,,,
XLM-R,Mallarmé poems,Mallarmé poems#11,77,7.382870816250903,,4.211071014404297,5.195263948654205,19.48873184677264,2.1069576740264893,1.6791100311187916,1.8991286389453093,0.0001409418910043,10.66725151566539,9.408764659819417,3.307445526123047,14.931628375168922,13.728687946132135,2.5730295181274414,,,,
XLM-R,Mallarmé poems,Mallarmé poems#12,97,13.322029994329798,,4.299983024597168,8.240113926506961,22.32107001644248,2.1295320987701416,1.8755563864746128,2.168760602159965,0.0001310609513893,28.32495747400772,36.87978400665606,3.1570963859558105,28.489134100385712,27.94049427970681,2.303325653076172,,,,
XLM-R,Mallarmé poems,Mallarmé poems#13,88,12.798354198407074,,4.244654178619385,6.544166492426796,21.18226690169843,2.143308639526367,1.9979070615884336,2.320336426050784,0.0001268057676497,11.514752156246743,13.823008543453351,3.185904264450073,20.732794652813272,18.876063784493123,2.443899631500244,,,,
XLM-R,Mallarmé poems,Mallarmé poems#14,97,17.085199588887207,333.921131141288,4.320573806762695,9.499072799430218,18.562072916445384,2.0990750789642334,1.865453665206924,2.171457197002466,0.0001352787658106,18.984907165959665,22.06088929751951,3.0284457206726074,19.6451901333627,20.57965247106237,2.4437003135681152,,,,
XLM-R,Mallarmé poems,Mallarmé poems#15,94,13.302863298813085,,4.328383445739746,7.734436043256771,20.923635228510506,2.090350151062012,1.8576471189265569,2.111168009020321,0.0001466256799176,15.02257973203549,15.34039410182615,2.9715769290924072,29.461588778535,21.518305545249685,2.27505111694336,,,,
XLM-R,Mallarmé poems,Mallarmé poems#16,97,16.153546631341786,,4.327741622924805,7.340818166772632,29.437320781662056,2.06155014038086,1.8403067164350109,2.233356509715218,0.0001383174676448,22.307045845794647,16.124925734996143,2.938872814178467,23.591386412509703,19.61849886262373,2.4015469551086426,,,,
XLM-R,Mallarmé poems,Mallarmé poems#17,100,20.8540327773761,,4.283387184143066,12.574177443687184,22.23174944189087,2.090155601501465,1.8191320689527453,2.261342252025655,0.0001393521524732,19.77789605973668,17.08244274498149,2.9850261211395264,23.056972643064046,20.96582714844951,2.507080554962158,,,,
XLM-R,Mallarmé poems,Mallarmé poems#18,113,31.669973792076625,,4.504828453063965,10.202078513417224,17.994767212406174,2.245969772338867,1.905273523447592,1.9961026930543708,0.0001361273607471,50.5608998405062,35.68753045688587,3.076108455657959,50.14125947112663,29.036870031632816,2.3104777336120605,,,,
XLM-R,Mallarmé poems,Mallarmé poems#19,102,19.97970480220177,,4.364893436431885,10.326085561786536,33.37595774599855,2.125002384185791,1.822674512696568,2.100135325166428,0.0001490558934165,21.997936206483388,21.58330574934196,3.1930699348449707,41.74373542884908,34.001142256526144,2.36909294128418,,,,
XLM-R,Mallarmé poems,Mallarmé poems#20,105,20.71789057100115,165.8383323439284,4.29426383972168,9.041544467456822,15.40785702285246,2.1622676849365234,2.074189175971988,2.2311700575712625,0.0001281923614442,26.720911219236456,29.686198499317925,2.9758429527282715,26.30700610393754,49.18987602305285,2.191456794738769,,,,
XLM-R,Mallarmé poems,Mallarmé poems#21,110,28.73689275264232,299.1058435303148,4.360208511352539,9.794626972258662,21.09403103336208,2.1476645469665527,1.908927587395448,2.052272783446276,0.0001289994397666,27.68470548132941,26.55114635836344,2.978651523590088,30.154496078571626,31.56815000408559,2.272103309631348,,,,
XLM-R,Poe tales (English),Poe tales (English)#0,95,13.512970693026348,,4.084851741790772,6.288114152195559,22.75369303439585,2.2276158332824707,1.894178506597872,2.255152091553381,0.0001310662773903,21.96495396379966,19.857382102908407,3.046407699584961,22.68858754880189,17.564419187630268,2.144674777984619,,,,
XLM-R,Poe tales (English),Poe tales (English)#1,90,13.331930589233112,,4.101929187774658,6.594851781385053,31.71054765252246,2.2254483699798584,1.817036187831924,1.9455434400910672,0.0001417012390447,22.28742711070046,18.10204541486576,3.07085919380188,19.51779601913392,17.343870715946704,2.4084577560424805,,,,
XLM-R,Poe tales (English),Poe tales (English)#2,96,13.35766900953132,,4.139460563659668,8.847654584325044,98.21709218269402,2.269260883331299,1.876418330619416,2.208428407838333,0.0001417180756106,17.457950815336996,18.99696800921606,3.0752460956573486,25.945476182758565,22.2345788057112,2.25296688079834,,,,
XLM-R,Poe tales (English),Poe tales (English)#3,92,13.44114697709016,,4.136195659637451,7.471806329160974,23.545503084643368,2.154939651489258,1.895951622001108,2.0635926929002486,0.0001296504342462,18.548910380645285,18.91604099477451,2.9388859272003174,20.9394112368194,29.538294808669363,2.248948097229004,,,,
XLM-R,Poe tales (English),Poe tales (English)#4,93,12.76421171853081,,4.0749101638793945,6.087981512725874,17.42258651513538,2.2674050331115723,1.8726425838679328,2.1991015036785377,0.0001273793459404,15.408475025486268,19.473654090632348,3.1437981128692627,23.17518273221109,20.47582613112699,2.3723397254943848,,,,
XLM-R,Poe tales (English),Poe tales (English)#5,93,20.78209595661644,1178.2335190082715,4.071547508239746,8.070566409177502,32.12602557277599,2.179659366607666,1.8042231045217816,2.250377874430445,0.0001330778031842,22.75438099060576,21.213139321844405,3.028507947921753,21.64623760934597,19.783700602427285,2.2895150184631348,,,,
XLM-R,Poe tales (English),Poe tales (English)#6,91,13.379467351399702,147.92455012843016,4.023113250732422,6.29305389039138,18.674305403223865,2.205535650253296,2.0314048827839395,2.3288916891506912,0.0001320102455792,14.699564942796863,16.559503339379763,2.902494430541992,21.051966466391235,18.30170531020694,2.260669708251953,,,,
XLM-R,Poe tales (English),Poe tales (English)#7,72,5.976944088993221,,4.080070495605469,4.686526058023017,22.81451140338156,2.2320923805236816,1.8007087724377744,2.3057194233825267,0.0001229047629749,9.664259276181555,9.507033545459892,3.11328125,15.71121131966008,17.555022114953644,2.516659736633301,,,,
XLM-R,Poe tales (English),Poe tales (English)#8,81,7.473700803699567,140.15057367246888,4.1404948234558105,5.241997720769056,23.965704899810486,2.3810348510742188,1.8698611416930084,2.123947017161312,0.0001271171495318,10.436938659552345,10.005406655424506,3.308489799499512,16.675758783404127,14.92394137089416,2.4827821254730225,,,,
XLM-R,Poe tales (English),Poe tales (English)#9,92,11.606409053991396,512.3253485003978,4.131046295166016,6.003579784937503,35.53402637589314,2.300558567047119,1.8218623974435413,1.9856950805656155,0.0001296933332923,14.354324516330722,16.538481240702623,3.1511993408203125,22.23951359414255,24.79421632004297,2.3306000232696533,,,,
XLM-R,Poe tales (English),Poe tales (English)#10,97,15.362142196927891,,4.176399230957031,7.8198114999122526,35.23708449125356,2.1631526947021484,1.827320446170719,2.02728470155492,0.0001479021739214,27.690904554504623,22.90214851224305,3.076966524124145,23.904662879026382,22.006901423055044,2.2258970737457275,,,,
XLM-R,Poe tales (English),Poe tales (English)#11,90,11.617732087447836,,4.082376480102539,6.397581910851527,24.788214672484013,2.174628257751465,1.7625230610154816,1.9082191307979208,0.0001341585011687,19.95332498423264,19.65268877591823,3.063035249710083,19.438831497871863,22.19461224487525,2.3378984928131104,,,,
XLM-R,Poe tales (English),Poe tales (English)#12,91,14.344507002235856,,4.176362991333008,5.65492770502033,15.465634834907467,2.165854215621948,1.8586363528507432,2.1422813077351046,0.0001412364072166,20.215802521908586,23.82438100634181,2.987894058227539,25.892333201187128,21.39958309548197,2.254265308380127,,,,
XLM-R,Poe tales (English),Poe tales (English)#13,90,11.875046138291305,,4.132088661193848,5.987950691946673,41.39959737649456,2.1360106468200684,1.897230618420526,1.945017671134342,0.0001334733969997,14.710796394898187,14.720120506964212,3.035341024398804,22.417285750677028,25.855067390022736,2.3016951084136963,,,,
XLM-R,Poe tales (English),Poe tales (English)#14,92,10.4191932539923,202.3204752980363,4.073879241943359,7.156265404895797,19.786287442038432,2.128558158874512,1.982114290170194,2.040345067105216,0.0001371711550746,16.69614557107768,15.401721742693145,3.0388665199279785,20.193203893488093,23.85951387104501,2.2902731895446777,,,,
XLM-R,Poe tales (English),Poe tales (English)#15,90,10.84721027452664,,4.036018371582031,6.2961684225634444,19.30554482642614,2.1992499828338623,1.8842001195444948,1.9726481418683413,0.0001254023227375,18.70839858198819,16.700448993348267,2.997819423675537,20.405558505596527,18.48289625469995,2.328770637512207,,,,
XLM-R,Poe tales (English),Poe tales (English)#16,97,14.226846565039311,,4.110382556915283,8.97168286055304,30.22578874662976,2.133334159851074,1.8054721686923108,2.195518029951524,0.0001442575885448,24.13628664343668,22.628533887857213,3.107511520385742,24.74443033135431,21.930556569865733,2.3218343257904053,,,,
XLM-R,Poe tales (English),Poe tales (English)#17,93,15.018327521652802,,4.058113098144531,7.3330893715709395,19.645643622668818,2.23411226272583,1.853661630121648,2.1365017279598484,0.0001350547536276,19.22698183854736,22.554072950408496,3.1397647857666016,25.57628879473204,29.974910022906368,2.291104316711426,,,,
XLM-R,Poe tales (English),Poe tales (English)#18,94,13.529084327715148,,4.126112937927246,6.610078435709558,28.08360238972102,2.1610312461853027,1.7952906082622704,2.032381837342696,0.0001286504848394,22.13108765840552,20.15820584894862,3.040654420852661,23.592822382371704,18.910717589689742,2.3677563667297363,,,,
XLM-R,Poe tales (English),Poe tales (English)#19,88,11.937130213954768,,4.0542402267456055,6.206824195751001,20.939295636259093,2.320465564727783,1.8950365463614187,2.163690337732769,0.0001184927095891,15.868821258216714,15.252175540614529,3.1019062995910645,19.291866045398137,26.31432457007308,2.4628496170043945,,,,
XLM-R,Poe tales (English),Poe tales (English)#20,94,13.83261732949793,,4.092667102813721,7.221349706866269,34.661642717917466,2.1685914993286133,1.9099609861442888,2.08686505984832,0.0001258748525287,20.309869940099173,20.436587833580408,2.9723901748657227,22.416884839926407,19.402972175841423,2.2678542137146,,,,
XLM-R,Poe tales (English),Poe tales (English)#21,89,12.293734181137772,103.60033171476871,4.096456527709961,6.305293749383742,21.00857681708858,2.140308141708374,1.704889418231124,2.1309596725434794,0.0001278277341043,18.38227639044808,17.57418272035125,3.0418455600738525,16.24778890955731,20.21590752551301,2.4494705200195312,,,,
XLM-R,"Poe tales (French, Baudelaire)","Poe tales (French, Baudelaire)#0",48,3.8521004866185247,198.4087621183945,3.9403114318847656,2.7864098894690987,12.438340662930228,2.0078930854797363,1.4550102553244446,1.761414719120548,0.0001356050051981,5.4282227614590814,5.551463130390647,3.675909996032715,11.2185234108539,11.04165044920891,2.8794054985046387,,,,
XLM-R,"Poe tales (French, Baudelaire)","Poe tales (French, Baudelaire)#1",92,11.173638799236032,125.59126616401484,4.227892875671387,7.443513300917803,25.22261612950177,2.218672037124634,1.877596479362512,1.9771456002863068,0.0001354904088657,18.701726150915466,17.68784196143997,3.258817911148072,23.84893385334458,20.484096364796773,2.4354257583618164,,,,
XLM-R,"Poe tales (French, Baudelaire)","Poe tales (French, Baudelaire)#2",90,12.267816978200116,,4.276781558990479,6.585281083094432,23.30849310746949,2.1315243244171143,1.835498967176411,2.098882393152929,0.0001332293031737,16.962049095436896,15.836719427989118,3.378160238265991,23.240982003696804,18.62746437199259,2.546992540359497,,,,
XLM-R,"Poe tales (French, Baudelaire)","Poe tales (French, Baudelaire)#3",99,17.08866613295288,547.0384115471869,4.242611408233643,8.30946342170671,21.65508461277348,2.251122236251831,1.894202005253545,2.1143040732610774,0.000132695044158,18.82804458162688,15.530135956695096,3.345911741256714,24.950154237501348,25.578068493312003,2.3839685916900635,,,,
XLM-R,"Poe tales (French, Baudelaire)","Poe tales (French, Baudelaire)#4",78,8.105818240814044,342.5299872516612,4.229128360748291,5.514549700654566,36.98366515353001,2.312019824981689,1.7880933857092485,2.070513475416595,0.0001322500174865,10.642288706863951,10.118258666777097,3.350909948348999,13.252286529890084,14.122287470361185,2.6784400939941406,,,,
XLM-R,"Poe tales (French, Baudelaire)","Poe tales (French, Baudelaire)#5",58,4.1505804291629405,518.5117508223161,4.20567798614502,3.2463877813871136,17.826750158941277,1.9329004287719729,1.579974978525235,1.8484051897026987,0.0001447996037313,6.142585352519643,7.22835599842659,3.5292563438415527,11.405907134904886,11.632137570749,2.875713348388672,,,,
XLM-R,"Poe tales (French, Baudelaire)","Poe tales (French, Baudelaire)#6",96,16.09566379754963,,4.289370536804199,7.110096705221028,16.147623439527973,2.3315138816833496,1.8054673244361377,1.979708878129921,0.0001409610849805,16.867572517872727,18.63716644151413,3.373237609863281,21.3426145062172,21.93257464285679,2.4608283042907715,,,,
XLM-R,"Poe tales (French, Baudelaire)","Poe tales (French, Baudelaire)#7",96,18.65480872106002,,4.19141960144043,7.667841156221326,16.836844482756906,2.15152359008789,1.831634734200623,2.058033338568896,0.0001356954162474,17.98365469973145,17.83695227039478,3.171754837036133,19.20549093664281,20.338471059948883,2.409708023071289,,,,
XLM-R,"Poe tales (French, Baudelaire)","Poe tales (French, Baudelaire)#8",85,8.61898440707561,,4.217936992645264,6.054942636163798,21.40076399387,2.155059814453125,1.921388916030588,2.2330663260997072,0.0001311071391683,12.83092436961848,12.117853181170176,3.2290446758270264,20.140797328630608,15.763007740833878,2.462909698486328,,,,
XLM-R,"Poe tales (French, Baudelaire)","Poe tales (French, Baudelaire)#9",94,13.610970257643729,363.8741692471368,4.234971046447754,7.066899899069902,18.90979400243993,2.1994967460632324,1.78962372570049,2.135327562907736,0.0001239253761013,15.78355754921418,18.52759076977925,3.214326858520508,21.13066376286361,20.07232750920761,2.413161277770996,,,,
XLM-R,"Poe tales (French, Baudelaire)","Poe tales (French, Baudelaire)#10",79,8.134764800532674,178.11567867647904,4.182496070861816,5.720178328273501,21.44471567789844,2.2124552726745605,1.8006717771168124,1.967285580106628,0.0001191530827782,11.49651730279834,9.907872953992944,3.247981071472168,18.224228839468,17.63360729689965,2.464330673217773,,,,
XLM-R,"Poe tales (French, Baudelaire)","Poe tales (French, Baudelaire)#11",92,14.062492080758206,,4.253937721252441,7.678652226173914,21.40135498297957,2.2641258239746094,1.8820614097329853,2.0692505959083984,0.000131689797854,18.55759085227116,16.552599048792384,3.314596176147461,21.19221408949939,21.21373015872319,2.2815659046173096,,,,
XLM-R,"Poe tales (French, Baudelaire)","Poe tales (French, Baudelaire)#12",100,15.575929899268688,103.80494820906895,4.300087928771973,7.426733477132838,12.9395265764192,2.36344051361084,1.8772006621707125,2.128590812562821,0.000128978077555,20.46098807057224,50.67588580707365,3.220939874649048,24.049067381160047,23.5172995257996,2.2823851108551025,,,,
XLM-R,"Poe tales (French, Baudelaire)","Poe tales (French, Baudelaire)#13",89,11.871014234729046,,4.2654948234558105,7.276206562785236,24.33651902235559,2.233150720596313,1.8371835498563656,2.1027931402919084,0.0001297318958677,21.2012386699134,14.928227684468553,3.534098863601685,20.295148341636363,16.47498188228182,2.607248306274414,,,,
XLM-R,"Poe tales (French, Baudelaire)","Poe tales (French, Baudelaire)#14",90,10.840488710328303,,4.22175931930542,6.789398456082254,27.48248018446636,2.233346462249756,1.92057633606464,2.09611399447363,0.0001310324732912,13.7719134395468,13.173767098901823,3.2536461353302,21.02089738825032,20.997321271147,2.3136749267578125,,,,
XLM-R,"Poe tales (French, Baudelaire)","Poe tales (French, Baudelaire)#15",57,4.009386288006961,86.51193126952876,4.189394950866699,3.18099902027532,12.13498545112082,1.937040328979492,1.5809688669784194,1.7952709956850328,0.0001406685769325,6.096126077952938,7.399886577016196,3.4852712154388428,10.854769167998104,10.318644491383433,2.662093162536621,,,,
XLM-R,"Poe tales (French, Baudelaire)","Poe tales (French, Baudelaire)#16",50,4.255790468230296,313.18092816249754,4.031562805175781,3.153103092000945,17.783563763556796,1.9826412200927728,1.5533073790436462,1.8551665861209543,0.0001347218640148,6.127548583522867,6.280696836563368,3.616870403289795,11.65846422584154,10.843856142754484,2.9087395668029785,,,,
XLM-R,"Poe tales (French, Baudelaire)","Poe tales (French, Baudelaire)#17",97,13.072104931180943,148.03502972365254,4.238016128540039,5.647666718793819,12.590941338110753,2.4510512351989746,1.897593199517636,2.103035580878385,0.0001387749507557,16.910517495326207,14.534024911415992,3.2706832885742188,31.60584498503842,31.84289699095635,2.344097137451172,,,,
XLM-R,"Poe tales (French, Baudelaire)","Poe tales (French, Baudelaire)#18",96,14.47364914421648,,4.217780113220215,7.946621886795792,22.42560483968704,2.2559356689453125,1.8824786339195656,2.1092922500036866,0.0001364813651889,21.31012740983953,23.26771186079598,3.2545340061187744,20.50562032930638,53.35263796075842,2.4715542793273926,,,,
XLM-R,"Poe tales (French, Baudelaire)","Poe tales (French, Baudelaire)#19",83,8.71795836509569,,4.266389846801758,5.104524013353281,13.184054801551405,2.4784531593322754,1.8554092004021976,2.130695877454146,0.0001239979756064,11.058064249079068,11.033197068033026,3.370848655700684,15.246353646722335,22.45750172154426,2.425410032272339,,,,
XLM-R,"Poe tales (French, Baudelaire)","Poe tales (French, Baudelaire)#20",90,11.715768116140652,,4.308955669403076,6.608642972086961,19.101476018570224,2.206317186355591,1.845487540958881,1.920002595256803,0.0001406199880875,13.267175813718936,16.703243163459074,3.210166454315185,17.33389418243021,18.00568151802195,2.54030990600586,,,,
XLM-R,"Poe tales (French, Baudelaire)","Poe tales (French, Baudelaire)#21",95,12.198562875604845,3629.23256630071,4.271977424621582,7.1830802386744645,20.13274219367513,2.2111804485321045,1.870379856791743,1.9724925853402404,0.0001350999518763,15.143498923391084,15.73700575331592,3.231351375579834,20.96084548771205,20.992204670095106,2.4422483444213867,,,,
XLM-R,__diagnostic__,lone,3987,,,,,,,,,,,,,,,,19.157468795776367,0.1136709004640579,0.9858123064041138,4.901203155517578
XLM-R,__diagnostic__,lone_bare,3987,,,,,,,,,,,,,,,,18.72335433959961,2.312953483851743e-06,1.0,1.3779635429382324
Qwen,Shakespeare sonnets,Shakespeare sonnets#0,99,11.786776879199529,257.8390671505732,0.4466695189476013,6.671497604037678,12.989583656834464,169.85598754882812,6.671497604037678,12.989583656834464,169.85598754882812,10.426158337670708,10.049242548678713,158.01780700683594,18.889246812562465,13.400235268780506,83.57754516601562,,,,
Qwen,Shakespeare sonnets,Shakespeare sonnets#1,97,10.940053108766117,,0.4483660459518432,5.108120811208564,11.839464930279412,169.0267791748047,5.108120811208564,11.839464930279412,169.0267791748047,8.805118389028708,9.412279548465698,163.02578735351562,15.489117025864124,15.640100360683537,79.03437805175781,,,,
Qwen,Shakespeare sonnets,Shakespeare sonnets#2,103,16.950721464358512,,0.4406055510044098,6.414528783071423,10.519710540656073,162.9803924560547,6.414528783071423,10.519710540656073,162.9803924560547,10.000053063264652,11.130729172864896,159.3940887451172,15.668756899985649,17.562434576759365,76.52764129638672,,,,
Qwen,Shakespeare sonnets,Shakespeare sonnets#3,95,10.419015402326414,106.94462436848002,0.4436938762664795,5.305589673996896,18.14217669769627,163.05615234375,5.305589673996896,18.14217669769627,163.05615234375,10.404159359750317,9.92344745320531,150.217041015625,13.568521626922012,14.178123293637167,72.23003387451172,,,,
Qwen,Shakespeare sonnets,Shakespeare sonnets#4,94,11.611812786400884,,0.4457124471664428,6.258813412560161,12.308598277262172,162.46388244628906,6.258813412560161,12.308598277262172,162.46388244628906,9.788413073233132,11.092403067881882,159.887939453125,11.311710536259168,18.853872033968585,82.30220794677734,,,,
Qwen,Shakespeare sonnets,Shakespeare sonnets#5,97,12.067504919288838,147.36082132147965,0.4401686787605285,5.762756163679238,12.623497817535863,160.93215942382812,5.762756163679238,12.623497817535863,160.93215942382812,9.478548491752557,9.116350844071905,158.5792694091797,10.433453205758996,12.679472426031746,84.36036682128906,,,,
Qwen,Shakespeare sonnets,Shakespeare sonnets#6,78,6.551246685393072,,0.438157320022583,4.15085712885812,15.137753083543588,159.1732177734375,4.15085712885812,15.137753083543588,159.1732177734375,8.973375006118319,7.315597745845856,139.2770233154297,9.924934373525035,10.196381681348578,84.60880279541016,,,,
Qwen,Shakespeare sonnets,Shakespeare sonnets#7,99,14.0303103387597,,0.4484677314758301,5.911323848472069,11.063494122085652,168.73680114746094,5.911323848472069,11.063494122085652,168.73680114746094,11.245403421669524,10.551981492905677,167.8853759765625,13.146009728636097,13.988214046033209,86.69624328613281,,,,
Qwen,Shakespeare sonnets,Shakespeare sonnets#8,90,9.24363483719582,94.53198697131548,0.4306615591049194,5.139319515926793,12.259143143403016,155.949462890625,5.139319515926793,12.259143143403016,155.949462890625,10.66132277084865,9.494520593003967,153.09030151367188,12.77557920894582,25.15502501217654,70.26813507080078,,,,
Qwen,Shakespeare sonnets,Shakespeare sonnets#9,97,14.80627467825453,722.0033774357075,0.44950932264328,5.540961294811262,14.27295870500584,170.6701202392578,5.540961294811262,14.27295870500584,170.6701202392578,9.1237051537485,9.135255435669798,170.0174102783203,15.98822693982117,17.759600392877925,83.82950592041016,,,,
Qwen,Shakespeare sonnets,Shakespeare sonnets#10,107,16.566048694350652,319.8592374190049,0.4404094815254211,7.124095560306079,9.897460044203097,160.15362548828125,7.124095560306079,9.897460044203097,160.15362548828125,9.11261453039674,9.492491429856592,158.64242553710938,19.8784152391514,29.932607644097587,79.23430633544922,,,,
Qwen,Shakespeare sonnets,Shakespeare sonnets#11,97,12.730936036024689,563.6809269342666,0.4444619119167328,6.443733985310377,13.487917327709017,164.98704528808594,6.443733985310377,13.487917327709017,164.98704528808594,8.989821628948194,11.253842886053317,154.071533203125,18.81729047089223,15.115674435862983,70.73635864257812,,,,
Qwen,Shakespeare sonnets,Shakespeare sonnets#12,95,10.915915832889384,130.62726169492797,0.4359430074691772,5.749559335921606,11.221711384736382,161.5287322998047,5.749559335921606,11.221711384736382,161.5287322998047,9.419193455314929,8.970164453562534,152.67230224609375,16.035484970630627,23.41528517907029,72.52364349365234,,,,
Qwen,Shakespeare sonnets,Shakespeare sonnets#13,92,9.12356188215521,338.66128874873834,0.4410659074783325,4.731103079259847,8.241512084937169,166.44834899902344,4.731103079259847,8.241512084937169,166.44834899902344,8.622485548522965,9.462444156959018,157.18838500976562,11.358810084193816,14.303912177168812,79.40196228027344,,,,
Qwen,Shakespeare sonnets,Shakespeare sonnets#14,93,10.185131173292968,273.57885637150366,0.4300591945648193,5.647660603053295,12.045239269231928,156.10923767089844,5.647660603053295,12.045239269231928,156.10923767089844,10.422226220407724,10.40072104876679,152.60031127929688,11.01510334990082,16.750702075927745,79.64042663574219,,,,
Qwen,Shakespeare sonnets,Shakespeare sonnets#15,88,8.376461969288679,140.22646922904164,0.4361560046672821,4.775916399522247,13.375886149661106,155.33538818359375,4.775916399522247,13.375886149661106,155.33538818359375,9.984171645917495,11.156621872512742,146.76904296875,12.902962732533128,16.67438114546712,75.77313995361328,,,,
Qwen,Shakespeare sonnets,Shakespeare sonnets#16,88,8.504009241939816,695.4388732280554,0.4372771680355072,5.269300026307072,9.433221165849307,161.71731567382812,5.269300026307072,9.433221165849307,161.71731567382812,9.775481651341826,8.355804998086313,154.87908935546875,13.9120695471405,12.270819586867397,80.82920837402344,,,,
Qwen,Shakespeare sonnets,Shakespeare sonnets#17,91,9.487321975234236,4531.357169963249,0.4373266696929931,4.546952987230664,10.893866659068417,165.2926788330078,4.546952987230664,10.893866659068417,165.2926788330078,8.068081523663336,9.390469284163352,149.87603759765625,14.717360424893828,11.11241404583988,81.41102600097656,,,,
Qwen,Shakespeare sonnets,Shakespeare sonnets#18,100,13.798224623294413,375.6896569415458,0.4365061223506927,5.982686414480548,12.77264923433087,162.28469848632812,5.982686414480548,12.77264923433087,162.28469848632812,11.428034537947186,11.1422021098143,160.58895874023438,20.532809934965496,21.467077951572644,84.185546875,,,,
Qwen,Shakespeare sonnets,Shakespeare sonnets#19,101,13.437138549784647,178.0599944953053,0.4330910146236419,5.783628652958051,10.507647725559504,161.327880859375,5.783628652958051,10.507647725559504,161.327880859375,9.672521018488084,10.600858473661162,159.54852294921875,26.77053279135386,12.127017195556723,76.62097930908203,,,,
Qwen,Shakespeare sonnets,Shakespeare sonnets#20,81,7.037611056237736,664.5790510272011,0.4379845261573791,4.426394960693141,12.666239015950175,164.61123657226562,4.426394960693141,12.666239015950175,164.61123657226562,8.070767831925878,8.457515437710386,156.0335693359375,14.608910389443672,10.152711935890917,85.031494140625,,,,
Qwen,Shakespeare sonnets,Shakespeare sonnets#21,90,8.929736187262,1177.03103347214,0.4440906643867492,4.862682233066088,13.665440304722804,164.44223022460938,4.862682233066088,13.665440304722804,164.44223022460938,8.241348094933798,8.409723854393874,160.90011596679688,18.288227734711864,15.392453810354118,80.75019836425781,,,,
Qwen,Shakespeare plays,Shakespeare plays#0,94,13.58958098528744,,0.4410730600357055,5.822546404642114,13.890180976374712,157.16656494140625,5.822546404642114,13.890180976374712,157.16656494140625,11.724372613161648,11.263025994468244,160.0175323486328,11.731701545478396,15.279837528851257,78.63677215576172,,,,
Qwen,Shakespeare plays,Shakespeare plays#1,93,11.114139505714638,,0.4379635155200958,5.043042238529982,10.177343512596662,171.94293212890625,5.043042238529982,10.177343512596662,171.94293212890625,8.117531925721737,9.739860904396606,171.56060791015625,11.897748371432469,17.317356209154806,82.7154541015625,,,,
Qwen,Shakespeare plays,Shakespeare plays#2,94,12.518793692418337,352.2787749334078,0.4413827061653137,5.206552378618794,9.440837408692646,184.96304321289065,5.206552378618794,9.440837408692646,184.96304321289065,8.398375314553753,8.892523071025247,190.79544067382807,11.37102508505261,12.459653323943584,96.75664520263672,,,,
Qwen,Shakespeare plays,Shakespeare plays#3,87,8.588185812481306,343.60980088987554,0.4550620019435882,4.651114216880749,10.32775980173444,178.68856811523438,4.651114216880749,10.32775980173444,178.68856811523438,7.79861321218219,7.537851139246487,179.25927734375,8.64469068408365,10.508466427908232,99.41555786132812,,,,
Qwen,Shakespeare plays,Shakespeare plays#4,92,10.98272198257328,509.8042113514491,0.4461368322372436,5.195387449149705,8.743552977663578,183.9439849853516,5.195387449149705,8.743552977663578,183.9439849853516,8.711355647952786,8.954793119992493,188.88726806640625,12.621475587079445,9.230150486270544,92.57273864746094,,,,
Qwen,Shakespeare plays,Shakespeare plays#5,94,11.159171815015716,,0.4461448192596435,5.056346393822634,9.23434873834199,174.56214904785156,5.056346393822634,9.23434873834199,174.56214904785156,10.782510172201588,10.13102427586805,184.1076202392578,10.562824932000748,13.19876898805668,85.36882019042969,,,,
Qwen,Shakespeare plays,Shakespeare plays#6,94,9.210216419300645,259.61684138619626,0.4415373206138611,5.024256817652923,12.62539900156222,171.27670288085938,5.024256817652923,12.62539900156222,171.27670288085938,10.038747268890816,8.489193814696145,173.799560546875,10.24509095990788,11.264475980621931,84.92546081542969,,,,
Qwen,Shakespeare plays,Shakespeare plays#7,94,10.728340927950915,225.23748001931747,0.4407249987125397,5.683628356920223,13.481235682051008,169.17108154296875,5.683628356920223,13.481235682051008,169.17108154296875,10.34399811612033,8.687989315630338,165.12327575683594,15.437433299604264,14.01378631461815,86.87806701660156,,,,
Qwen,Shakespeare plays,Shakespeare plays#8,93,10.550730667463103,1256.054765966134,0.4483462870121002,5.39160535233508,12.379129691856084,172.63092041015625,5.39160535233508,12.379129691856084,172.63092041015625,9.823226721028083,8.690115697638618,168.84262084960938,18.55683606437147,15.506800681318344,90.7002944946289,,,,
Qwen,Shakespeare plays,Shakespeare plays#9,85,7.630264844743597,182.09601661651843,0.4427648186683655,4.051273915678519,8.179112066368736,176.60389709472656,4.051273915678519,8.179112066368736,176.60389709472656,7.031757275372151,7.65939382035542,175.092529296875,9.431881954145398,13.721053144496944,96.3464126586914,,,,
Qwen,Shakespeare plays,Shakespeare plays#10,101,14.748533374475391,,0.4448128640651703,6.316194704556945,10.324199868778283,169.9591064453125,6.316194704556945,10.324199868778283,169.9591064453125,9.097248366909325,10.43735347702122,177.32855224609375,20.657999550805417,23.602654718395787,83.16790771484375,,,,
Qwen,Shakespeare plays,Shakespeare plays#11,99,14.332683765569122,,0.4415867924690246,5.974239382915975,10.160153396982794,170.4957733154297,5.974239382915975,10.160153396982794,170.4957733154297,9.846506149409857,9.55036296523342,183.28384399414065,10.574532015719496,11.929231567372517,88.38214111328125,,,,
Qwen,Shakespeare plays,Shakespeare plays#12,89,8.446958424131232,414.8436407463967,0.4364165663719177,4.637714353588851,12.205058649307448,181.08074951171875,4.637714353588851,12.205058649307448,181.08074951171875,7.9573470874814545,9.382945744370211,188.6343688964844,14.934968948486803,11.55370160090285,98.48445129394533,,,,
Qwen,Shakespeare plays,Shakespeare plays#13,92,10.82969564315769,216.43115430038804,0.440179705619812,5.755207318035688,10.863763652161005,173.17437744140625,5.755207318035688,10.863763652161005,173.17437744140625,10.001408821459297,8.228373789929387,168.90565490722656,14.311295834918626,9.74132220115482,90.85051727294922,,,,
Qwen,Shakespeare plays,Shakespeare plays#14,75,6.383292410007975,70.66485095544832,0.4519618153572082,4.107106658019225,9.459998187977009,182.61898803710935,4.107106658019225,9.459998187977009,182.61898803710935,7.881006539156504,6.550411261906262,186.34732055664065,11.698934060893835,12.130426871650275,94.32551574707033,,,,
Qwen,Shakespeare plays,Shakespeare plays#15,87,8.229519601138918,510.9000975911565,0.4375565350055694,5.0003579237933256,11.411638293811436,174.3044891357422,5.0003579237933256,11.411638293811436,174.3044891357422,9.286429234366231,10.066182678614654,176.82864379882812,11.137031613774631,15.354657404894178,91.21663665771484,,,,
Qwen,Shakespeare plays,Shakespeare plays#16,93,11.632047874247744,576.5478725526966,0.4513738751411438,5.194957351164782,15.493572240850265,174.3359375,5.194957351164782,15.493572240850265,174.3359375,10.407654140928177,9.371930837540631,176.85269165039062,14.48610466988869,11.541711642888345,83.9354248046875,,,,
Qwen,Shakespeare plays,Shakespeare plays#17,88,8.896134615702026,188.3534675573325,0.4561829566955566,5.163688798902081,9.916387430154757,184.30145263671875,5.163688798902081,9.916387430154757,184.30145263671875,8.146802713880493,7.362662638532704,192.6249542236328,14.882908943481866,14.245151403512857,90.95057678222656,,,,
Qwen,Shakespeare plays,Shakespeare plays#18,80,6.621633634870843,155.41593979642482,0.4494957625865936,3.967193838027395,9.998979915573878,176.04843139648438,3.967193838027395,9.998979915573878,176.04843139648438,6.41629843669885,6.475872682688437,173.67791748046875,13.440947335231408,9.343004586096615,89.17313385009766,,,,
Qwen,Shakespeare plays,Shakespeare plays#19,80,6.40454011104423,193.80029491160968,0.4384886622428894,4.103449645085799,9.566800318593254,176.64556884765625,4.103449645085799,9.566800318593254,176.64556884765625,7.905891944417308,8.467859506909898,181.22586059570312,9.970540575906575,11.632540296145184,98.44770050048828,,,,
Qwen,Shakespeare plays,Shakespeare plays#20,90,9.994484512118367,171.21299611021064,0.4448157846927643,5.050917578656025,14.341659542195687,160.04510498046875,5.050917578656025,14.341659542195687,160.04510498046875,9.023130745917005,9.99687044679006,161.66580200195312,9.553253552843913,13.265785320982776,79.43153381347656,,,,
Qwen,Shakespeare plays,Shakespeare plays#21,98,13.681357399402254,145.58258133813524,0.4468896389007568,5.663420214198088,10.569197321040848,170.6788787841797,5.663420214198088,10.569197321040848,170.6788787841797,9.211668224102992,11.906342126884208,168.16676330566406,13.157838770611576,14.17935122025692,83.20826721191406,,,,
Qwen,Baudelaire poems,Baudelaire poems#0,105,21.97206532673387,,0.4631245732307434,6.718406304581392,12.880783746295656,173.47244262695312,6.718406304581392,12.880783746295656,173.47244262695312,9.681283664881244,11.328942527273066,189.78582763671875,13.479711421496685,12.09714589382119,88.4716796875,,,,
Qwen,Baudelaire poems,Baudelaire poems#1,106,16.588865994627838,,0.4654874205589294,6.769691961191224,14.820583440639846,170.1126708984375,6.769691961191224,14.820583440639846,170.1126708984375,13.791023257411943,13.663719966960306,180.3236083984375,14.20644850976725,12.51736371901996,82.77119445800781,,,,
Qwen,Baudelaire poems,Baudelaire poems#2,108,20.68892084241768,96.1283461049536,0.4573949575424194,7.0569818954640695,11.318694067971911,176.76214599609375,7.0569818954640695,11.318694067971911,176.76214599609375,11.807475318557684,12.088958530665003,189.1976623535156,10.994990396265388,12.68766661104486,84.683349609375,,,,
Qwen,Baudelaire poems,Baudelaire poems#3,100,14.90300023318631,,0.4725110828876495,6.771891844534569,12.94595909933802,178.97970581054688,6.771891844534569,12.94595909933802,178.97970581054688,10.645019189396637,11.692200548602187,190.66046142578125,11.82315110265992,25.040047425862557,87.60771942138672,,,,
Qwen,Baudelaire poems,Baudelaire poems#4,97,12.355775639849156,503.6828224605617,0.4627036452293396,6.283637697096499,14.004857397884551,174.66989135742188,6.283637697096499,14.004857397884551,174.66989135742188,11.870422842397074,11.41143991177821,184.00338745117188,12.133200153236166,17.16811177814252,80.43897247314453,,,,
Qwen,Baudelaire poems,Baudelaire poems#5,105,18.93978870252296,,0.4665018618106842,6.7729573552064375,12.704117707199105,172.61956787109375,6.7729573552064375,12.704117707199105,172.61956787109375,12.616892980479868,12.219800185863823,167.99496459960938,14.794856427648387,13.061979738621137,83.50337219238281,,,,
Qwen,Baudelaire poems,Baudelaire poems#6,100,15.264149122837344,2261.098940910254,0.4726973176002502,6.294028099166642,11.447826479221323,172.78143310546875,6.294028099166642,11.447826479221323,172.78143310546875,10.113268056961775,13.145387078503708,188.25086975097656,10.989786997546794,12.78849729621155,80.65755462646484,,,,
Qwen,Baudelaire poems,Baudelaire poems#7,100,16.53258671035262,755.9506280440852,0.4667648077011108,6.282909800909494,14.841973768935937,173.40603637695312,6.282909800909494,14.841973768935937,173.40603637695312,9.740179065779085,9.890824224419957,190.5772399902344,11.564095962294248,11.53078581717009,93.49494934082033,,,,
Qwen,Baudelaire poems,Baudelaire poems#8,97,12.211600865840031,334753.40395856585,0.465840220451355,5.987108011251908,11.62411611074262,175.82369995117188,5.987108011251908,11.62411611074262,175.82369995117188,11.79439579591932,10.373382262823636,187.58950805664065,16.142608208031245,18.61458912453831,96.02095794677734,,,,
Qwen,Baudelaire poems,Baudelaire poems#9,103,15.198493906993567,410.09434123545776,0.4640134572982788,7.254171830329663,14.198798117227748,172.29141235351562,7.254171830329663,14.198798117227748,172.29141235351562,10.025984796495369,10.674081067580795,179.2125244140625,10.032192453664203,17.55565830274905,92.10504913330078,,,,
Qwen,Baudelaire poems,Baudelaire poems#10,100,17.271912194390936,,0.4658156037330627,6.233729283349264,9.616344847105404,174.70892333984375,6.233729283349264,9.616344847105404,174.70892333984375,9.754304845052184,10.459473647047863,190.6339263916016,11.821335574695553,13.254834316673348,91.93164825439452,,,,
Qwen,Baudelaire poems,Baudelaire poems#11,101,14.968292362858206,471.5392191662033,0.4585694074630737,6.234670120647494,11.01398380270684,176.349853515625,6.234670120647494,11.01398380270684,176.349853515625,9.9676616488562,8.574262989883268,185.33953857421875,13.40081609486895,16.340395680768538,85.74763488769531,,,,
Qwen,Baudelaire poems,Baudelaire poems#12,97,12.567439390957574,,0.4546051621437073,6.7337811934830105,16.283050754893537,174.18060302734375,6.7337811934830105,16.283050754893537,174.18060302734375,9.85317141611768,11.444969626246415,176.1409149169922,14.689668138591747,12.103934144673568,82.34098815917969,,,,
Qwen,Baudelaire poems,Baudelaire poems#13,99,13.260084037468372,,0.4596165418624878,5.491420989911487,13.065166251250597,182.9044189453125,5.491420989911487,13.065166251250597,182.9044189453125,9.483481789228298,9.5184908236741,183.5374755859375,11.313139371734378,16.02938470553291,92.53399658203124,,,,
Qwen,Baudelaire poems,Baudelaire poems#14,101,17.004647067572254,211.07511205349664,0.4645256400108337,6.883589497651667,13.463048697079644,181.78411865234372,6.883589497651667,13.463048697079644,181.78411865234372,11.489323114777264,10.99771753384202,187.72967529296875,12.971087304268409,10.663168672397267,85.74903869628906,,,,
Qwen,Baudelaire poems,Baudelaire poems#15,100,13.657779873244436,,0.4688208699226379,5.869030678472805,18.43287188507503,178.53904724121094,5.869030678472805,18.43287188507503,178.53904724121094,9.033077156720806,8.64285568707299,189.8623046875,13.14323454168454,11.479491893193831,89.50332641601562,,,,
Qwen,Baudelaire poems,Baudelaire poems#16,96,10.881528696141515,,0.4698572158813476,5.579236567521555,14.424847548857857,177.35476684570312,5.579236567521555,14.424847548857857,177.35476684570312,8.759268660315124,8.21875950563893,183.63934326171875,12.73402438292456,17.266023306099584,89.60006713867188,,,,
Qwen,Baudelaire poems,Baudelaire poems#17,106,17.742160653417912,108.33898213249994,0.463056743144989,7.941681887333949,19.941010034191752,166.32595825195312,7.941681887333949,19.941010034191752,166.32595825195312,12.252940607241124,13.318467527796154,188.9534454345703,13.828235136883242,11.751614416812934,79.56404113769531,,,,
Qwen,Baudelaire poems,Baudelaire poems#18,110,23.28278867354821,120.21986910238562,0.4568572342395782,7.23221026482006,12.780098446701608,170.7265625,7.23221026482006,12.780098446701608,170.7265625,9.397566375654137,11.401140147737914,173.72640991210938,17.15861618083,14.802309478757063,85.09257507324219,,,,
Qwen,Baudelaire poems,Baudelaire poems#19,103,16.84581284602807,230.76166513691533,0.464387983083725,7.506349105919857,14.31431441662543,170.80191040039062,7.506349105919857,14.31431441662543,170.80191040039062,11.083012980333647,12.16288545674286,185.22726440429688,13.766279186748072,15.40393993744416,81.70753479003906,,,,
Qwen,Baudelaire poems,Baudelaire poems#20,93,9.666903911406116,1323.2007441950827,0.4628533720970154,5.753979022603137,11.563680537652404,172.47219848632812,5.753979022603137,11.563680537652404,172.47219848632812,10.709926614466625,11.983344999142531,177.6680145263672,14.367871888238865,20.91045661076751,84.00409698486328,,,,
Qwen,Baudelaire poems,Baudelaire poems#21,104,15.96645843965158,,0.4652557075023651,6.902503825529834,13.154983277851152,172.58786010742188,6.902503825529834,13.154983277851152,172.58786010742188,11.489675071128366,10.527870378309911,181.22976684570312,15.710628223183832,19.85798867123568,81.29198455810547,,,,
Qwen,Mallarmé poems,Mallarmé poems#0,101,15.679688640868449,,0.4659714102745056,7.288617485747529,13.803575163179582,174.54696655273438,7.288617485747529,13.803575163179582,174.54696655273438,11.734693341237536,11.038991861765334,186.62271118164065,13.934357172333586,17.821347806812607,86.42530822753906,,,,
Qwen,Mallarmé poems,Mallarmé poems#1,95,11.674521842024058,273.7111251237812,0.4608440697193146,5.666866184917981,11.48800009100257,176.05511474609375,5.666866184917981,11.48800009100257,176.05511474609375,10.060275352519705,9.846504616387836,182.54104614257807,13.684002865848491,16.332807189528726,82.44890594482422,,,,
Qwen,Mallarmé poems,Mallarmé poems#2,101,12.992922042832037,497.89206233709,0.464329332113266,6.413318534727772,12.934514795664429,174.09780883789062,6.413318534727772,12.934514795664429,174.09780883789062,13.202844933265965,11.540315807137716,185.13327026367188,15.599486601599857,85.07764825179086,81.07304382324219,,,,
Qwen,Mallarmé poems,Mallarmé poems#3,107,16.316416784517873,78.60232123241198,0.4596787691116333,8.101036189598188,15.530276422811786,179.52548217773438,8.101036189598188,15.530276422811786,179.52548217773438,11.092737270260844,11.580202532356315,179.16085815429688,13.689711159374117,11.204290364752897,77.44235229492188,,,,
Qwen,Mallarmé poems,Mallarmé poems#4,97,12.807081319485963,179.5579034363884,0.4605443179607391,6.161103172334478,12.425628417605658,176.12857055664062,6.161103172334478,12.425628417605658,176.12857055664062,9.461436861552102,10.100170576669916,187.24681091308597,12.23743817264456,13.166869283698036,87.13323974609375,,,,
Qwen,Mallarmé poems,Mallarmé poems#5,107,19.388808299511517,159.82809786814755,0.4646218419075012,6.974472457902401,14.619621871548588,177.34286499023438,6.974472457902401,14.619621871548588,177.34286499023438,10.007775009374695,10.64264612747836,177.27737426757812,14.743767203561328,15.43058212565571,94.39599609375,,,,
Qwen,Mallarmé poems,Mallarmé poems#6,104,17.843408747601558,,0.4639523923397064,6.798963946956068,16.214708964634223,173.48611450195312,6.798963946956068,16.214708964634223,173.48611450195312,11.719818830846483,9.45156231013769,178.79429626464844,11.33385649354898,13.216776939711094,88.9321517944336,,,,
Qwen,Mallarmé poems,Mallarmé poems#7,102,14.66527187395554,,0.4672329425811767,6.336062759633012,14.4729576282703,175.4930419921875,6.336062759633012,14.4729576282703,175.4930419921875,9.85408155065039,11.708256349290266,183.42091369628903,11.04763834400388,13.529086420170051,86.72350311279297,,,,
Qwen,Mallarmé poems,Mallarmé poems#8,102,16.672284927001623,,0.4584569931030273,5.94241474314627,9.802980708803917,179.56674194335938,5.94241474314627,9.802980708803917,179.56674194335938,10.577305113959978,12.899919255688038,182.38150024414065,14.313931189000984,14.790080050808143,78.31844329833984,,,,
Qwen,Mallarmé poems,Mallarmé poems#9,90,9.095645279299449,,0.4589448869228363,5.182653725934835,13.492514305829872,174.20736694335938,5.182653725934835,13.492514305829872,174.20736694335938,9.159464686858158,8.441453287444078,178.13058471679688,12.28486974284752,21.79665712756883,90.29821014404295,,,,
Qwen,Mallarmé poems,Mallarmé poems#10,105,18.73238004317169,288.4393905981173,0.4640204310417175,6.224910545948319,13.94338949994924,173.55519104003906,6.224910545948319,13.94338949994924,173.55519104003906,10.003408742796848,9.080807395099432,181.2679748535156,9.39500896107104,10.18924064220048,95.8199462890625,,,,
Qwen,Mallarmé poems,Mallarmé poems#11,84,7.22855214993358,690.7578739634823,0.4689517319202423,4.92366121335773,9.790372776040837,188.26007080078125,4.92366121335773,9.790372776040837,188.26007080078125,9.217779920217744,7.960505813369662,174.06146240234375,13.492585479787552,12.370798074640874,100.05889892578124,,,,
Qwen,Mallarmé poems,Mallarmé poems#12,107,19.386683407906848,,0.4661174416542053,6.471883795709229,14.878783394430648,177.2498321533203,6.471883795709229,14.878783394430648,177.2498321533203,9.572620253632534,11.920547601413515,179.68600463867188,13.259423677969458,11.058701286025643,87.8905258178711,,,,
Qwen,Mallarmé poems,Mallarmé poems#13,93,10.069645200279432,488.2896900555346,0.4699717164039612,5.125215123098639,9.293769785835076,187.41635131835935,5.125215123098639,9.293769785835076,187.41635131835935,9.131103856703708,9.80368586238478,178.10581970214844,12.65954829247021,13.844595988743023,88.3974838256836,,,,
Qwen,Mallarmé poems,Mallarmé poems#14,103,15.31181364330768,,0.4664310812950134,6.149571713458432,12.157561601370553,181.56065368652344,6.149571713458432,12.157561601370553,181.56065368652344,10.494706809786909,9.987134795512796,170.88485717773438,13.28450650427424,17.43568120896138,82.34008026123047,,,,
Qwen,Mallarmé poems,Mallarmé poems#15,103,16.18756805647316,,0.4673763513565063,6.199762617369943,12.539578390641802,182.8526611328125,6.199762617369943,12.539578390641802,182.8526611328125,11.408133142042775,13.418570094880186,178.64157104492188,11.662693766240094,11.376900600615684,85.37307739257812,,,,
Qwen,Mallarmé poems,Mallarmé poems#16,102,15.573313269558012,,0.4628027975559234,6.188156772167408,14.954423063604969,182.937744140625,6.188156772167408,14.954423063604969,182.937744140625,9.49503830787892,10.600987947895849,178.08111572265625,18.11149991448075,14.529194933119925,79.94110870361328,,,,
Qwen,Mallarmé poems,Mallarmé poems#17,105,17.606166909175332,133.8014175935631,0.4690728187561035,6.055891114257839,10.374924184982248,184.2652740478516,6.055891114257839,10.374924184982248,184.2652740478516,10.233176660103398,8.947143592311223,186.89260864257807,12.761440745154635,11.242220634043736,97.2695770263672,,,,
Qwen,Mallarmé poems,Mallarmé poems#18,107,17.942595476005764,149.75760108114238,0.4658131897449493,7.108751723568737,13.006682409784696,183.6695251464844,7.108751723568737,13.006682409784696,183.6695251464844,11.167170677695394,11.32470154727668,179.8875732421875,15.26502294598535,15.713724622518086,90.7440185546875,,,,
Qwen,Mallarmé poems,Mallarmé poems#19,105,21.865853543125,,0.4617986679077148,6.583875449938564,14.373178179641757,180.7987365722656,6.583875449938564,14.373178179641757,180.7987365722656,11.098332554565246,9.790062525354989,174.6926727294922,15.141704826792834,14.76238916042476,79.92008972167969,,,,
Qwen,Mallarmé poems,Mallarmé poems#20,103,18.264363289874456,,0.4643988609313965,8.094239614418777,14.743091666227096,183.73452758789065,8.094239614418777,14.743091666227096,183.73452758789065,9.820710235606969,10.717041674002074,183.39993286132807,10.448417685233002,16.379515127083497,85.11767578125,,,,
Qwen,Mallarmé poems,Mallarmé poems#21,102,18.97217272250597,,0.4681693911552429,7.335063630427435,13.211236874073634,182.05471801757807,7.335063630427435,13.211236874073634,182.05471801757807,10.745984378332189,9.611120653827802,170.64404296875,12.645642697925997,14.071855155527224,91.30480194091795,,,,
Qwen,Poe tales (English),Poe tales (English)#0,98,14.810680167252658,,0.4466769993305206,5.453480637034367,11.50227198513042,165.84303283691406,5.453480637034367,11.50227198513042,165.84303283691406,10.202835340309448,11.049577098967672,170.1527099609375,13.362993682558844,13.161037960737678,82.20729064941406,,,,
Qwen,Poe tales (English),Poe tales (English)#1,91,10.418481146120287,,0.4384279251098633,4.915568124900707,10.929283816206192,162.33734130859375,4.915568124900707,10.929283816206192,162.33734130859375,10.413309003282295,11.5709523500009,174.0076141357422,11.520369135833322,11.989539276080809,67.40872955322266,,,,
Qwen,Poe tales (English),Poe tales (English)#2,98,16.44240368695518,,0.4484664797782898,6.641554188879733,12.816288034881763,167.48133850097656,6.641554188879733,12.816288034881763,167.48133850097656,10.01638362142882,10.502018789609116,187.2315673828125,11.674583496145624,14.781122478271504,88.9813232421875,,,,
Qwen,Poe tales (English),Poe tales (English)#3,94,12.564649715098469,338.3801027096015,0.4553525745868683,5.695639745110028,10.613147779916057,168.12762451171875,5.695639745110028,10.613147779916057,168.12762451171875,11.206348906642653,12.384250456272364,170.4652557373047,10.419451612772184,9.833790768810262,82.76961517333984,,,,
Qwen,Poe tales (English),Poe tales (English)#4,93,11.795610185466389,273.2785686456594,0.4428234100341797,5.141317135229205,10.645109756492076,164.57711791992188,5.141317135229205,10.645109756492076,164.57711791992188,10.36843669633756,11.69902468588171,171.90347290039062,16.747248467753185,13.555067525441103,80.19527435302734,,,,
Qwen,Poe tales (English),Poe tales (English)#5,90,14.35536165023255,,0.4455093741416931,5.31532186386869,11.541594078586837,161.02630615234375,5.31532186386869,11.541594078586837,161.02630615234375,9.393289127094278,10.3993866044885,168.02993774414062,10.443645612227089,9.886430386331233,74.55281829833984,,,,
Qwen,Poe tales (English),Poe tales (English)#6,90,12.95677085401786,,0.4454564154148102,5.427205051226109,10.969864509784893,161.6588592529297,5.427205051226109,10.969864509784893,161.6588592529297,10.268827006897457,10.191249324217306,159.82208251953125,17.438968656491483,10.558722804913856,77.94146728515625,,,,
Qwen,Poe tales (English),Poe tales (English)#7,80,7.1998083402799695,195.1797005848909,0.4485968351364136,4.622217572846021,11.80348035630665,164.68443298339844,4.622217572846021,11.80348035630665,164.68443298339844,9.675780676356874,9.30029227555564,168.98745727539062,10.615636708243184,12.279839042089003,80.22008514404297,,,,
Qwen,Poe tales (English),Poe tales (English)#8,85,7.712456515037455,263.5077589891219,0.4457179605960846,4.549943436544812,8.614104163562143,166.92669677734375,4.549943436544812,8.614104163562143,166.92669677734375,9.418335464154069,9.813261169963656,159.6053466796875,13.33857624995784,11.471997319739442,75.77009582519531,,,,
Qwen,Poe tales (English),Poe tales (English)#9,90,9.676581312739016,,0.4452142715454101,5.319048791996931,12.104213300356294,170.53811645507812,5.319048791996931,12.104213300356294,170.53811645507812,8.896057590995122,9.111527183043506,176.11514282226562,10.91348998115764,10.156392606315192,79.42811584472656,,,,
Qwen,Poe tales (English),Poe tales (English)#10,91,11.486451435865469,,0.4459703862667084,5.445986171047486,12.638275719828238,167.05679321289062,5.445986171047486,12.638275719828238,167.05679321289062,10.087933121476151,10.613587189594286,170.04571533203125,13.069323213456116,10.253553432798428,73.83295440673828,,,,
Qwen,Poe tales (English),Poe tales (English)#11,91,10.039851686196574,734.4666806690335,0.4396134316921234,5.27223983700628,11.948478136642697,164.62646484375,5.27223983700628,11.948478136642697,164.62646484375,10.71084129471018,10.5260163757138,166.82476806640625,12.0945741930769,18.099168577125152,81.28079223632812,,,,
Qwen,Poe tales (English),Poe tales (English)#12,92,9.56430190704505,1526.4760406626433,0.4497616291046142,5.205668012041758,12.958065412688454,164.8837890625,5.205668012041758,12.958065412688454,164.8837890625,9.98919450691526,10.392161472345228,173.33285522460938,16.125484905109513,14.85400743026078,74.72674560546875,,,,
Qwen,Poe tales (English),Poe tales (English)#13,91,11.083589830767506,175.76910732308073,0.4447019100189209,5.00315877487983,11.481295888138265,164.19931030273438,5.00315877487983,11.481295888138265,164.19931030273438,8.382978167333738,8.435716591090868,171.76605224609375,19.09111460474075,12.265816320187476,78.7823486328125,,,,
Qwen,Poe tales (English),Poe tales (English)#14,92,11.315552879977597,58.29900913198518,0.4490691423416137,5.219141283679772,13.124775202387388,168.29100036621094,5.219141283679772,13.124775202387388,168.29100036621094,8.71704114384877,8.500094048095486,174.6755828857422,14.708434731845824,14.80473414058659,80.9720458984375,,,,
Qwen,Poe tales (English),Poe tales (English)#15,91,8.9066443132497,335.6215958307827,0.4339495003223419,4.895821083727386,13.281345954183488,155.34129333496094,4.895821083727386,13.281345954183488,155.34129333496094,12.201364184514135,12.781407319405517,167.09500122070312,11.661509454015794,16.00827170988067,78.00786590576172,,,,
Qwen,Poe tales (English),Poe tales (English)#16,92,11.642667719792245,,0.4452251493930816,5.763764555594762,11.82838742875038,161.93463134765625,5.763764555594762,11.82838742875038,161.93463134765625,11.690646631248162,11.110307667322395,176.93087768554688,11.981703730271589,19.227069816184045,71.73649597167969,,,,
Qwen,Poe tales (English),Poe tales (English)#17,91,10.390972260791562,,0.4444267153739929,4.997359386501626,13.454596706912312,169.06570434570312,4.997359386501626,13.454596706912312,169.06570434570312,10.769831615173652,14.56050667062267,175.35592651367188,15.545567980293947,11.956750943090451,77.31849670410156,,,,
Qwen,Poe tales (English),Poe tales (English)#18,92,11.85229108456675,717.5410904483066,0.4541670382022857,5.358600006035971,12.281529038786344,171.1602783203125,5.358600006035971,12.281529038786344,171.1602783203125,10.36492735784786,10.81724922855483,173.99539184570312,15.609660625641707,15.65020396099501,72.79670715332031,,,,
Qwen,Poe tales (English),Poe tales (English)#19,85,8.846620179665786,316.94083635526664,0.4409234821796417,4.591243764073926,12.146624966983886,166.44830322265625,4.591243764073926,12.146624966983886,166.44830322265625,10.377614405594962,10.33301244424351,174.92730712890625,8.716506997404045,9.834325555724424,78.72798156738281,,,,
Qwen,Poe tales (English),Poe tales (English)#20,90,11.216741588497074,,0.4432475566864013,5.542445195389601,17.97657317139401,163.6160430908203,5.542445195389601,17.97657317139401,163.6160430908203,9.911661524176449,10.205182452907366,171.6024169921875,10.83947745158222,12.926166436150789,86.84033966064453,,,,
Qwen,Poe tales (English),Poe tales (English)#21,88,8.928385849650155,720.3527641587948,0.4417583346366882,4.827430909579797,10.790806894895988,168.1587371826172,4.827430909579797,10.790806894895988,168.1587371826172,8.900000091119784,8.806451413212178,174.63235473632812,11.933582854457526,12.917418540405208,81.67578887939453,,,,
Qwen,"Poe tales (French, Baudelaire)","Poe tales (French, Baudelaire)#0",52,3.870350676163202,199.60892571757583,0.4738620519638061,3.030219962196638,6.814059340883929,175.72393798828125,3.030219962196638,6.814059340883929,175.72393798828125,7.185372379221413,7.18888762143705,187.51483154296875,10.778179656414451,10.664040448831258,110.45091247558594,,,,
Qwen,"Poe tales (French, Baudelaire)","Poe tales (French, Baudelaire)#1",104,14.518427984084616,,0.4522284567356109,6.61106068652627,15.649383223012968,164.0862579345703,6.61106068652627,15.649383223012968,164.0862579345703,11.544615224757356,13.814744231151044,176.3876953125,14.69190910454765,16.508632192152486,81.7995376586914,,,,
Qwen,"Poe tales (French, Baudelaire)","Poe tales (French, Baudelaire)#2",95,10.423037959318124,66.4805097604879,0.4641101360321045,6.076069367957769,12.625432933935636,168.19610595703125,6.076069367957769,12.625432933935636,168.19610595703125,12.263531625808875,13.194539286752647,178.65606689453125,14.067020969267324,13.863384231981527,89.28834533691406,,,,
Qwen,"Poe tales (French, Baudelaire)","Poe tales (French, Baudelaire)#3",101,15.298366613991272,966.3707997845676,0.4588498175144195,6.723695247014152,16.32692534184223,163.97869873046875,6.723695247014152,16.32692534184223,163.97869873046875,18.44109417971129,18.1804868896142,182.4271545410156,16.62531385035925,15.288309647436664,74.78773498535156,,,,
Qwen,"Poe tales (French, Baudelaire)","Poe tales (French, Baudelaire)#4",94,11.520458488348147,,0.4620704054832458,5.564747029851781,10.501584148779356,182.652587890625,5.564747029851781,10.501584148779356,182.652587890625,9.213423394022506,8.764168524916371,207.6822509765625,12.483058802490996,15.808055642027083,96.81094360351562,,,,
Qwen,"Poe tales (French, Baudelaire)","Poe tales (French, Baudelaire)#5",59,3.977138733387523,58.30052824479584,0.4759525060653686,2.929730394575932,7.112625805874898,182.59165954589844,2.929730394575932,7.112625805874898,182.59165954589844,7.479680323959818,8.426781321992182,193.82553100585935,10.063860393961525,8.543871572693899,126.27749633789062,,,,
Qwen,"Poe tales (French, Baudelaire)","Poe tales (French, Baudelaire)#6",99,13.764089484591876,670.5732002916128,0.4615883827209472,6.444527333613121,12.91825827322023,165.48809814453125,6.444527333613121,12.91825827322023,165.48809814453125,13.072162499876455,13.432202264874263,179.5457305908203,14.4466497148634,15.177733889962289,80.93794250488281,,,,
Qwen,"Poe tales (French, Baudelaire)","Poe tales (French, Baudelaire)#7",99,13.716919035115254,150.45212587198614,0.4551604986190796,6.831574268512822,12.90876728798998,168.1752166748047,6.831574268512822,12.90876728798998,168.1752166748047,12.73445813260289,12.373030139419958,174.03968811035156,12.16403009617647,15.217008411540553,75.48712158203125,,,,
Qwen,"Poe tales (French, Baudelaire)","Poe tales (French, Baudelaire)#8",91,9.93688912811493,141.25149041280966,0.4440137147903442,5.367259005449722,11.954640196224217,169.79022216796875,5.367259005449722,11.954640196224217,169.79022216796875,11.060076293651528,10.071373221639613,179.13539123535156,9.592980920813142,12.318765705441317,92.36624145507812,,,,
Qwen,"Poe tales (French, Baudelaire)","Poe tales (French, Baudelaire)#9",98,12.091157037220585,,0.4553418755531311,6.3169498429923765,11.531041966306654,170.13998413085938,6.3169498429923765,11.531041966306654,170.13998413085938,12.05575758643088,11.753736552709258,182.11415100097656,15.041373929228136,11.52945892602577,85.58747863769531,,,,
Qwen,"Poe tales (French, Baudelaire)","Poe tales (French, Baudelaire)#10",87,10.115882914371978,1120.9552315703663,0.4421881437301636,5.3534119209363205,12.332660081090223,179.35501098632812,5.3534119209363205,12.332660081090223,179.35501098632812,10.187694380261002,10.631691607765925,172.7459716796875,13.49338708364366,13.331800098990108,86.39033508300781,,,,
Qwen,"Poe tales (French, Baudelaire)","Poe tales (French, Baudelaire)#11",98,13.956383467265164,,0.4598397612571716,6.703858289487156,16.89971637706218,168.53341674804688,6.703858289487156,16.89971637706218,168.53341674804688,17.95573270639897,13.763680395772818,181.6560211181641,20.7720230605571,23.589262081991794,82.3719711303711,,,,
Qwen,"Poe tales (French, Baudelaire)","Poe tales (French, Baudelaire)#12",105,23.726420515793425,291.061349730604,0.4505946338176727,8.912932318413489,14.503804834934977,167.12513732910156,8.912932318413489,14.503804834934977,167.12513732910156,20.2026652437972,16.070745473567055,185.753173828125,21.247458535681883,22.33553324455522,78.34881591796875,,,,
Qwen,"Poe tales (French, Baudelaire)","Poe tales (French, Baudelaire)#13",98,11.965766432681916,,0.4609696269035339,5.918765388199927,14.390846210122575,166.79571533203125,5.918765388199927,14.390846210122575,166.79571533203125,16.665008221938514,14.144204694074029,172.57286071777344,14.86055107552182,12.97678552293516,80.34254455566406,,,,
Qwen,"Poe tales (French, Baudelaire)","Poe tales (French, Baudelaire)#14",90,8.743904186806112,,0.4582065939903259,5.141182413347216,12.067875099691769,168.12661743164062,5.141182413347216,12.067875099691769,168.12661743164062,12.435608373530656,13.158857107019806,182.4984130859375,18.6876136430284,16.651391475406648,81.16670227050781,,,,
Qwen,"Poe tales (French, Baudelaire)","Poe tales (French, Baudelaire)#15",60,4.206580319304597,127.32279839948384,0.4748096764087677,3.032430156380764,6.740145204485725,184.10205078125,3.032430156380764,6.740145204485725,184.10205078125,7.651066066777463,7.627818094775367,195.53347778320312,9.74626779081288,8.901813072889958,115.02432250976562,,,,
Qwen,"Poe tales (French, Baudelaire)","Poe tales (French, Baudelaire)#16",53,3.686210219729857,129.17111542336286,0.4698993861675262,2.716102102683612,6.827285828715055,185.8577880859375,2.716102102683612,6.827285828715055,185.8577880859375,6.661946134393477,7.598547307284072,189.48907470703125,9.519409878083382,7.82269896682311,126.89993286132812,,,,
Qwen,"Poe tales (French, Baudelaire)","Poe tales (French, Baudelaire)#17",100,16.00300868810044,,0.4571811556816101,6.525503672841214,12.88341405871794,163.43161010742188,6.525503672841214,12.88341405871794,163.43161010742188,12.596474634211232,14.411839814529673,178.17813110351562,15.395728775612042,13.439118647950048,87.2557373046875,,,,
Qwen,"Poe tales (French, Baudelaire)","Poe tales (French, Baudelaire)#18",104,19.344341637945035,245.34110309045505,0.4571850895881653,6.890269645372224,11.43490507646202,166.9702911376953,6.890269645372224,11.43490507646202,166.9702911376953,13.210982062564655,14.312604351562976,183.1163330078125,16.318499955594906,16.684338302139086,87.60224914550781,,,,
Qwen,"Poe tales (French, Baudelaire)","Poe tales (French, Baudelaire)#19",91,10.149817779902255,,0.4571033716201782,5.199195302067377,12.621669410071815,173.48037719726562,5.199195302067377,12.621669410071815,173.48037719726562,8.701946580874102,9.51639037845944,179.85147094726562,11.607220209342836,14.980863790526517,91.34323120117188,,,,
Qwen,"Poe tales (French, Baudelaire)","Poe tales (French, Baudelaire)#20",96,13.323070992417923,,0.4553831815719604,6.649013347586581,16.30139843514098,162.91505432128906,6.649013347586581,16.30139843514098,162.91505432128906,13.720275445572987,14.340338761233935,171.21847534179688,15.382123398149952,12.427236126828843,81.82218933105469,,,,
Qwen,"Poe tales (French, Baudelaire)","Poe tales (French, Baudelaire)#21",107,18.91537390726505,2488.2617340267398,0.4544339179992676,7.202526977392991,12.126125622355488,169.8286590576172,7.202526977392991,12.126125622355488,169.8286590576172,16.807799829214886,13.2165571938972,184.4259033203125,16.914460866578548,12.87149388961879,93.8618621826172,,,,
Qwen,__diagnostic__,lone,4317,,,,,,,,,,,,,,,,241.79812622070312,26.15985870361328,0.5127794146537781,10.56328296661377
Qwen,__diagnostic__,lone_bare,4317,,,,,,,,,,,,,,,,241.79812622070312,26.15985870361328,0.5127794146537781,10.56328296661377
