group,label,pair,dim_qwen,dim_xlmr,step_qwen,surprise_qwen,spread_qwen,spread_xlmr
Shakespeare sonnets,Shakespeare sonnets@11235,-1,9.247263312565023,15.394243863955916,186.57594,4.439205169677734,151.82904,3.009779
Shakespeare sonnets,Shakespeare sonnets@6420,-1,8.868434693322031,13.559575821381818,183.45781,4.238908290863037,144.47223,3.0197349
Shakespeare sonnets,Shakespeare sonnets@1605,-1,11.380044587275895,16.461598797012574,204.97046,4.178668975830078,160.84402,3.1394172
Shakespeare sonnets,Shakespeare sonnets@17013,-1,9.37985416189757,17.8455258861735,200.04422,4.642467975616455,160.36983,3.1435552
Shakespeare sonnets,Shakespeare sonnets@5136,-1,9.61598674373765,15.33847025280276,204.49945,4.360044956207275,157.74713,3.2169971
Shakespeare sonnets,Shakespeare sonnets@22470,-1,9.697779042616972,16.758798660240668,195.04512,4.221927165985107,150.61041,3.2638001
Shakespeare sonnets,Shakespeare sonnets@18297,-1,10.094322693414751,12.973789076629417,191.55795,4.342475414276123,150.32158,3.1741023
Shakespeare sonnets,Shakespeare sonnets@9630,-1,10.85275283332534,16.629740178767122,207.72527,4.511356830596924,162.92545,3.07153
Shakespeare sonnets,Shakespeare sonnets@2568,-1,19.655637278044825,12.225992773074479,239.81412,1.9685808420181274,204.29736,3.2543445
Shakespeare sonnets,Shakespeare sonnets@14445,-1,9.35635069881022,17.743090452836743,204.23602,4.18377685546875,159.01149,3.09348
Shakespeare sonnets,Shakespeare sonnets@13803,-1,9.829402656999227,14.233640486505799,192.30496,4.113048076629639,153.03261,3.1951456
Shakespeare sonnets,Shakespeare sonnets@14124,-1,11.784156898773295,13.63297156863549,204.4375,4.232840061187744,159.03519,3.3748078
Shakespeare sonnets,Shakespeare sonnets@1284,-1,9.688338940273617,11.363248849985498,197.67654,4.161125183105469,153.82513,3.4658422
Shakespeare sonnets,Shakespeare sonnets@21507,-1,9.815519260588486,15.568676550843046,192.60944,4.139961242675781,154.58292,3.1249006
Shakespeare sonnets,Shakespeare sonnets@17655,-1,9.639893504176312,16.424955737573296,197.42795,4.518027305603027,154.07623,3.2512517
Shakespeare sonnets,Shakespeare sonnets@10914,-1,8.601006388862269,12.575450506990492,191.49315,3.904798984527588,150.32646,3.232356
Shakespeare sonnets,Shakespeare sonnets@8667,-1,9.840946831048049,16.24934128551617,198.25931,4.485976219177246,155.52731,3.0749376
Shakespeare sonnets,Shakespeare sonnets@13482,-1,9.72506387296272,12.084701706260704,197.4551,3.6238298416137695,155.26675,3.2993186
Shakespeare sonnets,Shakespeare sonnets@6099,-1,8.595253498154419,12.694737532410814,190.45164,3.9253551959991455,152.91965,3.3139782
Shakespeare sonnets,Shakespeare sonnets@7383,-1,9.414659963292154,18.07677828813462,193.64812,4.402587890625,153.86066,3.07445
Shakespeare sonnets,Shakespeare sonnets@3210,-1,11.001928294506095,14.763134549476964,199.53712,3.8599321842193604,157.41864,3.222351
Shakespeare sonnets,Shakespeare sonnets@21186,-1,10.544154696702085,14.169566433974202,197.9723,4.352365970611572,156.97916,3.3373702
Shakespeare plays,Shakespeare plays@1048707,-1,14.153618569481717,13.619837096630647,202.74286,3.812102794647217,165.96805,3.1429973
Shakespeare plays,Shakespeare plays@1069251,-1,7.868998969230304,13.671980538371093,225.24884,3.8944225311279297,193.44307,3.2720516
Shakespeare plays,Shakespeare plays@888849,-1,10.147817969499348,14.786434429038446,205.01895,4.721680164337158,167.43997,3.1485167
Shakespeare plays,Shakespeare plays@574269,-1,9.471303987999026,13.528782716278181,206.9062,4.770505905151367,164.26465,3.0335321
Shakespeare plays,Shakespeare plays@313296,-1,7.773075645456839,9.517431497872881,225.18533,3.697077751159668,199.53787,3.3770761
Shakespeare plays,Shakespeare plays@1205997,-1,8.527054372077176,12.118303965381244,217.11281,3.5243701934814453,183.92316,3.2634907
Shakespeare plays,Shakespeare plays@244281,-1,7.019624091490971,9.298933380756822,224.83348,3.9164888858795166,183.29402,3.3245227
Shakespeare plays,Shakespeare plays@493377,-1,8.771382221722936,16.840889406365978,219.26642,4.348692893981934,178.1191,3.2175665
Shakespeare plays,Shakespeare plays@670248,-1,5.4369058022832695,8.032364165669463,221.90181,2.897861957550049,195.00464,3.4425566
Shakespeare plays,Shakespeare plays@443943,-1,8.217312333803607,15.227292680746947,217.8261,3.731323719024658,186.60242,3.274036
Shakespeare plays,Shakespeare plays@306876,-1,8.113534804645397,12.703022793763616,220.6978,3.9063968658447266,187.05316,3.250822
Shakespeare plays,Shakespeare plays@392583,-1,9.44038714229508,13.067536481484746,225.08511,3.843749761581421,191.07663,3.2879133
Shakespeare plays,Shakespeare plays@839094,-1,7.983203520839389,14.395067144593584,225.98811,3.458749294281006,201.79538,3.3249412
Shakespeare plays,Shakespeare plays@232404,-1,9.431416121270564,12.700088097041037,204.0302,4.409463405609131,171.91013,3.1186752
Shakespeare plays,Shakespeare plays@1086264,-1,8.243066255021215,12.31059829348024,209.73517,3.749260425567627,181.08432,3.2630062
Shakespeare plays,Shakespeare plays@591282,-1,8.706261254678687,11.551101736356124,207.6896,4.403213977813721,172.06804,3.354879
Shakespeare plays,Shakespeare plays@1122537,-1,5.965662370777642,9.952235792132335,219.6216,3.7400331497192383,192.63501,3.3132424
Shakespeare plays,Shakespeare plays@509427,-1,9.727374327916552,14.146498233493974,211.11826,3.6396541595458984,181.14973,3.2835627
Shakespeare plays,Shakespeare plays@273813,-1,8.95099285868197,14.150084455366184,205.2133,3.788388967514038,173.51512,3.2012916
Shakespeare plays,Shakespeare plays@374607,-1,10.133232696838263,18.77730082732093,221.20827,4.286890506744385,180.49628,3.1516588
Shakespeare plays,Shakespeare plays@53928,-1,8.449417244242285,20.274905036026937,226.93457,4.313124656677246,179.45834,3.089703
Shakespeare plays,Shakespeare plays@471870,-1,7.195581829248209,12.430386533959465,224.03186,4.33112096786499,195.40234,3.2981815
Baudelaire poems,Baudelaire poems@39483,-1,10.292308728086672,10.58441985030105,246.80661,3.2599856853485107,183.93439,3.3940935
Baudelaire poems,Baudelaire poems@7383,-1,11.96383016130688,17.272739891030643,248.81177,3.386779308319092,183.62386,3.2198997
Baudelaire poems,Baudelaire poems@8346,-1,11.012573680391,17.009553847110737,237.83385,3.4526474475860596,176.08278,3.240448
Baudelaire poems,Baudelaire poems@21828,-1,13.54042369238247,18.461694797184915,242.41579,3.8245253562927246,181.6336,3.1268687
Baudelaire poems,Baudelaire poems@28890,-1,8.995843158136113,14.284542556229885,259.23917,3.4842889308929443,188.28323,3.4288251
Baudelaire poems,Baudelaire poems@32100,-1,8.782873925441601,17.541800401361808,263.23386,3.414907693862915,190.55896,3.2294579
Baudelaire poems,Baudelaire poems@27285,-1,10.868661512058168,18.890636088178724,247.74773,3.718641757965088,181.96823,3.2491996
Baudelaire poems,Baudelaire poems@17334,-1,9.677264631149617,18.023125091345822,257.00348,3.2334089279174805,188.77602,3.198167
Baudelaire poems,Baudelaire poems@1926,-1,9.890839696127669,15.880411299515872,257.01215,3.4340147972106934,187.27182,3.2216282
Baudelaire poems,Baudelaire poems@40767,-1,12.121763296983579,19.576245496934717,256.06537,3.2154476642608643,185.72037,3.2880692
Baudelaire poems,Baudelaire poems@37236,-1,10.488960930739125,17.726697387279344,248.35867,3.5228588581085205,184.88034,3.290626
Baudelaire poems,Baudelaire poems@4815,-1,10.625808137538124,16.085344953566995,246.5408,3.372319459915161,180.75983,3.3021185
Baudelaire poems,Baudelaire poems@21507,-1,9.274051082853537,12.015166193150543,267.5926,2.8614349365234375,194.48134,3.4709604
Baudelaire poems,Baudelaire poems@15408,-1,10.337677259376017,15.733783929505853,248.7075,3.349942207336426,184.23962,3.261075
Baudelaire poems,Baudelaire poems@25680,-1,12.34794513051861,19.39133952320569,245.85876,3.4811744689941406,182.88777,3.251578
Baudelaire poems,Baudelaire poems@17976,-1,12.519231917640234,16.69549832373372,252.31535,3.796109199523926,187.56377,3.3128834
Baudelaire poems,Baudelaire poems@40446,-1,8.524568700675934,12.791134981921653,244.41756,3.233210563659668,184.1466,3.316464
Baudelaire poems,Baudelaire poems@642,-1,9.435462729837228,16.470293940162957,245.7011,3.248509168624878,185.8804,3.3610196
Baudelaire poems,Baudelaire poems@28569,-1,12.379755050428274,22.737002763230077,259.1148,3.568836212158203,189.6582,3.1977534
Baudelaire poems,Baudelaire poems@30816,-1,10.119601462245608,16.190081556050377,254.94194,3.3773674964904785,185.86096,3.2556517
Baudelaire poems,Baudelaire poems@23433,-1,11.798475022974367,14.667087551690528,232.58688,3.8891983032226562,180.2557,3.3495011
Baudelaire poems,Baudelaire poems@19902,-1,9.39668845954864,14.101031413903911,240.76192,3.5764617919921875,180.91132,3.353851
Mallarmé poems,Mallarmé poems@1284,-1,11.650273073741085,19.64329291877329,238.17923,4.174986362457275,182.13403,3.1630795
Mallarmé poems,Mallarmé poems@7062,-1,9.552428953465764,9.18634796424743,232.64441,3.3167293071746826,177.0149,3.4911938
Mallarmé poems,Mallarmé poems@5136,-1,10.550994010556268,16.68437041563327,247.90512,4.1918463706970215,180.3909,3.1349788
Mallarmé poems,Mallarmé poems@11877,-1,10.126314951906782,22.331598553580005,247.82088,4.013670444488525,182.14615,3.2427454
Mallarmé poems,Mallarmé poems@14124,-1,10.999524024364014,23.752381087661774,251.89734,3.6914896965026855,186.92152,3.2167568
Mallarmé poems,Mallarmé poems@7704,-1,8.545559223269105,18.3443422765325,239.28366,3.794476270675659,178.20653,3.2037296
Mallarmé poems,Mallarmé poems@16692,-1,10.165868038068188,23.333652158796628,248.82272,4.1312575340271,184.42715,3.1374054
Mallarmé poems,Mallarmé poems@4815,-1,11.230589119742113,17.814936930540643,250.45589,3.579047918319702,183.95126,3.2322974
Mallarmé poems,Mallarmé poems@7383,-1,10.88283751767694,18.456081452976008,230.56348,3.736980438232422,181.96175,3.1659226
Mallarmé poems,Mallarmé poems@5778,-1,10.28051309255232,17.716736322904417,256.24283,3.7410829067230225,185.9255,3.1818757
Mallarmé poems,Mallarmé poems@3852,-1,10.863199291936354,16.055012304569413,244.99255,3.8331305980682373,179.30045,3.0748382
Mallarmé poems,Mallarmé poems@15408,-1,10.03309475992685,32.46548953228871,235.30861,4.324227333068848,175.00418,3.1875784
Mallarmé poems,Mallarmé poems@6420,-1,13.68232438089039,17.45688358725008,248.38339,3.758204936981201,183.85973,3.2135758
Mallarmé poems,Mallarmé poems@963,-1,11.287952174375645,19.113767455249935,243.57666,4.0796613693237305,183.31413,3.1688247
Mallarmé poems,Mallarmé poems@8988,-1,8.540288947951943,14.543594548372916,212.12646,4.5198187828063965,163.24579,3.1183476
Mallarmé poems,Mallarmé poems@0,-1,9.51720451512866,21.231967419867072,242.76045,4.266844749450684,179.45108,3.1709871
Mallarmé poems,Mallarmé poems@11235,-1,10.270421180204993,23.447859314488237,245.26569,4.185385227203369,182.97021,3.1755624
Mallarmé poems,Mallarmé poems@10272,-1,9.126529166086758,20.67172448476256,242.19962,4.177018642425537,181.98688,3.1313472
Mallarmé poems,Mallarmé poems@5457,-1,11.87429523037162,16.991714334039816,247.34135,3.9481704235076904,183.99829,3.1122065
Mallarmé poems,Mallarmé poems@642,-1,11.937172633757234,16.974916266301822,245.20534,3.907848834991455,180.00887,3.2440443
Mallarmé poems,Mallarmé poems@10914,-1,9.69657993871823,17.942746032558404,234.1125,3.8118736743927,176.54106,3.2290223
Mallarmé poems,Mallarmé poems@2247,-1,9.022695478404641,18.575138114352768,238.34111,3.63777756690979,177.58707,3.2901702
Beckett L'Innommable,Beckett L'Innommable@77361,-1,9.536999898317935,8.031434242815864,216.40709,2.6602988243103027,167.9383,3.1617413
Beckett L'Innommable,Beckett L'Innommable@22149,-1,12.078471857583496,17.880000191657313,241.58423,3.124546527862549,186.40277,3.4974935
Beckett L'Innommable,Beckett L'Innommable@96300,-1,7.158057545232508,7.3609151640774515,208.56792,2.0792531967163086,164.95317,3.3506975
Beckett L'Innommable,Beckett L'Innommable@17976,-1,8.74086919772811,8.090208917681421,224.12003,2.739377021789551,171.22325,3.4481997
Beckett L'Innommable,Beckett L'Innommable@44298,-1,10.922732830880506,13.522377076221467,217.78374,3.256880283355713,175.24274,3.260918
Beckett L'Innommable,Beckett L'Innommable@22791,-1,16.78970616596567,13.222686774425432,233.36157,3.2513766288757324,185.07678,3.51432
Beckett L'Innommable,Beckett L'Innommable@963,-1,10.018867943638599,12.072052873034496,234.3503,2.8311901092529297,180.72343,3.2505798
Beckett L'Innommable,Beckett L'Innommable@24717,-1,13.100210735261966,13.566704633361061,226.97307,3.179560899734497,181.24905,3.4583507
Beckett L'Innommable,Beckett L'Innommable@28248,-1,12.196937842042116,12.275505555002477,233.45917,2.866194009780884,185.83958,3.2827592
Beckett L'Innommable,Beckett L'Innommable@21828,-1,10.547280256955533,12.859312790349142,242.25806,3.1256113052368164,190.17172,3.3812754
Beckett L'Innommable,Beckett L'Innommable@99189,-1,7.370794838349507,7.3050043001784815,211.47472,2.4223241806030273,167.73384,3.2520432
Beckett L'Innommable,Beckett L'Innommable@21186,-1,10.482614853327455,11.881414532806488,232.80362,3.257018566131592,179.10818,3.39058
Beckett L'Innommable,Beckett L'Innommable@17334,-1,9.262961525855419,10.994938785483193,221.38557,2.933910608291626,170.43738,3.2814498
Beckett L'Innommable,Beckett L'Innommable@67731,-1,9.70159331056231,14.827747667870021,227.35791,3.1488962173461914,179.49446,3.326345
Beckett L'Innommable,Beckett L'Innommable@80250,-1,10.597179831720718,11.508043888765188,213.58084,2.7753052711486816,167.42183,3.1857324
Beckett L'Innommable,Beckett L'Innommable@87954,-1,8.948345512153473,9.630311281900774,219.8231,2.7750091552734375,172.87292,3.2778964
Beckett L'Innommable,Beckett L'Innommable@39162,-1,11.205622027802974,12.535018273265704,225.48495,3.2305707931518555,176.51517,3.3446493
Beckett L'Innommable,Beckett L'Innommable@2247,-1,10.142116968225695,13.077000527404978,237.73988,2.821875810623169,185.22882,3.4895988
Beckett L'Innommable,Beckett L'Innommable@31137,-1,13.269218440741383,16.870866799286134,238.51985,3.0986616611480713,187.36188,3.3528259
Beckett L'Innommable,Beckett L'Innommable@32742,-1,9.99893005056744,14.01338934381127,235.56004,3.0114660263061523,186.52698,3.2713041
Beckett L'Innommable,Beckett L'Innommable@9309,-1,11.862265485217096,11.983113166347742,224.57516,3.261706829071045,173.64922,3.4913807
Beckett L'Innommable,Beckett L'Innommable@83139,-1,6.87049570708979,8.115985282119725,238.70636,2.458564281463623,181.89163,3.359683
Ramanujan proof (Andrews ch.5),Ramanujan proof (Andrews ch.5)@3852,-1,8.605925980470856,11.596506881970933,167.88632,3.8535404205322266,153.45157,3.309785
Ramanujan proof (Andrews ch.5),Ramanujan proof (Andrews ch.5)@7383,-1,8.229011735491063,8.685074916869011,161.19525,3.5054335594177246,135.0995,3.591257
Ramanujan proof (Andrews ch.5),Ramanujan proof (Andrews ch.5)@5778,-1,8.780129623019914,13.028287968728383,175.36646,3.3575496673583984,157.85986,3.305894
Ramanujan proof (Andrews ch.5),Ramanujan proof (Andrews ch.5)@1605,-1,9.600529238720956,12.14302470292936,188.22339,3.213580369949341,170.25308,3.3013942
Ramanujan proof (Andrews ch.5),Ramanujan proof (Andrews ch.5)@8346,-1,9.836749995892232,10.033251779602368,217.7238,2.0858852863311768,186.00058,3.6965642
Ramanujan proof (Andrews ch.5),Ramanujan proof (Andrews ch.5)@1926,-1,9.976606453972007,13.92822444790798,175.27054,3.5888681411743164,171.0375,3.424028
Ramanujan proof (Andrews ch.5),Ramanujan proof (Andrews ch.5)@7062,-1,8.808345944901319,9.603859485130046,163.90242,4.055661201477051,132.42035,3.4748533
Ramanujan proof (Andrews ch.5),Ramanujan proof (Andrews ch.5)@8667,-1,5.460441685202272,6.520362613654407,216.17484,1.4399023056030273,178.54053,3.9101737
Ramanujan proof (Andrews ch.5),Ramanujan proof (Andrews ch.5)@6741,-1,9.6658854507546,10.768739769741465,172.86012,4.179995059967041,143.17169,3.385824
Ramanujan proof (Andrews ch.5),Ramanujan proof (Andrews ch.5)@321,-1,10.31194450955695,14.44238463139484,205.24115,2.5715646743774414,191.51205,3.2141776
Ramanujan proof (Andrews ch.5),Ramanujan proof (Andrews ch.5)@6420,-1,9.086811374692688,10.778034326737052,162.23383,3.129485607147217,152.64095,3.450411
Ramanujan proof (Andrews ch.5),Ramanujan proof (Andrews ch.5)@2568,-1,9.443452657533713,12.557539201379356,181.02016,3.3751420974731445,168.47887,3.3029323
Ramanujan proof (Andrews ch.5),Ramanujan proof (Andrews ch.5)@7704,-1,8.298763285518369,11.393623624824023,185.37193,3.4658851623535156,169.90869,3.6150491
Ramanujan proof (Andrews ch.5),Ramanujan proof (Andrews ch.5)@6099,-1,8.683035183011933,13.908834369768337,175.29805,3.9959797859191895,161.143,3.3092084
Ramanujan proof (Andrews ch.5),Ramanujan proof (Andrews ch.5)@963,-1,13.586342063828702,16.35222648369321,190.88239,3.4954986572265625,162.00624,3.2540836
Ramanujan proof (Andrews ch.5),Ramanujan proof (Andrews ch.5)@5457,-1,7.374861680427359,8.3695777521947,165.913,3.0276355743408203,143.73169,3.6540532
Ramanujan proof (Andrews ch.5),Ramanujan proof (Andrews ch.5)@4173,-1,8.675058767388157,11.806263398687465,160.13675,3.63161301612854,138.39796,3.3862896
Ramanujan proof (Andrews ch.5),Ramanujan proof (Andrews ch.5)@3210,-1,7.2208053886111045,10.802460784817653,164.9972,3.6623787879943848,145.94498,3.5757132
Ramanujan proof (Andrews ch.5),Ramanujan proof (Andrews ch.5)@9309,-1,7.151636665394702,7.45955372379283,215.00073,1.6173938512802124,177.0609,3.7312555
Ramanujan proof (Andrews ch.5),Ramanujan proof (Andrews ch.5)@8988,-1,7.913297696475986,9.429695679067505,214.85962,1.4962252378463745,180.13765,3.6955898
Ramanujan proof (Andrews ch.5),Ramanujan proof (Andrews ch.5)@1284,-1,7.732551037564,12.171556484849047,152.846,3.211028575897217,153.75235,3.5637448
Ramanujan proof (Andrews ch.5),Ramanujan proof (Andrews ch.5)@3531,-1,7.520009482176241,8.521201810212714,161.4607,3.6425671577453613,141.28099,3.4987788
Math ch.1 (elementary),Math ch.1 (elementary)@5457,-1,8.7701186471625,10.132101225811384,177.78828,2.8392958641052246,155.59012,3.4790103
Math ch.1 (elementary),Math ch.1 (elementary)@6741,-1,7.659139354141139,7.287377973431757,210.63011,1.9216604232788086,169.24622,3.9171817
Math ch.1 (elementary),Math ch.1 (elementary)@0,-1,9.686762043174959,12.056677447949724,180.8519,2.6509850025177,167.59416,3.393538
Math ch.1 (elementary),Math ch.1 (elementary)@5136,-1,7.1457338473667384,10.21247504565851,165.03337,3.434537410736084,140.35555,3.426886
Math ch.1 (elementary),Math ch.1 (elementary)@321,-1,8.578722664840623,8.08789719532165,203.95673,1.6016945838928223,181.69339,3.7940135
Math ch.1 (elementary),Math ch.1 (elementary)@6099,-1,8.341991837465583,8.17950547015731,184.97234,2.7261905670166016,160.95216,3.559061
Math ch.1 (elementary),Math ch.1 (elementary)@6420,-1,8.55255336174786,8.522909778212743,213.26006,1.9050098657608032,185.96228,3.5502133
Math ch.1 (elementary),Math ch.1 (elementary)@2889,-1,10.861694256281211,10.0251220499891,178.86813,2.6973021030426025,169.89005,3.6672087
Math ch.1 (elementary),Math ch.1 (elementary)@2568,-1,8.56863403371113,10.655663515289953,174.20773,3.442967653274536,152.17485,3.443502
Math ch.1 (elementary),Math ch.1 (elementary)@3210,-1,7.440606892907678,8.621022109962427,190.67032,2.375128746032715,167.96344,3.4163675
Math ch.1 (elementary),Math ch.1 (elementary)@4815,-1,8.821861613963817,7.980232631048469,184.8441,2.171968698501587,163.5356,3.5175383
Math ch.1 (elementary),Math ch.1 (elementary)@5778,-1,10.674279928875746,7.654422516890205,192.92314,2.207503080368042,164.56125,3.4200873
Math ch.1 (elementary),Math ch.1 (elementary)@2247,-1,8.218383108279673,9.544036345028804,171.50592,3.4712862968444824,159.43597,3.4033384
Math ch.1 (elementary),Math ch.1 (elementary)@1926,-1,10.218744648252482,9.525648677840016,177.83856,3.092592477798462,159.9721,3.5145602
Math ch.1 (elementary),Math ch.1 (elementary)@4173,-1,6.837309680970233,8.452097188476753,206.36847,2.1328821182250977,176.71526,3.6645648
Math ch.1 (elementary),Math ch.1 (elementary)@4494,-1,8.507658800383512,8.514206030906303,173.25894,3.081596612930298,159.5319,3.479836
Math ch.1 (elementary),Math ch.1 (elementary)@7704,-1,9.12905535356708,10.314830153110313,229.08163,1.816636085510254,187.75156,3.697414
Math ch.1 (elementary),Math ch.1 (elementary)@3531,-1,10.265323439349737,11.170023645514219,189.8357,2.434354782104492,158.28442,3.3344893
Math ch.1 (elementary),Math ch.1 (elementary)@7062,-1,10.98476247718243,10.576447896868245,214.87242,2.2791504859924316,183.6328,3.6942647
Math ch.1 (elementary),Math ch.1 (elementary)@1605,-1,10.515415131219411,12.96837403946084,199.37927,2.854715347290039,175.41223,3.3987422
Math ch.1 (elementary),Math ch.1 (elementary)@7383,-1,8.29296910893054,8.560800184042659,221.24084,1.4743503332138062,181.13223,3.724
Math ch.1 (elementary),Math ch.1 (elementary)@3852,-1,6.580041746007839,8.021085458919073,187.50095,2.139005184173584,164.1788,3.4730852
Math ch.13 (combinatorics),Math ch.13 (combinatorics)@2247,-1,10.142148765535813,10.125600164761819,188.30025,2.5377767086029053,163.03584,3.5044036
Math ch.13 (combinatorics),Math ch.13 (combinatorics)@9309,-1,8.151436655475921,9.853271625052413,212.88449,2.3210649490356445,185.33409,3.6522007
Math ch.13 (combinatorics),Math ch.13 (combinatorics)@6099,-1,9.866318050583294,9.110728227335018,161.67406,3.172569513320923,142.30954,3.4432874
Math ch.13 (combinatorics),Math ch.13 (combinatorics)@5136,-1,9.124740977361755,9.611458093089306,164.04205,3.638505697250366,151.4031,3.5908012
Math ch.13 (combinatorics),Math ch.13 (combinatorics)@8988,-1,8.694934572511697,9.55334837739755,213.87253,1.7265981435775757,180.10162,3.7073095
Math ch.13 (combinatorics),Math ch.13 (combinatorics)@8025,-1,6.950855853640969,8.230801526369032,198.30695,2.1202640533447266,178.33054,3.614399
Math ch.13 (combinatorics),Math ch.13 (combinatorics)@2889,-1,10.420082333507978,9.834991337747203,172.06595,3.393061876296997,160.23174,3.5945492
Math ch.13 (combinatorics),Math ch.13 (combinatorics)@1284,-1,8.728210425507411,7.123326174292347,179.92723,1.7493349313735962,162.5794,3.8213682
Math ch.13 (combinatorics),Math ch.13 (combinatorics)@4494,-1,9.582276956380504,9.443568926735237,167.11166,3.226154327392578,147.86832,3.490544
Math ch.13 (combinatorics),Math ch.13 (combinatorics)@2568,-1,8.527406165249529,8.641565460790074,184.24342,2.461200475692749,158.51279,3.4593449
Math ch.13 (combinatorics),Math ch.13 (combinatorics)@8667,-1,8.361168111773926,8.552254894502864,210.98137,2.335996150970459,175.52133,3.6578388
Math ch.13 (combinatorics),Math ch.13 (combinatorics)@8346,-1,8.544018094762375,10.859764274154239,197.60933,3.085618734359741,179.79651,3.504447
Math ch.13 (combinatorics),Math ch.13 (combinatorics)@4815,-1,10.351083493626845,11.49166769609869,184.15187,2.551645040512085,169.2086,3.3234153
Math ch.13 (combinatorics),Math ch.13 (combinatorics)@3531,-1,9.394250880311462,8.843419965503058,175.21013,2.561414957046509,150.23483,3.528771
Math ch.13 (combinatorics),Math ch.13 (combinatorics)@642,-1,8.986970895692961,8.20645426156267,177.83342,3.1052327156066895,155.51198,3.5939007
Math ch.13 (combinatorics),Math ch.13 (combinatorics)@9630,-1,9.603825747789196,10.260680450218345,222.12552,1.8923007249832153,185.59169,3.600318
Math ch.13 (combinatorics),Math ch.13 (combinatorics)@321,-1,10.546847844049454,14.259306741595708,204.75398,2.546298027038574,192.34076,3.3927245
Math ch.13 (combinatorics),Math ch.13 (combinatorics)@1926,-1,9.330848184822752,10.63482654950481,171.33025,3.2668862342834473,154.16727,3.5268688
Math ch.13 (combinatorics),Math ch.13 (combinatorics)@4173,-1,7.458999847766873,8.849664667125069,151.21632,3.6275644302368164,129.5413,3.5600724
Math ch.13 (combinatorics),Math ch.13 (combinatorics)@5457,-1,9.763343622841152,9.96584631154734,167.31596,3.8578298091888428,155.68959,3.3525472
Math ch.13 (combinatorics),Math ch.13 (combinatorics)@1605,-1,8.890874205555512,9.004106486309393,146.90279,3.780474901199341,134.95914,3.4875736
Math ch.13 (combinatorics),Math ch.13 (combinatorics)@963,-1,6.371110447123219,5.816267739614118,165.05708,1.8802146911621094,137.62509,3.7561927
Poe tales (English),tale5@0.427,0,12.747974489942122,17.12409877437567,221.7425,3.5006465911865234,186.00827,3.3084002
Poe tales (English),tale5@0.220,1,13.606955600568332,15.85953554224786,226.80965,3.045766830444336,197.09,3.2951415
Poe tales (English),tale2@0.865,2,10.404358007242095,17.473855417205943,210.55362,3.58919095993042,166.9036,3.0404372
Poe tales (English),tale3@0.972,3,10.55793450132021,16.702000515216678,220.05475,3.5089051723480225,178.95578,3.0853438
Poe tales (English),tale0@0.857,4,12.445068683021447,18.452937488025544,225.78304,3.5664141178131104,185.46945,3.0879064
Poe tales (English),tale4@0.537,5,11.190471360521586,15.890093226286476,210.56612,2.974621057510376,173.34457,3.1712894
Poe tales (English),tale4@0.182,6,11.105288968770381,18.926951491591062,217.19783,3.1871047019958496,184.1532,3.2547045
Poe tales (English),tale5@0.404,7,9.139719277246135,14.23943812778478,220.12215,3.07253360748291,185.89062,3.1960247
Poe tales (English),tale4@0.642,8,7.746793935481428,10.721462291510557,104.665474,3.559460163116455,142.54285,3.612228
Poe tales (English),tale5@0.927,9,12.07349448527039,17.54006334374579,213.96315,3.207284450531006,175.81963,3.0625348
Poe tales (English),tale4@0.206,10,9.776667423993501,13.070750885125562,211.09277,2.850594997406006,174.42188,3.2123241
Poe tales (English),tale4@0.999,11,10.909113829053913,12.671285180758913,220.46265,3.425259828567505,179.28552,3.2306004
Poe tales (English),tale3@0.236,12,11.113508548075933,17.28269296430453,214.9119,3.318584442138672,174.10231,3.076884
Poe tales (English),tale5@0.891,13,10.852354294809507,14.976697618572777,221.24995,2.9415292739868164,179.924,3.0480857
Poe tales (English),tale1@0.713,14,10.851200529968162,14.226808995828721,209.79645,3.182436943054199,177.36557,3.0962572
Poe tales (English),tale6@0.563,15,11.015263432850304,12.349624249645922,200.56581,3.6018049716949463,161.78232,3.2076004
Poe tales (English),tale6@0.684,16,12.034870237319263,16.040282149671615,201.85858,3.4374136924743652,166.84518,3.1662445
Poe tales (English),tale5@0.135,17,12.318326647678006,19.185197398194788,223.0753,3.3716695308685303,183.93425,2.976671
Poe tales (English),tale1@0.240,18,11.987154001898427,17.2464813740299,207.16069,3.494978427886963,173.38693,3.1857817
Poe tales (English),tale3@0.128,19,13.159018044725949,17.060469874142445,211.50261,3.6758556365966797,169.24655,3.203922
Poe tales (English),tale1@0.818,20,10.143424208165683,16.64936359145636,216.93602,3.2671761512756348,171.86969,3.024997
Poe tales (English),tale2@0.059,21,11.88416549871708,15.00484757933656,210.2534,3.4202306270599365,170.31519,3.0523548
"Poe tales (French, Baudelaire)",tale5@0.427,0,13.109012703435724,13.936851904135315,228.3344,2.8323655128479004,183.07199,3.3756285
"Poe tales (French, Baudelaire)",tale5@0.220,1,7.2449010934665,5.526801625788476,248.20656,1.6706550121307373,194.20251,4.1047134
"Poe tales (French, Baudelaire)",tale2@0.865,2,11.674749046443026,12.765067418466051,219.98122,2.938804864883423,174.39165,3.3474994
"Poe tales (French, Baudelaire)",tale3@0.972,3,11.25858107223984,13.667394042357126,235.29445,3.0987460613250732,185.42169,3.2783656
"Poe tales (French, Baudelaire)",tale0@0.857,4,11.023470496546826,13.693828440995134,229.91318,3.0868091583251953,180.2615,3.3586345
"Poe tales (French, Baudelaire)",tale4@0.537,5,9.873361017428655,9.853153537565639,237.55557,3.0135602951049805,181.10748,3.4829872
"Poe tales (French, Baudelaire)",tale4@0.182,6,6.0725885107501965,5.850885634818809,246.3403,1.6882503032684326,194.99554,4.1177773
"Poe tales (French, Baudelaire)",tale5@0.404,7,11.277462047709733,20.707166032731912,230.68513,2.9333391189575195,183.69316,3.3576136
"Poe tales (French, Baudelaire)",tale4@0.642,8,16.55250732153695,18.935694778820544,242.36646,2.7122504711151123,186.53783,3.3751166
"Poe tales (French, Baudelaire)",tale5@0.927,9,10.75262892952279,13.056304419058733,228.00171,2.549984931945801,178.1297,3.3656492
"Poe tales (French, Baudelaire)",tale4@0.206,10,6.677047541161937,5.352408026338004,242.71167,1.696915864944458,190.10168,4.0955935
"Poe tales (French, Baudelaire)",tale4@0.999,11,11.505522830859718,15.860923953105475,227.45596,2.852754592895508,179.08357,3.3283792
"Poe tales (French, Baudelaire)",tale3@0.236,12,11.55047659880445,15.887469446808575,240.64485,2.6318016052246094,185.9447,3.402005
"Poe tales (French, Baudelaire)",tale5@0.891,13,10.9985799607172,15.913604967018093,225.06567,3.152634620666504,173.98262,3.3557816
"Poe tales (French, Baudelaire)",tale1@0.713,14,14.236807946547472,15.168080230043907,226.56721,3.0388870239257812,176.42303,3.4273243
"Poe tales (French, Baudelaire)",tale6@0.563,15,12.086025539985906,14.483096825398695,225.00447,3.1042585372924805,174.96176,3.3264408
"Poe tales (French, Baudelaire)",tale6@0.684,16,13.118742835750332,13.142324775707602,223.25177,2.7735843658447266,176.51752,3.3852124
"Poe tales (French, Baudelaire)",tale5@0.135,17,6.104525044666663,5.548155999529063,249.4644,1.7024314403533936,194.55238,4.1810107
"Poe tales (French, Baudelaire)",tale1@0.240,18,6.538409154963982,5.688334590255003,245.49779,1.7601804733276367,193.83896,4.1731896
"Poe tales (French, Baudelaire)",tale3@0.128,19,14.295116916153688,15.033330509668948,221.79724,3.010972261428833,173.50156,3.3181906
"Poe tales (French, Baudelaire)",tale1@0.818,20,10.421352725318274,11.600194086745804,233.31876,2.7601404190063477,183.31494,3.3582504
"Poe tales (French, Baudelaire)",tale2@0.059,21,5.961709369073643,5.971877758968859,249.06657,1.7381486892700195,197.19138,4.1545963
