group,label,pair,n_distinct_qwen,n_distinct_xlmr,surprise_qwen,dim|Qwen contextual,spread|Qwen contextual,step|Qwen contextual,dim|XLM-R contextual,spread|XLM-R contextual,step|XLM-R contextual,dim|Qwen table,spread|Qwen table,step|Qwen table,dim|XLM-R table,spread|XLM-R table,step|XLM-R table
Rimbaud poems,Rimbaud poems@16050,-1,157,148,3.4191839694976807,9.623099457540759,177.1582692813863,219.60746431057217,8.25704101383694,3.436173911803226,4.305871802987139,8.519021237180715,0.46648845276853224,0.626003591154456,8.386532792694583,4.131807903801841,5.7991831595480505
Rimbaud poems,Rimbaud poems@1605,-1,165,146,3.6156861782073975,9.967681347156395,184.33225637664668,232.29964654902216,8.167207649833054,3.5223037221952325,4.526859665156908,9.147740762036817,0.47445162091609483,0.6386951636041137,8.779331608005778,4.1432701289603795,5.860602955461846
Rimbaud poems,Rimbaud poems@6099,-1,185,178,3.7712314128875732,11.372880235323917,186.73128422863616,248.1468890230959,15.049260008298331,3.1819885175665403,4.1643564959684065,12.292306825851421,0.47011772596577306,0.6759887656854635,12.181435551258147,4.3827733551335974,6.26806013236126
Rimbaud poems,Rimbaud poems@21186,-1,199,190,4.353244781494141,13.966305657880804,182.75432196031107,253.34162183534298,19.1113272262492,3.1729020104063714,4.135680559141721,15.145419317969862,0.4791864768195194,0.6864648716996945,14.22582035245334,4.393349667367264,6.291411378557142
Rimbaud poems,Rimbaud poems@17013,-1,151,135,3.0616719722747803,8.759390199033772,176.7377613018354,216.23436706102808,7.961542118376024,3.535412588268918,4.4456532909194095,7.397264353839593,0.46470233863369165,0.6182885801629886,7.554103945849664,4.1473000420702,5.8002511474965
Rimbaud poems,Rimbaud poems@2889,-1,157,166,3.563655376434326,7.669773475343507,182.90447318962816,235.32127781923657,14.258005628032548,3.1756160359681007,4.194658924468878,7.702626831211812,0.46414197263007584,0.6630203367333973,11.398423452453523,4.315656441371333,6.2017407854877575
Rimbaud poems,Rimbaud poems@20544,-1,176,169,3.728597640991211,10.392018222258564,182.02435162565473,234.49868476399774,15.682430880627464,3.2288896796571773,4.2169374560306,10.069067601882496,0.4683924337422899,0.6701383573750397,10.055860423222367,4.266655801703942,6.102712917235843
Rimbaud poems,Rimbaud poems@11556,-1,182,176,3.9006755352020264,9.97794929011986,184.18782046162343,243.10223848711175,19.195676402227182,3.2040233458011835,4.185912085104301,10.947525887521882,0.4673672631227061,0.6693455123480611,11.810998962756392,4.300768870543743,6.144011389132211
Rimbaud poems,Rimbaud poems@6420,-1,165,159,3.733837127685547,10.317356889814342,182.6169126102686,244.19347107567253,13.191325536803399,3.265358504186222,4.307923746385018,9.1523097759406,0.46521816700806207,0.6681815478357163,8.881166742974935,4.32805143413122,6.218269609329253
Rimbaud poems,Rimbaud poems@3531,-1,185,181,3.8811604976654053,10.043773751131619,187.3640611197077,261.9788932191452,21.11396325043493,3.2589423673048468,4.255430314627358,11.055721503136986,0.4648873211451022,0.6678548363706073,13.006858605983707,4.328905929357788,6.205097853257081
Rimbaud poems,Rimbaud poems@4173,-1,182,163,3.803208827972412,11.209725084595428,183.80650689312347,248.24945847054877,13.313882027477625,3.2426642612632954,4.36712751119483,11.500381319247966,0.47461396740081113,0.6797344589381404,9.941110693515862,4.352018044208486,6.288709375082789
Rimbaud poems,Rimbaud poems@16692,-1,155,145,3.173762083053589,9.419963706618793,176.15490801706454,217.5537350451593,9.086315650985295,3.6155988147290246,4.598701717047761,8.516139386704547,0.4651075679551536,0.6235138672235633,8.985654355624304,4.18187409333465,5.863213012036517
Rimbaud poems,Rimbaud poems@2568,-1,182,176,3.8571999073028564,10.118482079818428,187.11481096141415,254.32291027091412,19.49026048767496,3.2811715596291933,4.308416921043676,10.090618570063436,0.46675579274165635,0.6687773498206329,11.2971882301642,4.307348153924175,6.17640668106239
Rimbaud poems,Rimbaud poems@20865,-1,174,168,3.5133416652679443,9.525601337997317,187.24445089063937,245.17112865963125,14.503768586699914,3.1352139040670126,4.063497235807943,9.974981941562882,0.46834128515392465,0.6677241324275716,10.684733766739177,4.3233877817563355,6.151617106518957
Rimbaud poems,Rimbaud poems@5136,-1,176,171,3.8772006034851074,10.152900379903146,182.5320011321496,248.50076164847113,18.741196472739123,3.213189145915793,4.293132129577587,10.304361348231971,0.4647179056035778,0.6687313367544657,11.22663145588566,4.3749846566851875,6.290200436104574
Rimbaud poems,Rimbaud poems@23754,-1,188,172,3.7948367595672607,9.471582370912436,181.7478400101948,251.18963842543536,16.798613048175444,3.2479135541820234,4.292047467314337,13.418038123814156,0.46724421444265274,0.6703652257154594,12.077171205191318,4.271808138084658,6.157356962132786
Rimbaud poems,Rimbaud poems@24075,-1,175,160,3.826054573059082,9.828688475450397,180.38534376970475,245.16454999874765,16.241346618747034,3.192851324205786,4.154161461420152,9.44034565360492,0.4673713903963238,0.6689828369914201,8.626842865176945,4.260332189095896,6.111797141037454
Rimbaud poems,Rimbaud poems@1284,-1,174,169,3.4498531818389893,10.367341672811106,183.18459133664516,245.07003617924443,18.52660231657247,3.27035149116261,4.28174298170246,9.972301470821996,0.4655835006174684,0.6668088496360051,11.49782044801669,4.346680254271894,6.2119331336556405
Rimbaud poems,Rimbaud poems@14124,-1,181,175,3.991495370864868,9.617832637947627,178.46167084160282,235.31031859028866,21.73524487640518,3.1258299492032466,4.126126878783727,12.23520199135874,0.4735643252666432,0.679161876933633,11.808907288035384,4.325870572826155,6.217425426125926
Rimbaud poems,Rimbaud poems@7383,-1,179,167,3.7047741413116455,9.987056667065442,185.5434823079764,247.97097113214005,17.61925786515137,3.130616576117095,4.1892652313498,9.914302337767682,0.476704410916463,0.6843303626000512,16.22001996476948,4.331856392059107,6.262651339378212
Rimbaud poems,Rimbaud poems@15087,-1,172,166,3.5947554111480713,9.826185918937545,173.95558617537918,228.0882235250801,15.49759704773882,3.1855479154176525,4.122894637321706,9.699801504985892,0.469459832618374,0.6711178913360394,10.645219670668375,4.263230456844047,6.097025525802388
Rimbaud poems,Rimbaud poems@25038,-1,159,155,3.6867058277130127,9.258984970669589,177.80331242554018,241.73990671898932,13.723077390645061,3.193580038654149,4.185353531935048,7.938536421346754,0.4717540708424665,0.6754057383097735,7.865398154124802,4.2937936513189925,6.166905158095493
Joyce Ulysses,Joyce Ulysses@374928,-1,162,153,4.614197254180908,11.852093760523532,139.6689450655271,174.27289673834605,18.654303495228877,2.9884568215479352,3.8139730247902626,8.774592950584752,0.4378181588269716,0.6297043396385159,8.535219365450432,4.094930620731024,5.870770456391629
Joyce Ulysses,Joyce Ulysses@117486,-1,187,169,4.965451717376709,10.546815636118309,191.43869002211926,228.8421435894086,15.50925636640311,3.1389310700403965,3.963966656456846,12.33625949225391,0.4540246892129378,0.6444408863352433,10.849768917729135,4.223735912267627,5.972413211316841
Joyce Ulysses,Joyce Ulysses@186501,-1,154,141,4.152760982513428,9.798586764785481,165.05009050281294,200.40895943392565,12.769272715841046,3.1388819322119006,3.941678763012276,7.290977720942647,0.45623282563241296,0.6599077580253244,7.256457431148043,4.083260060495556,5.787045688499499
Joyce Ulysses,Joyce Ulysses@167883,-1,146,142,4.399003028869629,8.905132610832446,171.26688619001175,207.3483337302239,11.328183685834356,3.172557348155609,4.044343728802029,7.371870253093128,0.4452152021874176,0.6449045574990706,7.178692137410589,4.103660532241119,5.868866818607242
Joyce Ulysses,Joyce Ulysses@327099,-1,163,159,4.374906063079834,12.509825306580552,178.19814510443913,213.15817894225782,17.285407686519076,3.1244559806157377,3.9711041100479956,11.079368897273374,0.44943817372703876,0.6484337355996175,10.629389861988164,4.106305227764594,5.890455666467587
Joyce Ulysses,Joyce Ulysses@3852,-1,180,170,4.3065876960754395,10.377018926501004,177.9983181149392,225.0920373262538,20.471150642520755,2.988970643151225,3.8841569825217985,12.061984972241,0.45328206324740095,0.6581274084270529,14.65108325044514,4.174758754365231,6.027571025454943
Joyce Ulysses,Joyce Ulysses@273171,-1,161,149,4.056023597717285,8.781488795063758,193.62545492138167,233.70915713508649,11.162485004832696,3.3536312860831625,4.222031593857087,9.198350227046637,0.45815438295868116,0.6636453031529516,8.437271709317654,4.181665788926056,5.943498352224749
Joyce Ulysses,Joyce Ulysses@310086,-1,165,162,4.297102928161621,10.41660010963459,164.98505251392785,199.80218463967813,18.448784453462437,2.9529936942982564,3.7426349952534377,9.295420628042868,0.4456971465942752,0.6414457124061351,12.178329887875165,4.0497323899068025,5.811214770640857
Joyce Ulysses,Joyce Ulysses@112671,-1,161,147,4.199047565460205,10.512198307966273,171.17916782845703,208.84201302568783,12.41538562785221,3.182517051063046,4.080599257372807,7.894697859864247,0.44388276785464154,0.6421345528877026,7.926828133732745,4.065602096629371,5.835242042379982
Joyce Ulysses,Joyce Ulysses@241071,-1,184,176,4.535406589508057,9.530462001317286,185.05839663233166,217.35717435875193,18.531599386584176,3.2681184310742815,4.114600884063045,13.321263713489229,0.463972655977372,0.6638258600560266,13.841776165462717,4.202573406715567,5.946701312132989
Joyce Ulysses,Joyce Ulysses@352458,-1,177,170,4.315107822418213,11.35830092131244,187.2973762061522,227.1273336493029,22.56815766757366,3.3134349680820003,4.2670543213392,12.810191252528867,0.4618969340967446,0.6650720746774854,13.110305898878375,4.239255935072516,6.092013016577342
Joyce Ulysses,Joyce Ulysses@253911,-1,164,162,3.7781877517700195,8.202269342919218,209.98474770636403,237.3920166895731,12.525531217266499,3.520280913779093,4.371666960676374,8.587978969689532,0.4544083588158969,0.6562368662148932,11.854717893591946,4.176416237349942,5.852213605098891
Joyce Ulysses,Joyce Ulysses@150870,-1,157,151,4.238309383392334,10.378821921078627,168.9445790134228,203.14404856516086,14.090254242443793,3.110274401372331,3.9509114170772244,9.112905493525613,0.4380562432193973,0.6279572957147127,8.806650483552291,4.104476871118044,5.870638320935065
Joyce Ulysses,Joyce Ulysses@103683,-1,187,180,5.0449934005737305,11.176583311560515,174.44314981329927,212.58938880576915,22.09324516825806,3.092368404938621,3.9470088981288862,12.750193885223814,0.4557908181063989,0.6607229951632975,15.064597566586242,4.167391265803455,5.941412181191654
Joyce Ulysses,Joyce Ulysses@359520,-1,167,162,4.163323402404785,9.526685218268653,182.63953928100312,227.6547436648949,15.604858773924102,3.3345479815260477,4.143146689205485,9.320424355692948,0.4486512311145361,0.645249671551405,11.084164177833452,4.2585477134000715,6.076380132885194
Joyce Ulysses,Joyce Ulysses@178476,-1,139,138,3.2252604961395264,9.15285861582742,174.5343699975611,231.97934889539292,8.970212786716303,3.3603840511488374,4.539372628973361,10.750797707343116,0.4462925718723868,0.6491342949147776,9.372774746068306,3.9915555282309465,5.846215108372672
Joyce Ulysses,Joyce Ulysses@342828,-1,144,138,3.8428642749786377,9.71929552654084,176.96033520369775,224.25372114623457,13.05225779859479,3.118514258067716,4.026071652608347,7.18110117134626,0.4460594724242485,0.6481151194026376,7.0753767980325675,4.103569285959496,5.9033390087998905
Joyce Ulysses,Joyce Ulysses@67089,-1,165,159,4.189369201660156,8.612421222783984,190.2847275061992,225.0228763509982,13.262933759375116,3.215254358038869,3.9913085898109313,9.862379598954435,0.45211697520663796,0.646791103622694,9.215720574563202,4.1323391770833355,5.877332172246229
Joyce Ulysses,Joyce Ulysses@378780,-1,151,153,4.443325042724609,18.82775581406812,157.25198613026782,183.32961661123352,20.015360479184846,2.7932354770379075,3.534732489753991,9.38400738823231,0.44219646979266236,0.6303507832088397,9.508527865329471,4.038308791637513,5.801189941648746
Joyce Ulysses,Joyce Ulysses@203193,-1,182,171,4.374156951904297,9.303382489101883,170.84688019491438,210.04824433652115,17.42645714864927,2.963956766110977,3.7433628540275503,13.107643026115133,0.45631326848801856,0.6653721170422687,15.721866225838681,4.094196972259327,5.876273082738539
Joyce Ulysses,Joyce Ulysses@86670,-1,181,172,4.90001916885376,10.013270964734945,171.49218044560757,219.70137006440456,17.180011692810208,3.099621647781749,3.917175665008228,11.868370344240192,0.45620420261044187,0.6635456670658719,13.640064994446789,4.202304405358301,6.033648900162495
Joyce Ulysses,Joyce Ulysses@358557,-1,134,167,3.458287239074707,10.579270567720194,160.31478938290007,185.85993238744499,14.33985777925893,3.2739649459429696,4.175378399512614,6.216176214816499,0.45179017044475783,0.6126305928831749,9.376872926730064,4.276239667922116,6.076364588071201
Ramanujan 1918 (Hardy-Ramanujan paper),Ramanujan 1918 (Hardy-Ramanujan paper)@10272,-1,146,146,3.7430641651153564,9.442602068190622,151.47583098277704,171.22885229069124,11.974337771807901,3.4140604802254972,4.232231599288364,6.409001265703163,0.4496029251783024,0.6227639535682239,7.3857125193263835,4.006048406842882,5.6516451114740756
Ramanujan 1918 (Hardy-Ramanujan paper),Ramanujan 1918 (Hardy-Ramanujan paper)@12198,-1,120,112,3.5244827270507812,6.598349173107834,139.41547466269787,162.8673474345261,7.735577147732113,3.6337459354579877,4.708765295556614,4.840496087847598,0.4365289134348236,0.60556567582719,4.6723715896671605,3.9955630506120796,5.675170111917242
Ramanujan 1918 (Hardy-Ramanujan paper),Ramanujan 1918 (Hardy-Ramanujan paper)@5136,-1,151,151,3.5713374614715576,9.69353332429223,160.33014338978268,177.96809661921708,15.005316234255131,3.2885909111139684,4.083668134432703,6.781807699779151,0.43605808420591274,0.6089475668803025,7.375941759500074,4.019948006477146,5.661806066115442
Ramanujan 1918 (Hardy-Ramanujan paper),Ramanujan 1918 (Hardy-Ramanujan paper)@3852,-1,114,158,2.9444103240966797,8.99531375806741,158.55622774143944,155.36886500047564,13.301896781391221,3.226323220333491,4.073219508727301,5.012876088502048,0.42232747239758633,0.536069429907678,7.908198322676185,4.118372503415589,5.786458441196962
Ramanujan 1918 (Hardy-Ramanujan paper),Ramanujan 1918 (Hardy-Ramanujan paper)@10593,-1,147,141,4.022222518920898,7.422594929747441,146.23914076705296,169.046352793336,10.954230028149851,3.346355237731893,4.113739881348821,6.261035791872261,0.44269300638231096,0.6079510863238334,6.79988862067729,4.049332945411286,5.64377755341114
Ramanujan 1918 (Hardy-Ramanujan paper),Ramanujan 1918 (Hardy-Ramanujan paper)@4173,-1,157,153,3.9044463634490967,9.340125249156344,159.9700102015322,169.53140171056714,14.505754792864641,3.214313982535215,3.8753208818417133,7.87226774566976,0.43794570871822147,0.6186174836252485,7.817948219192924,4.08615036015009,5.715822892090545
Ramanujan 1918 (Hardy-Ramanujan paper),Ramanujan 1918 (Hardy-Ramanujan paper)@2247,-1,155,150,3.2001709938049316,8.876152245919917,169.7287579711671,187.77764514414258,12.295041260680373,3.360729017792384,4.222621418090622,7.975387363428896,0.438424423010246,0.6214073209836591,8.00259369580202,4.012358125172733,5.730538190193448
Ramanujan 1918 (Hardy-Ramanujan paper),Ramanujan 1918 (Hardy-Ramanujan paper)@16050,-1,124,129,3.02365779876709,7.832299276875394,156.725924393671,177.29905584999966,8.444484325758483,3.718369533900961,4.194736860318461,5.496477166245789,0.43655381091216716,0.6002177659133107,7.747840506687588,3.7757980556064314,5.006172162128885
Ramanujan 1918 (Hardy-Ramanujan paper),Ramanujan 1918 (Hardy-Ramanujan paper)@13161,-1,151,128,4.5981340408325195,8.562422450215275,136.86708213747298,158.95953962655204,11.058906531760272,3.356067223425492,4.213950804788127,6.262298374546028,0.4436969042968214,0.61980407930764,5.478463916863944,3.9580233820288364,5.596605312272459
Ramanujan 1918 (Hardy-Ramanujan paper),Ramanujan 1918 (Hardy-Ramanujan paper)@4815,-1,130,147,2.894890785217285,8.686740146130784,161.68204747275308,174.98799491968666,10.781962943459112,3.433682396616489,4.281121828031584,5.507859220780098,0.4354009933274552,0.5666147446714002,6.9526393818849,4.079336208343306,5.711335910782471
Ramanujan 1918 (Hardy-Ramanujan paper),Ramanujan 1918 (Hardy-Ramanujan paper)@321,-1,156,161,2.7972359657287598,11.313566711327757,174.0026833721576,198.1851734563499,14.094415508891345,3.459744924508529,4.172638242374523,8.735503658096471,0.4459775591430539,0.6239020159088022,10.071966646160435,4.064091343479407,5.789722457337887
Ramanujan 1918 (Hardy-Ramanujan paper),Ramanujan 1918 (Hardy-Ramanujan paper)@14124,-1,159,155,3.1369636058807373,10.377032351520505,160.9501344793544,183.41752081121064,17.14723462730346,3.2968240035438923,4.1804154399768345,7.578928613091776,0.4296288443617064,0.6126783530631147,8.975311790704458,4.062990255003376,5.770854872077836
Ramanujan 1918 (Hardy-Ramanujan paper),Ramanujan 1918 (Hardy-Ramanujan paper)@642,-1,109,120,2.2588303089141846,8.117809127906098,165.16297490356527,188.99607172832313,7.8813315650671285,3.6236310392477007,4.603166535605004,4.4111130541583625,0.43888288785655216,0.59312385918997,5.357691712395649,4.04535807473369,5.845490104963071
Ramanujan 1918 (Hardy-Ramanujan paper),Ramanujan 1918 (Hardy-Ramanujan paper)@9309,-1,159,147,3.876870632171631,9.832388260300117,161.51081586108745,180.4182725674474,11.715768109184607,3.402586664962316,4.361373670018067,8.513665728201692,0.45109220673349637,0.6228362660198172,7.30552523149337,4.112995008080778,5.845513828638057
Ramanujan 1918 (Hardy-Ramanujan paper),Ramanujan 1918 (Hardy-Ramanujan paper)@17334,-1,88,89,3.414459705352783,6.009992943488328,114.7980810502977,134.66557979284624,6.065710607687742,3.8182264839152005,5.040749580346749,3.542179100267847,0.44027913483676306,0.6163164406742496,3.4188470945777456,3.9506561182344058,5.658693052697077
Ramanujan 1918 (Hardy-Ramanujan paper),Ramanujan 1918 (Hardy-Ramanujan paper)@8667,-1,138,134,4.002918243408203,8.10792661962978,149.2833620491826,170.9383552587435,10.699889430254574,3.324194717702786,4.1567815206967325,5.676992558000772,0.44595991765731,0.6363389023910929,6.313229912979284,4.045574526914848,5.622814540157417
Ramanujan 1918 (Hardy-Ramanujan paper),Ramanujan 1918 (Hardy-Ramanujan paper)@9951,-1,155,160,4.02168607711792,8.59341706656281,151.49388352117933,170.74307717367364,12.278745039063034,3.2416331269310428,4.036432254163582,7.1071996222684675,0.44568800211684,0.6108316713185861,8.20108193632818,4.0829441463494085,5.725132086264494
Ramanujan 1918 (Hardy-Ramanujan paper),Ramanujan 1918 (Hardy-Ramanujan paper)@17655,-1,77,80,3.0120654106140137,5.793480900477429,128.2752780291132,157.85620440966315,6.386014541560191,3.8692327931686963,5.069679116638541,3.2556909020425557,0.434629600643915,0.6217023222056348,3.2016252554447626,3.830264580517748,5.505010964241996
Ramanujan 1918 (Hardy-Ramanujan paper),Ramanujan 1918 (Hardy-Ramanujan paper)@17013,-1,115,126,3.2371606826782227,6.450572832963348,165.33941477721586,168.34473500642233,7.803488405952485,3.7196755334015186,4.615937114475623,4.870491840656822,0.44451498543533186,0.614350186457015,5.518902016482161,4.097516705864551,5.715432460322478
Ramanujan 1918 (Hardy-Ramanujan paper),Ramanujan 1918 (Hardy-Ramanujan paper)@1284,-1,156,139,2.9704749584198,9.294649835488157,166.7332691924293,192.20435349671314,11.611061268586903,3.332907970902613,4.200898846851604,8.245145815440104,0.4374279087292056,0.6266643274568577,7.289589801454288,4.097184572544214,5.8884857534650985
Ramanujan 1918 (Hardy-Ramanujan paper),Ramanujan 1918 (Hardy-Ramanujan paper)@14766,-1,158,146,3.5255823135375977,10.80543779964708,155.90775647484725,172.26802144468203,13.303568120528704,3.2441547193373657,4.038240886157249,7.98524988903267,0.43204456856177154,0.6014615561680883,8.523263675510178,4.019203708751505,5.704165871231
Ramanujan 1918 (Hardy-Ramanujan paper),Ramanujan 1918 (Hardy-Ramanujan paper)@15408,-1,161,142,3.8678572177886963,8.63820300310684,148.707005604557,162.84068688296568,12.165126449630725,3.2811449734687903,3.939522485758017,8.017059318719877,0.4373995977517674,0.6082938030927436,7.02745105414251,4.020615764820056,5.609526328314471
Euclid (ancient proofs),Euclid (ancient proofs)@84102,-1,96,81,2.3960580825805664,7.1909571682862135,158.6473254451545,206.46818505576692,5.996822787001736,3.6450579788707373,4.866257810420106,3.8922695123089888,0.4395292040862203,0.6400704487950928,3.5440007406368994,4.0724627088786844,5.913050318025223
Euclid (ancient proofs),Euclid (ancient proofs)@51681,-1,107,103,2.0285239219665527,9.522277690511508,172.6609112878886,204.16796382840164,7.550064859916994,3.4429688408929686,4.444772332150588,4.371361354962399,0.43438672570980946,0.6244202104823648,4.647760047373498,4.096154385651726,5.902760358650457
Euclid (ancient proofs),Euclid (ancient proofs)@45261,-1,119,112,2.4523630142211914,8.180602848488613,162.34926440138116,202.68895963455967,8.121852430571268,3.454962263686952,4.501759882648158,4.675231073914766,0.43816493065793494,0.6390580704837849,4.988760350663855,4.146298828312204,5.952829917175902
Euclid (ancient proofs),Euclid (ancient proofs)@32100,-1,111,96,2.0032405853271484,9.983359002890568,155.4274411668492,182.1222760787665,7.6897742699537615,3.39087311971031,4.403027029159287,4.788704584415902,0.42133665744971227,0.6100352185001651,4.233979716723585,3.9604631390749385,5.7494665054368745
Euclid (ancient proofs),Euclid (ancient proofs)@94695,-1,128,126,2.343226671218872,10.952708817858342,166.83329188595013,194.27413161477486,10.610960195604385,3.3334283229834796,4.300424023749686,5.949409604054584,0.4468672679468524,0.6226669598106516,6.216163537635292,4.125446081832669,5.922491617616223
Euclid (ancient proofs),Euclid (ancient proofs)@79929,-1,148,125,2.567568778991699,10.141440206617874,161.22138564143012,190.00888794494298,10.271304527076033,3.3344924477148865,4.207165962053276,7.372867163905752,0.4380394338747662,0.6303885046193045,5.867791905549647,4.04270762370777,5.69469250560263
Euclid (ancient proofs),Euclid (ancient proofs)@35952,-1,106,107,2.064743995666504,9.067187961269584,153.3675802464615,170.54457561507667,7.423589540764806,3.534385631191821,4.589674879036608,4.449236059100751,0.4306034727726602,0.6102252163767774,4.408259449588226,4.03124491074993,5.677203765928705
Euclid (ancient proofs),Euclid (ancient proofs)@61311,-1,126,119,2.1448652744293213,8.583674239665712,165.8839142747439,198.43384378270272,8.370950926317677,3.4318723474286843,4.445162504013076,5.502076182438017,0.44018130435042674,0.6314939653233661,5.290950503885699,4.138449815943371,5.9661919028879735
Euclid (ancient proofs),Euclid (ancient proofs)@116844,-1,96,135,2.1108646392822266,12.209302293731483,160.87420923795008,175.42717077754313,9.934363412411898,3.4608153574690705,4.334782386499465,4.25281671393192,0.4185637065134338,0.5554482605736096,6.48014561024922,4.148721664391175,5.8403680262574165
Euclid (ancient proofs),Euclid (ancient proofs)@3210,-1,95,80,1.9596829414367676,8.544654931135383,164.64942352542656,213.07168745485302,6.414786781608277,3.655265412731927,4.865598457856258,3.8873782248669517,0.42865310217414243,0.6180502694633495,3.5053870571508745,4.086022907587084,5.856194698096865
Euclid (ancient proofs),Euclid (ancient proofs)@117807,-1,166,162,3.306565523147583,11.14071502945854,171.93257809196487,201.55340646200816,16.17570217557974,3.180334757520486,3.9796218521917037,9.39088019732772,0.43785073056188123,0.6189327298941522,10.186068273467994,4.156626697558281,5.950364739842449
Euclid (ancient proofs),Euclid (ancient proofs)@60990,-1,113,100,2.3923351764678955,8.771406186629312,159.12531240743942,204.0732847585393,7.112077739321083,3.472818295834812,4.5188979811391015,4.531931263076011,0.4386059332954584,0.6346312441117421,4.260291904647133,4.120031195356374,5.935495246926276
Euclid (ancient proofs),Euclid (ancient proofs)@48471,-1,122,108,2.627920389175415,9.184216971076076,164.4241303381881,203.55746308560526,8.631709306308597,3.4201591728708713,4.52331330332279,5.213325961260971,0.4343809033121884,0.6387036784431229,4.896041494998944,4.035929839716895,5.832805563633145
Euclid (ancient proofs),Euclid (ancient proofs)@113313,-1,106,100,2.150800943374634,8.497468712862856,150.0457038860177,192.73144910177004,7.6221148743272495,3.3259272022503135,4.414340587325277,4.358537965992405,0.42942809554351846,0.6269973414438027,4.184105217816229,4.083567458431664,5.930719172026282
Euclid (ancient proofs),Euclid (ancient proofs)@13482,-1,104,101,1.7031869888305664,9.903803459292517,165.23102267982702,195.54110449284306,8.40516051883647,3.428408891407346,4.463714727946026,4.491326964542792,0.44148203398936664,0.6268010688558613,4.278399590333432,4.119764334819311,5.925010315517961
Euclid (ancient proofs),Euclid (ancient proofs)@28569,-1,114,94,2.658639907836914,7.379706575632471,162.4321910482836,206.47260535471884,6.278142698447666,3.650925379494227,4.840067385501556,4.791107436281588,0.4303600181439229,0.6268863756887134,4.366881403578133,4.107244209533395,5.955204363709976
Euclid (ancient proofs),Euclid (ancient proofs)@84744,-1,115,112,2.642693042755127,9.651093833462982,155.2054876202432,192.28584710174187,7.763918337167049,3.467532108574636,4.487783572455969,4.929396485355237,0.43414737145007054,0.6273749274424842,4.8635229959969974,4.102654764852453,5.866244531701615
Euclid (ancient proofs),Euclid (ancient proofs)@43335,-1,111,107,2.5753376483917236,9.451363789352072,150.06803881395146,187.83620377670331,7.97042816491253,3.317561171835653,4.343334892626139,4.62110046171881,0.4265889630526022,0.628417586497055,5.392140288594287,4.041209563193003,5.820905874408418
Euclid (ancient proofs),Euclid (ancient proofs)@18618,-1,119,111,2.4931511878967285,8.12436072351349,165.77380101680018,200.48178484657544,7.718615958442615,3.5253954324490895,4.535019610754982,4.878465129725048,0.43751610443313305,0.6333321830363153,5.438643670441544,4.123018426028746,5.922300531100985
Euclid (ancient proofs),Euclid (ancient proofs)@9951,-1,115,105,2.266979217529297,8.86770840660534,161.4139812532639,199.35186145975933,7.195162930916321,3.6432697862634296,4.763841419933479,4.699203675901181,0.43246878816527357,0.6278526134057092,4.554746010802933,4.095467808262983,5.876996082540424
Euclid (ancient proofs),Euclid (ancient proofs)@50718,-1,122,115,2.460806131362915,9.257716787973095,159.11468643953893,193.72933985044997,8.861439989319509,3.325448048583606,4.298116714883182,5.8079060683195,0.4336616718646073,0.6220395700708697,5.510860472855062,4.073879023879492,5.861994551233838
Euclid (ancient proofs),Euclid (ancient proofs)@114918,-1,136,130,2.9079084396362305,8.390602824618044,168.64129250617938,194.60866911015893,9.190342230869541,3.3364997091704995,4.402594630002127,5.9062104560254385,0.4370527559612606,0.6273170084657453,6.217173636032506,4.089356138343777,5.849239324391482
