group,label,n_distinct_qwen,surprise_qwen,dim|Qwen contextual,spread|Qwen contextual,step|Qwen contextual,dim|XLM-R contextual,spread|XLM-R contextual,step|XLM-R contextual,dim|Qwen table,spread|Qwen table,step|Qwen table,dim|XLM-R table,spread|XLM-R table,step|XLM-R table
Andrews ch.1 (simple modern proof),Andrews ch.1 (simple modern proof)@6099,125,2.4438915252685547,11.82707914933547,162.95374881692277,190.41134538036252,8.241088785245479,3.388574240142981,4.335734067644433,5.318048771827585,0.4423787083022038,0.6269115871924085,5.34791787515909,4.091225721240397,5.831455357233012
Andrews ch.1 (simple modern proof),Andrews ch.1 (simple modern proof)@3210,136,2.626204490661621,8.851033586082588,168.90536487528635,188.2090082859953,10.024454741363249,3.6944849900117545,4.415123845732695,6.309071074482169,0.4450105033574101,0.6119511152194169,6.707451274775898,4.065446415267044,5.709076845272333
Andrews ch.1 (simple modern proof),Andrews ch.1 (simple modern proof)@3531,99,2.23305606842041,8.253267443002533,159.34056987480744,187.68358533791536,7.615999373032373,3.4524293797629193,4.424187215738866,4.226193198600548,0.43098423683662856,0.6089620338808023,4.251145020608873,3.97238103874051,5.65605953175334
Andrews ch.1 (simple modern proof),Andrews ch.1 (simple modern proof)@8025,126,1.8203964233398438,9.339303409556772,187.5301038092017,223.89306977903425,9.943978056314915,3.681758842885659,4.858026719971071,6.437581604288662,0.44684450254893754,0.6032787285603629,8.9572311253727,4.083337527916466,5.970655567230099
Andrews ch.1 (simple modern proof),Andrews ch.1 (simple modern proof)@7704,101,1.3643252849578857,8.518920547620723,181.91344711682302,223.5987695797798,8.470296474598216,3.6772220121249526,4.835670649895008,4.596810028033452,0.4360113055070261,0.5879313426281388,5.742564369334018,4.0148720820035475,5.8395321627992365
Andrews ch.1 (simple modern proof),Andrews ch.1 (simple modern proof)@1926,133,3.0910446643829346,9.835755903454757,163.41648533550944,177.01345043815775,8.944706700994667,3.72366931359223,4.519602429112649,5.397463399768797,0.4397650383328777,0.600302682233227,5.339791689255946,4.096887668412928,5.723463332618066
Andrews ch.1 (simple modern proof),Andrews ch.1 (simple modern proof)@5136,92,2.4727725982666016,8.266398104905702,157.4380433944224,184.47759229312032,7.246106291609972,3.5946935004423706,4.574862834002267,3.5790436638740055,0.44061722852984375,0.6146842363834895,4.31361769301888,3.967381367607153,5.559650242657722
Andrews ch.1 (simple modern proof),Andrews ch.1 (simple modern proof)@7383,134,2.216535806655884,10.994309812520191,188.55696712362308,222.32230831203952,12.125009527262165,3.683922335619398,4.737295731186049,6.892591593606916,0.44644582362123864,0.5923361759518355,9.339374900346439,4.034757610659335,5.8416920489560775
Andrews ch.1 (simple modern proof),Andrews ch.1 (simple modern proof)@6741,131,2.0547780990600586,9.043941197273913,186.60458878085404,212.06998312232895,9.818714819143098,3.5542002212419415,4.48621626913766,5.862061177667834,0.44190319586415294,0.6095234213502885,6.345483353220651,4.202210778987169,5.95677533611844
Andrews ch.1 (simple modern proof),Andrews ch.1 (simple modern proof)@2568,149,3.776846408843994,10.776859531137253,152.02216054171035,169.4253058848171,11.535476541681206,3.3451657982898,4.121296222732019,6.644818021558059,0.44595017558547767,0.6282013207175792,7.072616522941053,4.137308989739836,5.820928850532918
Andrews ch.1 (simple modern proof),Andrews ch.1 (simple modern proof)@0,141,2.6509850025177,9.686762043174959,167.59415945386348,180.85189510687658,12.056677447949724,3.393538074916591,4.172646171647973,6.702165791342668,0.43894545990077954,0.6209274519681053,7.043124468428615,4.078543245879523,5.747804331496887
Andrews ch.1 (simple modern proof),Andrews ch.1 (simple modern proof)@6420,122,2.757355213165283,8.499487278258018,168.03263122975486,188.1353766541465,8.65403428282364,3.5456385866450537,4.492459214865426,4.728742047673798,0.4447597938141442,0.6240392233059506,4.678078719363248,4.020939968068362,5.680272282151783
Andrews ch.1 (simple modern proof),Andrews ch.1 (simple modern proof)@3852,100,1.9004606008529663,6.816840787682771,163.19144450516694,200.06922370207303,7.237691734375855,3.64585287119797,4.512732539496325,4.564446137915623,0.44608105919902274,0.6180828198529371,5.604085527683107,3.935391235451629,5.476433359657287
Andrews ch.1 (simple modern proof),Andrews ch.1 (simple modern proof)@5778,130,2.4974489212036133,8.183058586518387,170.97650434635358,191.83727012799386,10.043927089273415,3.4488569571501744,4.290044297438563,5.317564872540181,0.4413112091557109,0.6079156999465948,6.097878613251164,4.1294772868827625,5.84987323383127
Andrews ch.1 (simple modern proof),Andrews ch.1 (simple modern proof)@4173,109,2.12265682220459,7.502308859254325,154.13870513715148,176.9906214742849,8.563971581367882,3.483811665289437,4.340823590246044,4.783651170976023,0.43612313755761173,0.6036349394756522,5.629025951214146,3.888949976683823,5.413251117261495
Andrews ch.1 (simple modern proof),Andrews ch.1 (simple modern proof)@2247,117,3.062833309173584,7.921393679790438,153.57617111982017,170.2570553884168,7.888581935556747,3.546111874506703,4.361996335371363,4.849904398908645,0.43610383646734263,0.5876421676512352,4.985527654006172,4.056096432757629,5.5265248541160314
Andrews ch.1 (simple modern proof),Andrews ch.1 (simple modern proof)@1605,163,2.7988719940185547,11.332002684839786,175.59035712488068,197.3657505968255,15.138005337932443,3.305122297093882,4.103504836945289,7.554549511547431,0.44296886603503377,0.6277026019195173,9.776147719260829,4.143514566783917,5.874278221554726
Andrews ch.1 (simple modern proof),Andrews ch.1 (simple modern proof)@5457,117,2.966092586517334,8.416523594223282,146.8089465749878,170.46570801066045,8.682117670103924,3.473370420407793,4.220976116416281,5.219737668675691,0.4377629759158113,0.6049330191076365,5.974156864905999,3.998140319010336,5.500476900988115
Andrews ch.1 (simple modern proof),Andrews ch.1 (simple modern proof)@4494,152,2.6172068119049072,9.688508441982394,180.34299275641632,198.9464981212329,10.687990172499381,3.5108826849416417,4.371642196632413,7.7105974906109855,0.450132445471295,0.6301760177237267,6.787429836579459,4.1914920852188295,5.903878650102933
Andrews ch.1 (simple modern proof),Andrews ch.1 (simple modern proof)@7062,102,1.9522109031677246,7.841205720174891,173.1864026791523,213.7046195911751,7.093708793675124,3.852000958507786,5.023789564448132,4.651503282675508,0.43726818928190114,0.5762686637816435,5.220098676013674,4.200565678557913,6.069433360078236
Andrews ch.1 (simple modern proof),Andrews ch.1 (simple modern proof)@2889,162,3.1191959381103516,10.910438356399995,168.61270388125212,186.46534856265782,12.539163435632567,3.3550498473598624,4.110723512386815,8.00052100228962,0.44775428483649465,0.628041784160856,8.052337542691577,4.1095446773512165,5.777902128589686
Andrews ch.1 (simple modern proof),Andrews ch.1 (simple modern proof)@321,120,1.5706350803375244,9.362322531504882,183.64542823433,205.6728900449126,8.282586822647781,3.7659131611404826,4.6607814828814815,5.420599455144186,0.4426767470593525,0.6129346389911337,7.001313959972763,3.9925461128044475,5.608807795432204
Andrews ch.5 (modern retelling of the same proof),Andrews ch.5 (modern retelling of the same proof)@2247,138,3.1446518898010254,9.666472063576608,169.4445850644429,190.29449541276898,10.964559878182184,3.5427986871279717,4.5227418474017345,6.177194763063167,0.4438240244830865,0.6128611969707254,6.160641232817276,4.131414230957555,5.885833660634241
Andrews ch.5 (modern retelling of the same proof),Andrews ch.5 (modern retelling of the same proof)@3531,131,4.280402183532715,8.777991783164062,139.66824514637563,160.5423942128008,11.195167488921838,3.4109220379582053,4.303358442838747,5.265404469124742,0.44098370432934064,0.6163808328909463,6.274545640119839,4.064868980509339,5.73946766999087
Andrews ch.5 (modern retelling of the same proof),Andrews ch.5 (modern retelling of the same proof)@5778,101,3.121462821960449,7.57655339066142,134.05465359825416,155.25286020598656,8.724918041351685,3.71034224718302,4.691194194042156,4.37431415059261,0.4295492254462246,0.5943484697415642,5.04645170455485,4.124149266548979,5.828300396298007
Andrews ch.5 (modern retelling of the same proof),Andrews ch.5 (modern retelling of the same proof)@3210,166,4.145588397979736,8.69931325831225,161.5856366807031,169.26244173078254,13.401838282373916,3.3750320570027292,3.971849752241527,8.390888785078852,0.45178494384996193,0.6177000458865255,8.578304666893374,4.165460738431996,5.8315685554874905
Andrews ch.5 (modern retelling of the same proof),Andrews ch.5 (modern retelling of the same proof)@7383,130,3.916287660598755,8.940166673304224,139.1600140268041,169.55342362533213,10.462864182468417,3.330916796764869,4.332538651068993,5.560762944723524,0.44419332854783333,0.6231685034109933,5.608047561657351,3.9598637044717724,5.632538644548883
Andrews ch.5 (modern retelling of the same proof),Andrews ch.5 (modern retelling of the same proof)@1284,156,3.472682237625122,10.063064364078798,170.35845918590908,173.46653925232238,14.455053958988552,3.381122954579276,4.021621171647918,7.908291976843425,0.4483955532754184,0.6009703498172718,8.893949187333146,4.175245200182177,5.836442944911902
Andrews ch.5 (modern retelling of the same proof),Andrews ch.5 (modern retelling of the same proof)@4494,130,3.146611452102661,9.470452840548923,150.42494855620947,169.05126510260192,11.631858385065584,3.4239432577692543,4.336920328041691,5.743863219685569,0.4320334336181004,0.5920933851854632,7.107284700950785,4.079745675882177,5.76527537236683
Andrews ch.5 (modern retelling of the same proof),Andrews ch.5 (modern retelling of the same proof)@9951,104,1.7484114170074463,9.682473530626757,183.3227439041659,225.4583939908272,8.295722272762719,3.662577299987906,4.829069367219889,4.678586415875312,0.44105305460508487,0.6002680859984469,7.044886610880049,4.030942221401224,5.924339730114574
Andrews ch.5 (modern retelling of the same proof),Andrews ch.5 (modern retelling of the same proof)@8346,150,2.9206788539886475,7.797113014114399,186.44858289730132,211.13532758995444,13.072145944587602,3.477770188994723,4.335365207582154,6.499082188865234,0.44695105800577745,0.6048967222487448,9.538871903551813,4.279830487042333,6.0742983748111214
Andrews ch.5 (modern retelling of the same proof),Andrews ch.5 (modern retelling of the same proof)@8025,121,3.139071226119995,8.595558005090675,150.98827371664987,168.8506939862881,8.433604464153715,3.83700564618281,5.1001615928956525,4.8440495347168815,0.44252118685727454,0.6159388424583192,5.130704926658724,3.9592260427467156,5.648541916684036
Andrews ch.5 (modern retelling of the same proof),Andrews ch.5 (modern retelling of the same proof)@7704,128,3.915102481842041,7.738183878181481,123.97450345410428,150.58517699144014,10.12304204203757,3.4574668374074298,4.466914422777454,5.30473260007857,0.441784279438741,0.6215370474241481,4.99585698742678,3.912104808911469,5.526800232415144
Andrews ch.5 (modern retelling of the same proof),Andrews ch.5 (modern retelling of the same proof)@6741,127,3.22122859954834,9.651568121724523,151.12911080771806,160.44343838240346,13.667125930059129,3.3638502800230903,4.135365382656895,6.207328900197806,0.4286658066639338,0.5631162970229887,9.837485223063743,4.171839574706141,5.861008014433868
Andrews ch.5 (modern retelling of the same proof),Andrews ch.5 (modern retelling of the same proof)@642,150,3.052095890045166,11.408941288941037,178.41071013183688,203.86776004407125,14.066381733968724,3.1656192099041007,3.9411542161280577,7.695573801009665,0.43609788634835295,0.6092963123378136,8.735119169326365,4.077593263738722,5.78239274823759
Andrews ch.5 (modern retelling of the same proof),Andrews ch.5 (modern retelling of the same proof)@6420,160,3.7752692699432373,11.108484838707502,168.3865468754668,181.73274487928447,15.08195213518953,3.309661607542151,4.072068264306982,8.939562363666534,0.4497908896198618,0.621697231559286,9.375222719535168,4.1294732016601925,5.838009722900585
Andrews ch.5 (modern retelling of the same proof),Andrews ch.5 (modern retelling of the same proof)@963,155,3.4956862926483154,12.351601040881524,165.23723983040765,196.2693357291337,15.451058601307714,3.2698438988763256,4.094214632515713,9.037743093913761,0.4316486493476399,0.6196356781922592,8.79932887927965,4.080777868359938,5.823316692877296
Andrews ch.5 (modern retelling of the same proof),Andrews ch.5 (modern retelling of the same proof)@321,166,2.522164821624756,10.960162385411381,190.83656252619545,205.82147868006257,14.126157304926734,3.255582737071147,3.8810739310745945,8.95773512123924,0.4451870391807379,0.6111346368502745,10.957237361057588,4.133469173530411,5.794426780041534
Andrews ch.5 (modern retelling of the same proof),Andrews ch.5 (modern retelling of the same proof)@10272,100,1.8254814147949219,6.739328219418823,177.7140525154481,217.36836221020184,7.884548339173738,3.804182707931883,4.992588111084591,4.0934267300423635,0.43544306295790774,0.572805964274906,6.473971504779203,4.008618691729172,5.840200831840932
Andrews ch.5 (modern retelling of the same proof),Andrews ch.5 (modern retelling of the same proof)@8988,100,1.8593181371688843,8.16975141160147,180.0756476106393,219.72519115248213,8.93657739440291,3.7804240228229595,4.905629375169435,4.437756625306375,0.44074246947400747,0.5867176624207494,6.591767035219308,4.118820805987579,5.945469389817237
Andrews ch.5 (modern retelling of the same proof),Andrews ch.5 (modern retelling of the same proof)@1926,161,3.3564701080322266,8.833257020446613,177.40820846510712,186.80767869747748,11.834162442771168,3.383198249876763,4.156622131769419,8.063433224886607,0.44576615649216883,0.6174445701100915,9.67133403930324,4.143229856516962,5.85795556760029
Andrews ch.5 (modern retelling of the same proof),Andrews ch.5 (modern retelling of the same proof)@7062,130,3.739748954772949,10.06710152990101,143.39471293755017,178.76252293363336,9.018924913127679,3.628862770179565,4.817277821352134,5.341492905117999,0.4435037232672441,0.6263212684869695,5.206910643350941,3.9522144575826847,5.65013116363574
Andrews ch.5 (modern retelling of the same proof),Andrews ch.5 (modern retelling of the same proof)@4173,162,3.827133893966675,8.450539749546907,162.0080712767745,171.8691442617157,13.2763985535504,3.2309837789991693,3.963734021011366,7.75057742594725,0.4520068820108922,0.6238238017911758,7.67915260002241,4.125259563298142,5.834430130387119
Andrews ch.5 (modern retelling of the same proof),Andrews ch.5 (modern retelling of the same proof)@6099,107,2.8974766731262207,8.074802338350425,153.22479944396062,173.78128972057806,10.688757959996247,3.4798548399003018,4.275426396142727,4.639945377107233,0.43484077155120215,0.6081810459535828,7.140127902954866,4.152360765415638,5.758024418872659
Dedekind (1888),Dedekind (1888)@32421,112,2.78035044670105,8.362152857229772,146.25804225018766,169.0810778509908,9.671530806305805,3.437252706101129,4.4593364297312545,4.4244109422739575,0.42528763274163395,0.5956681882471854,4.625903981175943,3.978028895892397,5.716995672603056
Dedekind (1888),Dedekind (1888)@18618,116,3.0361921787261963,7.973255734045508,137.18489393249834,161.14749451591047,8.942352939218125,3.3937069844157817,4.410379748952116,4.487885313335178,0.4218805707072084,0.6019134376365182,4.509690893562408,3.936534245357966,5.618253805372529
Dedekind (1888),Dedekind (1888)@1605,153,3.4334826469421387,10.035506000160717,159.61343531648396,193.9656281218598,16.695247246785897,3.2139334479003394,4.064993737205692,7.805960447439219,0.43622478328641495,0.6320535325690424,9.02624194387562,4.0981258603265545,5.884231985753023
Dedekind (1888),Dedekind (1888)@33705,106,2.1976540088653564,7.250107075658128,198.01378457103766,224.5587172155757,7.294898334206651,3.7643875456570424,4.886416700986325,4.507442554955206,0.4551985133731702,0.6197964247706538,5.660188341013615,4.127298050912007,5.854513467832923
Dedekind (1888),Dedekind (1888)@25680,133,3.1069653034210205,9.178733007306272,145.0291264333789,179.75730045228676,11.738269402821437,3.377083269992946,4.372467363881607,5.817358548627548,0.436253961978157,0.6210627120578404,5.500057479486237,4.036183836659929,5.764312149068684
Dedekind (1888),Dedekind (1888)@29211,76,1.7106831073760986,6.404911456576733,152.06025647480723,184.14653925338663,6.143948388694575,3.96368570484087,5.245199946717798,2.945061626525695,0.42076526056381136,0.5760693643032216,3.39806356293942,3.9122509260525384,5.5440889545732235
Dedekind (1888),Dedekind (1888)@7704,147,3.375483989715576,11.990006231293743,152.30932134477996,181.23369680245227,13.410553482744604,3.351169776446268,4.26816238615171,6.9014492406193595,0.4387335045842351,0.6297461092606954,6.454725432801294,4.074732217994477,5.78740151839902
Dedekind (1888),Dedekind (1888)@13482,115,2.6049747467041016,7.775537269014458,150.1562877203476,171.42473148410025,7.861060675346192,3.7074516372521886,4.603660300947171,4.614999738170063,0.4234655480951195,0.5737868879460515,4.595211917528426,3.878062511233785,5.477814364956381
Dedekind (1888),Dedekind (1888)@20544,108,2.52239727973938,8.282108113758788,137.68995256483765,160.8751411051029,7.972802589279968,3.5009789001566105,4.564998247660398,4.210920813618774,0.4198356852219488,0.5879292776980615,3.9973140156439637,3.948199000794963,5.623810964631081
Dedekind (1888),Dedekind (1888)@27606,124,3.350224494934082,8.167161475990868,144.5721096277083,178.21315372733042,10.986751167373725,3.3230941396615825,4.386298345674733,5.048989589226494,0.42724729858691946,0.5986462109037308,5.532565423226994,3.9669938457659883,5.640664055827374
Dedekind (1888),Dedekind (1888)@18939,134,3.3286526203155518,9.448066778601936,138.24800700978136,160.6132363363564,11.840459570751172,3.3943896412105623,4.3688398293906285,5.487406107296411,0.43179711900098006,0.6074054208861225,6.198656524078495,4.01069071834549,5.677885895740155
Dedekind (1888),Dedekind (1888)@24717,108,3.122915506362915,8.950819665861891,142.62521109815987,170.59475923273064,8.573446072706266,3.618550184312621,4.766905264180072,4.474515845252779,0.42464475143610403,0.5911385717689537,4.33779341805647,3.9172152442641597,5.563404106740708
Dedekind (1888),Dedekind (1888)@27285,132,3.180344343185425,9.390859154168124,147.02713772669398,171.0245632072789,11.422673539057124,3.343550882313128,4.252006183428622,6.311340854371345,0.4297898526959779,0.6087573744672514,6.333951474991196,4.01133655463862,5.691449909338662
Dedekind (1888),Dedekind (1888)@29853,101,2.7395129203796387,7.84208930805481,143.8452591281224,166.86122798904745,7.569252139749285,3.7642773643225116,4.933948159386717,4.011328397714542,0.42633472992064414,0.5862775247624316,3.852565315904822,3.983106660739796,5.657858535409089
Dedekind (1888),Dedekind (1888)@17013,122,3.2627620697021484,9.645358780210882,140.48149481653581,162.87109812893036,10.602562062850366,3.4776456689216366,4.503194936815073,5.193902615336527,0.425341781960203,0.6003011243533717,5.483670728667048,3.984024112085635,5.707111493530676
Dedekind (1888),Dedekind (1888)@33384,86,2.1768698692321777,6.3457372781414785,188.22381292412507,214.36649830876803,6.2075109075783175,3.755112408455029,4.8427664643373,3.9523516619437555,0.45301745890094924,0.6186271212633887,5.575938215621728,4.152135951725403,5.932469315809646
Dedekind (1888),Dedekind (1888)@10593,160,3.0839943885803223,11.001975791876403,180.9958996330261,207.56857770352607,20.06578008927089,3.3094828159678613,4.108963362663053,9.331773920523851,0.44519086197797797,0.630151667449059,11.160132299788806,4.13744238712336,5.890345450288159
Dedekind (1888),Dedekind (1888)@34989,103,2.1639015674591064,6.0757471913933045,196.39182160901026,222.25432789885505,6.930716561912528,3.754035392506563,4.890701646258229,4.162362214959596,0.456639823775851,0.631736765363569,5.023808711235769,4.1526373963253915,5.919839445969975
Dedekind (1888),Dedekind (1888)@20223,92,2.4202733039855957,7.349263071292369,146.67863706480995,171.95193374801028,7.001276503515467,3.6452570090868415,4.782355562230791,3.500689812959067,0.42205457326779905,0.5907191721770958,3.467133795785863,3.9425050322624435,5.614270320276351
Dedekind (1888),Dedekind (1888)@11556,170,3.286628484725952,10.630732743746034,167.00091801880833,202.20727777277392,22.169779123656365,3.093573474807429,3.874942466029575,9.858174654613848,0.4351394314320592,0.6241768236406345,10.1524714633604,4.050303071587644,5.79531212297419
Dedekind (1888),Dedekind (1888)@37236,87,1.8997101783752441,5.724040083394402,178.42876865105615,204.70544484845806,5.432911700115324,3.9356261158190184,5.192389436019069,3.7072384087122945,0.45414523746242913,0.6277088077402553,4.720674319741858,3.957998341522373,5.693482990464301
Dedekind (1888),Dedekind (1888)@29532,104,2.508018970489502,7.40205236927283,145.24695618776678,170.56158523428368,9.101595113987132,3.624310196275923,4.798585152286943,4.294860622137137,0.4270809285541529,0.5770610650315376,4.333799290081133,3.918068480843191,5.57391697557707
Euclid (ancient),Euclid (ancient)@55854,133,2.4426422119140625,9.45716993966145,163.76502757154563,201.09251904643457,8.321287455994193,3.3940074092712598,4.4163184741426695,5.5037575771134355,0.4381520243816576,0.6325221229916944,5.430774561894914,4.211805616863533,6.019939992639851
Euclid (ancient),Euclid (ancient)@86028,72,1.7747312784194946,9.96798383147514,139.22554533374088,155.14925385385035,7.237881559966322,3.6753635878379303,4.647409987944628,3.219508631905239,0.41274496380597403,0.5278499498853737,4.419179554423743,3.970813215491178,5.5423719076760785
Euclid (ancient),Euclid (ancient)@79929,145,2.956834316253662,8.30267159491932,174.19774585810364,201.52832616210404,12.002005786170292,3.392346165653932,4.386578123475381,7.231828444349155,0.4476090880685676,0.6486429000481864,8.30466020883904,4.171383560138418,5.954061604757695
Euclid (ancient),Euclid (ancient)@7062,117,2.209193468093872,10.400832028620906,164.51430548956802,204.17701360824898,7.689179231114191,3.529693274649693,4.55635298496064,4.879209681041314,0.432585508708235,0.6271614341398526,4.67280085087389,4.079788050443591,5.853578982000674
Euclid (ancient),Euclid (ancient)@66126,93,2.4236273765563965,6.887732214938974,156.14926563937422,197.94760087904388,6.015807430437964,3.6753589873602035,4.84444114124012,3.503164438447714,0.4369749784908623,0.6332995464944557,3.580932940620897,4.161612535709503,5.965450360414481
Euclid (ancient),Euclid (ancient)@21507,99,1.841761827468872,8.195782206960606,163.06643306738803,189.93922684428898,6.255075580628135,3.551884008634717,4.623895173690172,3.9075299002283965,0.42892121521994864,0.6175787428101833,3.6961070719578437,4.076850091946206,5.839481304623553
Euclid (ancient),Euclid (ancient)@13161,77,1.8791286945343018,7.130946359417827,162.1644545103941,202.09972458776267,5.14298197525514,3.730154797997946,4.955712898998984,3.2370299437301244,0.433566294441023,0.632678274836752,2.9280078209898455,4.044986999160211,5.862305670910595
Euclid (ancient),Euclid (ancient)@56175,129,2.477656364440918,9.94262277800952,165.36765759992528,185.0685168431444,8.668441332295506,3.47155819980485,4.396169838533221,5.502580139097792,0.4405622001712811,0.6203299884876535,5.278695711371188,4.041514686617747,5.652679045517398
Euclid (ancient),Euclid (ancient)@76077,110,2.2465384006500244,9.499070770358117,160.27910968499788,196.23755675930326,7.637887394260633,3.489658992078577,4.445900786568688,4.569917104372685,0.4346106376282558,0.6344966628289643,4.364290571780689,4.075309423871332,5.820099036706497
Euclid (ancient),Euclid (ancient)@642,117,2.3514256477355957,10.59805786668114,165.03934592716337,199.63723682680163,8.69455588777581,3.4275007093227337,4.478493717009067,4.719416892852955,0.4330347532005942,0.6316780548143229,4.989570361079508,4.017229013759582,5.760025155430672
Euclid (ancient),Euclid (ancient)@47508,93,1.8439403772354126,8.850923051166298,145.64403073049616,175.68820795162617,7.133930259271271,3.396673583745899,4.42187291875208,3.8823841797748457,0.4224245165324885,0.595092771139459,4.184921182562911,3.8463661209840954,5.552852224816959
Euclid (ancient),Euclid (ancient)@31779,95,1.8091458082199097,7.016418544710068,161.72348656180378,207.8022406625437,5.804181872175659,3.5715565947113324,4.792681467736533,3.7764261069915297,0.4302444601564671,0.6397185103049526,3.418209687498376,3.9816319664792177,5.777323318285798
Euclid (ancient),Euclid (ancient)@20223,96,1.9829614162445068,7.304438741415065,164.39810254549138,197.0548851221517,5.822602524924758,3.6493885153560592,4.846404244124468,3.5546977172736867,0.4287469162172381,0.6218888231420355,3.6976877623011433,4.07183805507871,5.876697382154984
Euclid (ancient),Euclid (ancient)@69978,118,2.1124749183654785,8.500865027495756,155.93309678490948,187.54938451171384,8.854621103733008,3.253527745462271,4.249539679385176,4.728072292842486,0.4300288712033115,0.6106142299853736,5.044511992621842,4.027587763789574,5.813623020521216
Euclid (ancient),Euclid (ancient)@38520,128,2.3228766918182373,12.124606782265682,163.4959834419032,210.41384050338317,9.110211216222616,3.3789807952112274,4.4887317183535815,5.715895122134856,0.43784076152554285,0.6399825786190082,5.3568280022158605,3.963554731851276,5.731876264111514
Euclid (ancient),Euclid (ancient)@963,104,1.8900794982910156,10.985740770372056,159.21107131234672,201.461438450392,7.067873116983129,3.4298785715056512,4.512350991776844,4.576582138090789,0.42768593321171744,0.6275352845076785,3.948969205334183,3.9923241335773896,5.776278320819853
Euclid (ancient),Euclid (ancient)@81534,127,2.5078930854797363,10.135903025105527,162.026349275376,191.94596744842625,9.060510482855088,3.494809643018678,4.504148261705934,5.384717622192869,0.4353627048611338,0.6262765390861067,5.430744671951724,4.196803938709094,6.001405788604562
Euclid (ancient),Euclid (ancient)@56817,128,2.4810807704925537,9.840375811466858,167.79863367260032,196.259555361386,9.135347543253713,3.273144242409785,4.235471315229282,5.568754639232703,0.4370456960823068,0.6311249285272329,6.146511059579555,4.092604929479805,5.864899375716006
Euclid (ancient),Euclid (ancient)@26322,108,2.5735909938812256,9.14099556939396,157.2234793023884,201.35109701516328,7.588481737949432,3.5518567084963717,4.705533765557897,4.253376880949663,0.43020356540351157,0.6296426189969162,4.000980669047702,4.091995872217332,5.916146832292991
Euclid (ancient),Euclid (ancient)@43656,128,2.362987756729126,7.531752078229819,188.41779347294028,202.17754058187649,8.254737375512766,3.699526091961409,4.609089979991866,5.426298561249657,0.44836433908723083,0.6258724278817012,5.695090759315927,4.303047442618801,6.056588238127956
Euclid (ancient),Euclid (ancient)@15729,75,2.1130523681640625,7.075239690580102,150.91460461105777,201.3810855347455,4.878616634189162,4.008269037844499,5.2382346552647,3.029524994625532,0.42785433103480475,0.6297051548647765,2.9302070733962275,3.9804403553800176,5.626156539045156
Euclid (ancient),Euclid (ancient)@6741,83,1.5004699230194092,9.119247586763272,151.89149041795662,189.29910912197823,6.324218430883005,3.6227031793135662,4.764414088705042,3.2487146189793434,0.42297288015945345,0.6123706577668452,3.252116670891866,3.954469255086809,5.671629802836059
Hilbert (1899),Hilbert (1899)@6099,107,2.5174498558044434,8.975583944731886,140.30618992418715,171.5199624595274,8.850434224809746,3.4371691825659565,4.420623693249006,4.371019092849145,0.4322828909313313,0.6290306453284387,4.585031207240405,4.016970995320273,5.737299173576624
Hilbert (1899),Hilbert (1899)@17013,130,2.454777717590332,10.750700546627272,164.7331310711919,198.16557833246188,10.981402989586117,3.361521298846446,4.314811304890262,5.959273658675912,0.43488893145983026,0.6337301669365922,6.626288923689056,4.059682963306889,5.802917371904369
Hilbert (1899),Hilbert (1899)@22791,39,1.4267550706863403,4.5712624824033625,158.1288951759745,190.16621414480525,4.409701119141983,4.47697197737549,6.353524289859136,1.9822906350874459,0.4088626594025735,0.5433023363868752,2.5974923313999643,4.150814287835438,6.014597957024332
Hilbert (1899),Hilbert (1899)@4173,118,2.7634806632995605,11.257616620537464,140.58766328813346,164.2192751740946,10.066355058641935,3.3029657846406684,4.238567737340689,5.009331317319437,0.42407145017598125,0.6009946216146164,5.054927965375044,3.838337610450978,5.482917515159532
Hilbert (1899),Hilbert (1899)@4494,150,2.680177688598633,10.827615734063968,147.69951600910923,180.52530253170207,12.691129598232612,3.28327836299011,4.255425141178641,7.615756374132487,0.43390681380991425,0.6291325474409759,7.516743066384543,4.039421678112953,5.801414181279503
Hilbert (1899),Hilbert (1899)@19260,93,2.549015522003174,8.209531700516097,177.22168646867647,187.5310306837429,6.695522338129487,3.8215186907396506,5.064623204088227,3.7299625387613236,0.4332887666830735,0.5623487402625397,4.289695583509726,4.291336500277905,6.1227528523141235
Hilbert (1899),Hilbert (1899)@9309,139,2.3952436447143555,9.131547661128225,168.26581155595971,191.26581926965284,14.573591971599726,3.434211933915986,4.314840855776901,6.030852790731891,0.44556193268651684,0.6186369905386804,7.637073298192109,4.116027835467058,5.822585470778506
Hilbert (1899),Hilbert (1899)@5136,140,2.6846327781677246,10.80922115599923,159.4744729913311,183.97270107803806,13.049377177470548,3.306908709107579,4.1868142874523,6.900866996381548,0.43982690660913704,0.6301482166809371,7.845513150154917,4.024308877916523,5.716362124945604
Hilbert (1899),Hilbert (1899)@8346,133,2.4688923358917236,7.774429732908652,173.9206222251242,198.87475581381148,10.490742583015404,3.462606618690969,4.42041971102293,5.803610567376463,0.43919737723772323,0.6290573252643089,6.530570611780791,4.094990114834845,5.8203934260528065
Hilbert (1899),Hilbert (1899)@10914,132,3.072282075881958,11.796494427022454,144.78782175899136,178.60980568976214,11.768962548795978,3.222655982998444,4.148196308133345,5.451044095260261,0.43633215953836774,0.627564443056334,5.923281275971964,4.060076441467159,5.809650654593906
Hilbert (1899),Hilbert (1899)@8025,135,2.5579872131347656,8.787818674546562,162.09022856254617,188.3913928956667,10.867150111225044,3.3886216853188404,4.295621607336366,5.880645668496115,0.44648908763739004,0.623559983529076,5.99475715818031,4.061518433023904,5.758096373059999
Hilbert (1899),Hilbert (1899)@10593,151,2.893604278564453,9.431157640812346,180.6193869076647,196.81873050498476,11.584154606911829,3.5455588222379397,4.470723430185193,7.2631600015570505,0.444872712827272,0.6327187495320646,7.286839871318281,4.175465315720955,5.874323856652436
Hilbert (1899),Hilbert (1899)@3852,135,2.5834860801696777,8.377333005880168,168.45213022960945,192.05975882965808,10.087378329373628,3.3780651460170663,4.277801303097282,6.038747834972958,0.4401362816613035,0.6221557477081788,6.248190371699107,4.0482686004276225,5.760691956875822
Hilbert (1899),Hilbert (1899)@14766,135,2.265385627746582,7.937702037625049,166.84430690982572,192.30307067539164,10.825703480510564,3.506815126990478,4.391978830770191,6.128064015187948,0.43908367415757693,0.6354017976521391,6.119011144791628,4.127305011271602,5.861998604356318
Hilbert (1899),Hilbert (1899)@19902,39,1.4420384168624878,5.57974986308692,159.67236391548346,189.21703037147378,4.585204503600726,4.422383660484808,6.308647076539889,2.1287484095295564,0.40629498604677294,0.5205918086127604,2.6246960008568645,4.235236493330466,6.208624915323435
Hilbert (1899),Hilbert (1899)@2568,147,2.595564842224121,12.698467292926622,159.42991440106417,192.47424223076848,15.012299574142341,3.323527445367583,4.27634386419636,7.799767773126185,0.43425423360671955,0.6297126849878467,6.972868647834903,4.038417067771707,5.800831090009893
Hilbert (1899),Hilbert (1899)@12198,125,2.6541309356689453,10.453161893746149,148.30542708685613,183.6488688470444,10.92834458967048,3.2888803488165435,4.183288774925712,5.613747972583478,0.4323127049738691,0.6310198197094646,5.885230972129303,4.018511389835194,5.730435019113431
Hilbert (1899),Hilbert (1899)@15729,133,2.821481227874756,10.491998660298654,154.7979629317911,186.36459411394932,11.8267364277631,3.1037365088226574,3.9670951134667116,6.563079191944477,0.43269668686946305,0.6157119581861006,6.835001283628928,4.002958716180059,5.766765918134779
Hilbert (1899),Hilbert (1899)@642,133,2.4574031829833984,9.515244918215869,156.64311361278845,180.46974678700275,8.578776635810321,3.283908597304514,4.151748949834567,5.665191203152832,0.44046340741741474,0.6234444794666043,5.560989669182753,4.052162476850419,5.7295401134367685
Hilbert (1899),Hilbert (1899)@1926,151,2.853032350540161,9.419328273419355,172.5860983906819,197.2670084319922,13.155571648590659,3.41348232700932,4.291679764526276,6.756637342869458,0.44257690190875215,0.6295121663777741,7.382299665198826,4.089705785075765,5.812148945499895
Hilbert (1899),Hilbert (1899)@15408,122,2.652209520339966,9.334152412706443,143.56939052125443,171.79411168216816,9.345696031623381,3.41433655709503,4.388851367636371,5.751181944762622,0.43002356439948086,0.6299376623872901,4.875777368032151,3.986212926984617,5.760521442059763
Hilbert (1899),Hilbert (1899)@321,114,2.2962141036987305,10.285956638201368,151.79048072825742,186.2231211926477,8.287288279474648,3.512464476784573,4.49228116049423,4.864334290810105,0.429012360973961,0.609331772618703,4.686042157901915,3.956802375773121,5.64753641369692
Ramanujan 1918 (Hardy-Ramanujan paper),Ramanujan 1918 (Hardy-Ramanujan paper)@5457,135,3.4828944206237793,11.00636406504585,145.47346987434304,169.2280040304613,11.447283207363256,3.270927882744445,4.13609819008245,6.869208851404426,0.43470954533659256,0.6057747332981782,7.200505188148106,4.0430436214546805,5.756111981402261
Ramanujan 1918 (Hardy-Ramanujan paper),Ramanujan 1918 (Hardy-Ramanujan paper)@7383,128,3.815967321395874,9.336454165186032,130.60698841071456,144.93165246799998,10.591488053679475,3.513424742731601,4.488501332503763,5.473706364248461,0.43163519772673364,0.5901376408072505,5.788754864487526,4.000030113646508,5.686357860210226
Ramanujan 1918 (Hardy-Ramanujan paper),Ramanujan 1918 (Hardy-Ramanujan paper)@3531,146,3.5098469257354736,11.903466352166049,152.94083029377765,165.8817003058208,12.575755921404417,3.3276606285833257,4.115077412930276,7.282904181961878,0.42846167274553365,0.5929434129418211,6.87550921199482,4.033213104127231,5.645780497494496
Ramanujan 1918 (Hardy-Ramanujan paper),Ramanujan 1918 (Hardy-Ramanujan paper)@5136,143,3.3382983207702637,9.695388314412982,168.14419881796323,176.55009233701105,12.298649916898688,3.5497462543685474,4.424068620661283,6.9117158055198935,0.44840056108724824,0.5973965995754807,8.375620465846971,4.115908765387202,5.8863627778581735
Ramanujan 1918 (Hardy-Ramanujan paper),Ramanujan 1918 (Hardy-Ramanujan paper)@642,96,2.1290533542633057,8.189931680553286,159.45344615606456,182.15716827486887,8.23609560301807,3.6401362599016043,4.648026455737359,4.258287073997416,0.43395343558990673,0.5868822159260358,5.622811337054021,4.02765382646712,5.836440014655562
Ramanujan 1918 (Hardy-Ramanujan paper),Ramanujan 1918 (Hardy-Ramanujan paper)@1284,149,2.8576107025146484,13.04253593441569,148.80613348328802,174.48256109709965,12.74230295673955,3.245282960603346,4.098547210321006,8.925232018613853,0.4202572478501516,0.6055239962967242,8.139476354256603,4.052597729721198,5.823413601702869
Ramanujan 1918 (Hardy-Ramanujan paper),Ramanujan 1918 (Hardy-Ramanujan paper)@2889,156,3.9420318603515625,8.527745191266538,150.67673075323867,155.84336291344206,13.294733766354073,3.2483988256670893,3.970295015260967,8.574788735079212,0.4278428217711091,0.6047229611105104,8.373803163628693,4.093257604493322,5.753543896761622
Ramanujan 1918 (Hardy-Ramanujan paper),Ramanujan 1918 (Hardy-Ramanujan paper)@4815,129,3.2114498615264893,9.772219845289923,147.16881534816696,168.90166125807482,10.380270514314999,3.517528574497396,4.533557265980084,5.632316915918246,0.44042793972892086,0.6177025943004769,5.6682388427468675,4.077806782886581,5.82692846392433
Ramanujan 1918 (Hardy-Ramanujan paper),Ramanujan 1918 (Hardy-Ramanujan paper)@7704,125,4.179309844970703,8.55092392472928,132.80559072898893,141.88207638540618,8.676840111464474,3.5493102152616123,4.398332058909854,5.254075500001964,0.4382536245705315,0.5916690062440841,5.0485588306052165,3.8926064828519036,5.407818902154159
Ramanujan 1918 (Hardy-Ramanujan paper),Ramanujan 1918 (Hardy-Ramanujan paper)@0,143,2.7617557048797607,8.936524504456925,178.0744198059883,183.07357029536234,13.720839637337045,3.371983865297423,4.058758850386791,7.812454179805495,0.43783398681703634,0.5975558711134553,9.61945047391756,4.171558662486515,5.891507701795754
Ramanujan 1918 (Hardy-Ramanujan paper),Ramanujan 1918 (Hardy-Ramanujan paper)@2247,148,3.0855798721313477,9.86999550493546,155.62190552453856,172.676097969166,17.908083775224682,3.3645396243955688,4.2436033671679585,7.24573099103396,0.43246204096684293,0.5877372803997762,9.1744772364487,4.100296551188211,5.8375172284012855
Ramanujan 1918 (Hardy-Ramanujan paper),Ramanujan 1918 (Hardy-Ramanujan paper)@321,153,2.812382459640503,12.061358714399754,168.45663398171837,189.4233105632977,15.26755892826094,3.4539353740663232,4.172539228755188,9.549605927022284,0.43930232464611146,0.6128947723536567,10.1441125405924,4.059585838828312,5.7934107109880895
Ramanujan 1918 (Hardy-Ramanujan paper),Ramanujan 1918 (Hardy-Ramanujan paper)@4173,139,3.5914368629455566,9.728523214853094,156.54265470199633,167.8578027738532,11.304329581781637,3.468305152754315,4.401967132952802,6.133226348171507,0.44239262296722265,0.6037576421542014,7.300073482955764,4.084071499897155,5.784170804681442
Ramanujan 1918 (Hardy-Ramanujan paper),Ramanujan 1918 (Hardy-Ramanujan paper)@8988,148,3.726149559020996,9.94921099617009,147.165703621186,155.5032166754029,13.620971153956594,3.2854492642425193,3.9411526983839678,7.05021830919508,0.4300279839493488,0.5951834615714909,6.844692955592446,4.042600145915887,5.66695711272027
Ramanujan 1918 (Hardy-Ramanujan paper),Ramanujan 1918 (Hardy-Ramanujan paper)@6420,147,4.038602828979492,10.641324287590846,138.21284287256793,153.23082441495626,12.113522465896255,3.3105682372433756,4.090465855772373,7.814291943101892,0.4382903017079828,0.5998407114321298,7.986576054347445,4.082391198235718,5.670053990562612
Ramanujan 1918 (Hardy-Ramanujan paper),Ramanujan 1918 (Hardy-Ramanujan paper)@6099,163,4.557341575622559,10.06991908302865,148.50866946360566,159.91872785021312,13.665697781168262,3.32395460887519,4.102973400315332,8.679526837003175,0.43988447953151855,0.6096287105444185,8.079404266734597,4.127545149912587,5.798033561265803
Ramanujan 1918 (Hardy-Ramanujan paper),Ramanujan 1918 (Hardy-Ramanujan paper)@10272,86,2.636662721633911,7.323053090221433,133.77675760739317,163.4426376457438,8.653882663639324,3.6154927278874975,4.626181770377744,3.9740227032923685,0.41860210735847814,0.5918946505889842,5.694328885462398,3.761743292194974,5.364629933319124
Ramanujan 1918 (Hardy-Ramanujan paper),Ramanujan 1918 (Hardy-Ramanujan paper)@963,164,3.3281264305114746,9.82139902971806,162.68611458464244,171.5337289038575,14.361301306658811,3.190781213601343,3.7972553447891824,9.329996307918679,0.42568526015164226,0.6030666863422084,9.96976637579567,4.04420959335528,5.717066340340116
Ramanujan 1918 (Hardy-Ramanujan paper),Ramanujan 1918 (Hardy-Ramanujan paper)@1926,157,3.8492331504821777,10.247131013193124,147.30833094555769,161.28311550359447,14.276779437072085,3.2918617257195817,4.065119418214931,7.486045027921455,0.435757714748512,0.6128565882163342,8.626973146327261,4.13980626560547,5.8280314257516865
Ramanujan 1918 (Hardy-Ramanujan paper),Ramanujan 1918 (Hardy-Ramanujan paper)@6741,142,3.937501907348633,9.184308094299203,138.2332583063286,155.60763714069554,10.972330213267213,3.3896883329216316,4.121197568169464,6.071388539850456,0.43389815379446195,0.5925422642268737,6.305328142434289,3.9826133552947933,5.500611126006371
Ramanujan 1918 (Hardy-Ramanujan paper),Ramanujan 1918 (Hardy-Ramanujan paper)@8667,158,3.4532666206359863,9.428399727671822,163.07682327631096,162.23790167558374,15.733981578972243,3.349735798251942,4.061278882361007,8.230908809950432,0.4331651666084989,0.5823131964138422,9.652807708841253,4.214921678954009,5.924803370102986
Ramanujan 1918 (Hardy-Ramanujan paper),Ramanujan 1918 (Hardy-Ramanujan paper)@7062,131,3.9544551372528076,7.055873785168823,137.14126642703863,145.96616947408035,10.512288239059972,3.403187851107255,4.254981174906771,6.03765301163817,0.4351589154005282,0.588050451871931,6.648739900384858,3.942984160191541,5.536388588733765
Your paper,Your paper@6420,133,3.4232823848724365,10.627442559557993,149.31279097295413,179.57797126946934,9.983661697994686,3.2201723820638617,4.0962952908392145,5.866245671037137,0.42544372584512924,0.6095324621865867,5.268804763072442,4.05951184495082,5.798568864398537
Your paper,Your paper@10272,138,3.185288906097412,10.610086545767581,155.36678270286313,189.0587505828174,13.274785343525954,3.2714182617251923,4.254830417603024,6.884928119638552,0.42605924438450105,0.6084043840546852,6.677347282053964,4.07458740731225,5.821795791645166
Your paper,Your paper@8025,149,3.509838581085205,11.440135652736958,146.33594088912594,171.38627022068403,12.900348975817103,3.2312027681791937,4.161247921424628,7.913468678876107,0.42228752711995127,0.6060449519539136,7.903105705412577,4.1669133263520735,5.961478793305103
Your paper,Your paper@7062,138,3.2150959968566895,12.483971530806626,146.568995380832,171.34400832536204,11.075027944087138,3.1711356618576607,4.053527718800872,6.690079943845539,0.4295768181363274,0.6198612952840088,5.845611504749864,4.028567151795961,5.754504786796857
Your paper,Your paper@4494,152,2.7576098442077637,12.189035364179638,159.80403577784364,184.09424737943166,11.626860730035494,3.2943825191719274,4.230485958147051,7.601805397591139,0.43006309357226497,0.6155363674181487,8.075844488167768,4.242247524100686,6.073112718520468
Your paper,Your paper@7383,133,3.2740349769592285,10.476691515052252,152.41204560118481,176.16211026932558,10.545079381308215,3.297011724040895,4.182353773400977,6.59946173145137,0.425077563187921,0.6135134057404009,6.284897997721135,4.064055401857063,5.82666877880652
Your paper,Your paper@1605,145,2.6042239665985107,11.02123022072603,158.32228468917216,185.18803254178093,11.31420230987879,3.2858733313416577,4.266608688940106,6.692432677559325,0.43235216978015056,0.615034493634504,6.839857197336662,4.0771078041013284,5.836385122135025
Your paper,Your paper@1284,135,2.682952880859375,10.965720247774335,155.04916238286128,179.16929220198202,10.293974473908378,3.331309532374101,4.18694667097603,5.868707401227315,0.4296564207808772,0.6123258468704981,6.188550055161497,4.059886616243542,5.794852385204831
Your paper,Your paper@2889,160,2.7973015308380127,11.130033758214369,167.11022350987605,189.23809418713853,14.123153306100447,3.2019660462738666,4.003211777789297,8.2780275025718,0.4309287507186342,0.6009199207146105,8.835740397137785,4.202511926847652,5.994640517849511
Your paper,Your paper@4815,135,3.320065975189209,11.224869668741848,151.70427280125014,179.2597496271584,11.925379086480744,3.280823260945336,4.249495765859556,6.048278228707052,0.4232363666797153,0.6102075410373929,5.896839739524752,4.196225092646703,6.057005522543436
Your paper,Your paper@5136,132,2.9789490699768066,11.107898084044068,153.50576925690615,176.16582957233155,9.162654638703165,3.346934453615726,4.261133737499225,6.137064352071732,0.4260627343334604,0.603776891845841,5.1765967769847885,4.103511052756156,5.869563095778632
Your paper,Your paper@9630,120,3.0660696029663086,11.096139511948847,143.5315658118752,169.54357047350237,8.67042495641883,3.3795536935314585,4.389893897550909,4.971488826093019,0.42607709568097407,0.6127153069807195,4.8164600460370695,4.017672510785225,5.781317285294824
Your paper,Your paper@1926,138,2.5058183670043945,9.43128476022833,156.11203494988501,181.7704735759375,11.012108804412291,3.412550150879503,4.319724636514597,6.006605995821466,0.4337954811318393,0.6079451387274822,6.491570028341829,4.141482999908693,5.87855963904358
Your paper,Your paper@9309,143,3.2859106063842773,10.521529567725967,149.79027370164215,179.5269444542411,14.073405464141175,3.1509733972385026,4.016000794839822,6.705020817467287,0.41927111566786485,0.6056832709503026,7.403198689644415,4.036417981909915,5.805315251958623
Your paper,Your paper@642,152,3.365055561065674,10.3133222048152,160.33768860674266,188.16931280474142,11.207553349682131,3.333076544859453,4.266607289244368,7.461359037917311,0.43403545440465996,0.6140580240370972,7.64325672002922,4.203950380188257,6.002021211952861
Your paper,Your paper@321,153,2.9547665119171143,11.501871421902813,155.1676669197367,183.8939425501504,13.017017073997593,3.27237326155371,4.1621168667095345,7.122732301861816,0.4313900855588234,0.6190208471521743,7.232488387440168,4.181606028209616,6.005960648528107
Your paper,Your paper@6099,149,3.2278451919555664,13.232954316128067,147.23934924718986,171.188057242983,13.228243238018777,3.136590053062279,3.9811918740373087,7.349547659568015,0.4240890894498317,0.6083074715161002,7.453288604217998,4.167092467744896,5.948752368685319
Your paper,Your paper@8346,146,3.53639817237854,11.374474287445379,149.62191854448494,179.6083924610355,12.29514043717454,3.273277029047028,4.181213396161447,7.913727656152527,0.4285691474345131,0.617734534951863,7.632349448081933,4.134435145752713,5.921479745075009
Your paper,Your paper@3852,134,3.103116273880005,10.62140607485521,147.22440190079385,169.9697529742088,14.025648818201352,3.2772263510030815,4.28536582365745,6.267713489042543,0.423367910651038,0.6012617076857637,6.673263691657074,4.08406370001984,5.863723351343862
Your paper,Your paper@8988,154,3.681497812271118,10.419306794816547,147.5369225200682,173.147800163441,13.997558322467013,3.1313109093269214,3.9667278967981456,7.5067063264466745,0.42818783283662154,0.6154471159555043,7.870578212193938,4.046588399152341,5.779469135397755
Your paper,Your paper@5457,150,3.045013189315796,11.54702493867439,158.4652640513067,182.9614917003404,12.530452279952058,3.1086306142746034,3.9607118818472755,8.41226666582657,0.4208800255654823,0.5999820256841877,8.254523075530079,4.13901440868065,5.945742703392033
Your paper,Your paper@3531,148,3.0625343322753906,10.944413551344866,160.908606713523,188.31147457258552,14.921091013072916,3.2351935232101225,4.086550265179627,7.501978505149381,0.4297065190074242,0.6078207137342674,8.182747736890663,4.142417662477365,5.932962955374101
