table,group,label,pair,n_distinct,dim_occ,dim_distinct,spread
XLM-R table,Shakespeare sonnets,Shakespeare sonnets@0,-1,159,10.367241090501814,,4.200075116515679
XLM-R table,Shakespeare sonnets,Shakespeare sonnets@256,-1,158,8.109626395756335,230.1947170439321,4.158278468768281
XLM-R table,Shakespeare sonnets,Shakespeare sonnets@768,-1,145,7.241548270326089,405.3110067789039,4.189718082417622
XLM-R table,Shakespeare sonnets,Shakespeare sonnets@1280,-1,158,8.325917257280615,738.8889210003249,4.122448616041408
XLM-R table,Shakespeare sonnets,Shakespeare sonnets@3584,-1,160,9.632174648933052,350.83501828514335,4.121498527842103
XLM-R table,Shakespeare sonnets,Shakespeare sonnets@5120,-1,157,9.83630065782698,261.04536283979184,4.04380968926294
XLM-R table,Shakespeare sonnets,Shakespeare sonnets@5888,-1,162,8.92893234479074,213.82735356351145,4.167034036650209
XLM-R table,Shakespeare sonnets,Shakespeare sonnets@6400,-1,159,9.6255983842126,77.92850829508683,4.154319947100488
XLM-R table,Shakespeare sonnets,Shakespeare sonnets@9728,-1,155,10.394746452881991,337.8612223331616,4.046984554949759
XLM-R table,Shakespeare sonnets,Shakespeare sonnets@10752,-1,170,10.41350223257372,423.4029004545706,4.174309480071034
XLM-R table,Shakespeare sonnets,Shakespeare sonnets@12032,-1,155,8.67456584076233,590.1798416483833,4.072195358633795
XLM-R table,Shakespeare sonnets,Shakespeare sonnets@12288,-1,150,9.05933732272549,,4.072308989149617
XLM-R table,Shakespeare sonnets,Shakespeare sonnets@12800,-1,154,8.659531475112956,150.16628312006742,4.148061307870536
XLM-R table,Shakespeare sonnets,Shakespeare sonnets@13312,-1,162,9.374024700530136,6574.863835031596,4.084669783523638
XLM-R table,Shakespeare sonnets,Shakespeare sonnets@13568,-1,162,10.092361404088875,405.55409563493123,4.214018369271381
XLM-R table,Shakespeare sonnets,Shakespeare sonnets@13824,-1,152,8.853470303632458,1707.019883004456,4.0792298074926965
XLM-R table,Shakespeare sonnets,Shakespeare sonnets@14336,-1,168,10.725271739430651,152.7483817191831,4.156607125282143
XLM-R table,Shakespeare sonnets,Shakespeare sonnets@15872,-1,156,10.155731057313947,,4.157222091427622
XLM-R table,Shakespeare sonnets,Shakespeare sonnets@16128,-1,153,8.78101015943839,179.27286081041652,4.038827033921807
XLM-R table,Shakespeare sonnets,Shakespeare sonnets@16384,-1,163,10.392580643615112,3238.3893069122087,4.083722301462827
XLM-R table,Shakespeare sonnets,Shakespeare sonnets@16896,-1,156,8.81544803429116,2232.787517404949,4.153280276770413
XLM-R table,Shakespeare sonnets,Shakespeare sonnets@18944,-1,149,8.817925273913813,83.48722648847492,4.071548560762205
XLM-R table,Shakespeare sonnets,Shakespeare sonnets@19456,-1,160,9.653231807037223,675.479204659936,4.0683885618297
XLM-R table,Shakespeare sonnets,Shakespeare sonnets@19712,-1,160,9.72769791829182,,4.10736696734368
XLM-R table,Shakespeare sonnets,Shakespeare sonnets@21504,-1,159,9.126807345410691,1520.2981585776486,4.168843092156161
XLM-R table,Shakespeare sonnets,Shakespeare sonnets@22016,-1,150,8.348817712751128,172.9695584257252,4.110100948222754
XLM-R table,Shakespeare sonnets,Shakespeare sonnets@23808,-1,146,7.702401933816039,270.9958459254374,4.119963817521443
XLM-R table,Shakespeare sonnets,Shakespeare sonnets@24576,-1,158,9.037971320291637,191.4133042081305,4.187284126055609
XLM-R table,Shakespeare sonnets,Shakespeare sonnets@24832,-1,151,8.05043050707735,193.07813487990887,4.066902079309372
XLM-R table,Shakespeare sonnets,Shakespeare sonnets@25344,-1,153,8.830429656110582,5947.73039618801,4.129075761641191
XLM-R table,Shakespeare plays,Shakespeare plays@109568,-1,152,7.711385040558688,227.517175275142,4.252737369313017
XLM-R table,Shakespeare plays,Shakespeare plays@202752,-1,155,8.804251650466385,88.2476775481985,4.11235187776915
XLM-R table,Shakespeare plays,Shakespeare plays@383488,-1,125,6.064668328254657,140.07041392550056,4.068117775752196
XLM-R table,Shakespeare plays,Shakespeare plays@466432,-1,177,13.270074940222878,130.3471392548415,4.134035160946495
XLM-R table,Shakespeare plays,Shakespeare plays@484864,-1,169,10.50866081994171,,4.201088776171149
XLM-R table,Shakespeare plays,Shakespeare plays@509184,-1,168,11.316371283033872,670.230514995642,4.075214128778194
XLM-R table,Shakespeare plays,Shakespeare plays@538624,-1,164,11.258817084562168,178.91833478874824,4.132997717569724
XLM-R table,Shakespeare plays,Shakespeare plays@564224,-1,140,7.661287431766712,172.868341883798,4.070088759781734
XLM-R table,Shakespeare plays,Shakespeare plays@583936,-1,170,12.226730190550933,203.19890573007805,4.106844006032961
XLM-R table,Shakespeare plays,Shakespeare plays@635904,-1,136,6.846531355091389,,4.101169702876023
XLM-R table,Shakespeare plays,Shakespeare plays@730624,-1,163,9.606272247744513,184.40432787614702,4.185840865439514
XLM-R table,Shakespeare plays,Shakespeare plays@760320,-1,160,9.44035027706329,,4.094159451961767
XLM-R table,Shakespeare plays,Shakespeare plays@789504,-1,158,9.489973884109212,133.73124993326027,4.104940614241844
XLM-R table,Shakespeare plays,Shakespeare plays@799744,-1,160,10.435481258181815,98.26286036201616,4.058736117138244
XLM-R table,Shakespeare plays,Shakespeare plays@860672,-1,152,9.01838129360812,648.9278179701988,4.128848309113914
XLM-R table,Shakespeare plays,Shakespeare plays@869632,-1,159,10.998557498055353,817.8423397471364,4.059620874086608
XLM-R table,Shakespeare plays,Shakespeare plays@895488,-1,135,6.881964062088001,150.94689992056942,4.005227851245603
XLM-R table,Shakespeare plays,Shakespeare plays@975872,-1,167,9.439866682211202,790.6067363656349,4.15602489727859
XLM-R table,Shakespeare plays,Shakespeare plays@1012992,-1,144,6.939247194469812,91.65290774117442,4.117233142483719
XLM-R table,Shakespeare plays,Shakespeare plays@1033216,-1,138,6.502937414440164,248.31534937872868,4.229101849982815
XLM-R table,Shakespeare plays,Shakespeare plays@1056768,-1,147,7.435502023952054,383.0293931107147,4.095979927245929
XLM-R table,Shakespeare plays,Shakespeare plays@1081088,-1,113,5.073453103681655,60.70418216332551,4.172413194220045
XLM-R table,Shakespeare plays,Shakespeare plays@1083904,-1,164,8.778926450811417,111.34029720200401,4.2133657335909565
XLM-R table,Shakespeare plays,Shakespeare plays@1084160,-1,143,7.280014370216425,909.0257341702874,4.183743941196337
XLM-R table,Shakespeare plays,Shakespeare plays@1146880,-1,130,6.553973791849653,603.4645597396594,4.0833837595353994
XLM-R table,Shakespeare plays,Shakespeare plays@1260800,-1,55,2.6343901277598025,104.43524775731089,4.052885115685558
XLM-R table,Shakespeare plays,Shakespeare plays@1270272,-1,133,6.36711487261536,203.2474865765389,4.12712733780301
XLM-R table,Shakespeare plays,Shakespeare plays@1314048,-1,146,8.318578828757241,421.5198429301869,4.101788722508687
XLM-R table,Shakespeare plays,Shakespeare plays@1338112,-1,117,5.504276788683879,292.21775355857085,3.956914117523871
XLM-R table,Shakespeare plays,Shakespeare plays@1405696,-1,158,10.461705924669404,591.9422553090384,4.117157735736297
XLM-R table,Baudelaire poems,Baudelaire poems@1536,-1,168,11.207563362491534,173.75906873643538,4.316389013464283
XLM-R table,Baudelaire poems,Baudelaire poems@1792,-1,174,11.78476610515117,424.03507468254753,4.323314808343971
XLM-R table,Baudelaire poems,Baudelaire poems@3072,-1,184,17.285967094756714,,4.335074588935905
XLM-R table,Baudelaire poems,Baudelaire poems@3840,-1,168,12.285616295484958,819.8438728201853,4.292311926194388
XLM-R table,Baudelaire poems,Baudelaire poems@6656,-1,176,10.714544072758434,558.3075349199434,4.295241075469262
XLM-R table,Baudelaire poems,Baudelaire poems@7168,-1,160,9.261850156312113,434.40256001695906,4.267619709363663
XLM-R table,Baudelaire poems,Baudelaire poems@10496,-1,175,10.254173838020424,96.4289306148608,4.26344239205841
XLM-R table,Baudelaire poems,Baudelaire poems@13312,-1,167,11.417052184669396,192.92304376559647,4.319673763452864
XLM-R table,Baudelaire poems,Baudelaire poems@13568,-1,174,10.976532210757194,270.2422464325947,4.331836288778673
XLM-R table,Baudelaire poems,Baudelaire poems@16128,-1,177,12.849858558866126,683.1413269990576,4.327290572760305
XLM-R table,Baudelaire poems,Baudelaire poems@17408,-1,170,10.398748742889316,482.94879809800653,4.27112729348986
XLM-R table,Baudelaire poems,Baudelaire poems@18688,-1,163,11.508314546272308,729.0754464669575,4.2818075317207285
XLM-R table,Baudelaire poems,Baudelaire poems@18944,-1,167,9.482533268433338,78.45576215113748,4.309074876257293
XLM-R table,Baudelaire poems,Baudelaire poems@19456,-1,167,10.891380736506173,1735.4344773269036,4.292265940220334
XLM-R table,Baudelaire poems,Baudelaire poems@20224,-1,163,11.155592467104073,284.5920675527319,4.310387404938429
XLM-R table,Baudelaire poems,Baudelaire poems@21504,-1,172,11.447945264131633,624.2286409311528,4.3656903698678216
XLM-R table,Baudelaire poems,Baudelaire poems@24064,-1,182,14.652183625423325,183.09073184745205,4.301267408523361
XLM-R table,Baudelaire poems,Baudelaire poems@25088,-1,178,15.126831279379685,418.894894289703,4.280727491185427
XLM-R table,Baudelaire poems,Baudelaire poems@27904,-1,179,14.809630862053188,200.84606423675243,4.330649396501567
XLM-R table,Baudelaire poems,Baudelaire poems@29696,-1,170,12.01163764269999,699.5541722814611,4.261077921329407
XLM-R table,Baudelaire poems,Baudelaire poems@31744,-1,164,10.526792313145146,318.9392472623555,4.282604294981699
XLM-R table,Baudelaire poems,Baudelaire poems@32256,-1,187,14.132300711936528,4164.675327491009,4.34491888705484
XLM-R table,Baudelaire poems,Baudelaire poems@33536,-1,137,6.697631390144984,,4.236380583208872
XLM-R table,Baudelaire poems,Baudelaire poems@34816,-1,182,13.751927226327984,276.20408971130007,4.325008923316103
XLM-R table,Baudelaire poems,Baudelaire poems@35584,-1,175,14.120260379109773,532.4117711202534,4.294651285501062
XLM-R table,Baudelaire poems,Baudelaire poems@36096,-1,176,10.796829105617668,129.20167432802475,4.314164886746008
XLM-R table,Baudelaire poems,Baudelaire poems@37632,-1,152,7.904953077054505,,4.358288327057407
XLM-R table,Baudelaire poems,Baudelaire poems@38144,-1,139,6.644372731084506,301.1505289921652,4.320380898640467
XLM-R table,Baudelaire poems,Baudelaire poems@38400,-1,172,11.333608272074272,211.99669436385867,4.337084524866553
XLM-R table,Baudelaire poems,Baudelaire poems@38912,-1,166,10.224847049637484,,4.328250454520986
XLM-R table,Mallarmé poems,Mallarmé poems@0,-1,181,12.145569139123067,1422.2300164668686,4.3276750047663395
XLM-R table,Mallarmé poems,Mallarmé poems@768,-1,179,14.53540284593925,,4.235828874558705
XLM-R table,Mallarmé poems,Mallarmé poems@1024,-1,176,10.918400942054882,263.5772059683869,4.357022829155262
XLM-R table,Mallarmé poems,Mallarmé poems@1792,-1,180,13.139349190515283,449.4116628569413,4.347585467638274
XLM-R table,Mallarmé poems,Mallarmé poems@2048,-1,167,10.3691134402228,236.21220247146852,4.271333327943925
XLM-R table,Mallarmé poems,Mallarmé poems@3072,-1,180,12.864668386505087,353.5891617343222,4.310520069484099
XLM-R table,Mallarmé poems,Mallarmé poems@3328,-1,175,12.30214874255204,,4.302673095175562
XLM-R table,Mallarmé poems,Mallarmé poems@4096,-1,175,10.65969620783523,368.1385837888503,4.320743036665987
XLM-R table,Mallarmé poems,Mallarmé poems@4608,-1,183,12.839176441799202,69752.231831744,4.354023618296943
XLM-R table,Mallarmé poems,Mallarmé poems@5120,-1,176,12.618435726506803,278.68201234826086,4.313109595861903
XLM-R table,Mallarmé poems,Mallarmé poems@6144,-1,160,10.348447721522502,122.1329775188637,4.306019458607587
XLM-R table,Mallarmé poems,Mallarmé poems@6400,-1,137,6.933175309617087,374.9735929558792,4.242904730621796
XLM-R table,Mallarmé poems,Mallarmé poems@6656,-1,156,10.155432326737285,365.20308512469995,4.21804118545089
XLM-R table,Mallarmé poems,Mallarmé poems@8448,-1,182,20.03980063688766,645.4765402899889,4.3155760760749615
XLM-R table,Mallarmé poems,Mallarmé poems@8960,-1,178,13.214546422154593,278.34651159951363,4.284440794971743
XLM-R table,Mallarmé poems,Mallarmé poems@9216,-1,169,10.477075072362632,,4.299466893164485
XLM-R table,Mallarmé poems,Mallarmé poems@9472,-1,182,14.605019375935667,430.17912631289244,4.349427451818327
XLM-R table,Mallarmé poems,Mallarmé poems@9728,-1,176,12.31962308939147,386.79975293346104,4.258494746415293
XLM-R table,Mallarmé poems,Mallarmé poems@10240,-1,179,17.493545064861113,,4.296365134294542
XLM-R table,Mallarmé poems,Mallarmé poems@10496,-1,164,10.41975411401535,577.7408904175504,4.281988154567148
XLM-R table,Mallarmé poems,Mallarmé poems@10752,-1,194,17.733107988837123,80.83893751361065,4.4570869626028164
XLM-R table,Mallarmé poems,Mallarmé poems@11008,-1,184,12.919661865337169,194.42154503571217,4.344396984434205
XLM-R table,Mallarmé poems,Mallarmé poems@11264,-1,188,15.482033608252413,178.0102953776215,4.374860051722498
XLM-R table,Mallarmé poems,Mallarmé poems@11520,-1,192,16.34826447669397,605.5581749558339,4.418209856621135
XLM-R table,Mallarmé poems,Mallarmé poems@11776,-1,177,13.608098275190569,108.501367581754,4.285687515373395
XLM-R table,Mallarmé poems,Mallarmé poems@12288,-1,172,10.151893558364653,,4.415380367844034
XLM-R table,Mallarmé poems,Mallarmé poems@13312,-1,192,14.248001015092468,493.6227115575752,4.359666797969197
XLM-R table,Mallarmé poems,Mallarmé poems@13568,-1,195,14.697941166581359,2703.9789726628687,4.414168810985622
XLM-R table,Mallarmé poems,Mallarmé poems@14336,-1,187,14.080384469311147,,4.45481889063519
XLM-R table,Mallarmé poems,Mallarmé poems@15104,-1,178,12.135743343154742,183.28375356313126,4.291694992568955
XLM-R table,Beckett L'Innommable,Beckett L'Innommable@5632,-1,157,8.501180984786567,,4.287465204909777
XLM-R table,Beckett L'Innommable,Beckett L'Innommable@11264,-1,132,7.674540738976032,3152.5610707587753,4.145879260038225
XLM-R table,Beckett L'Innommable,Beckett L'Innommable@12288,-1,159,9.49291241407093,,4.238015271230167
XLM-R table,Beckett L'Innommable,Beckett L'Innommable@18688,-1,148,10.388472328449685,256.183443015047,4.209257964612366
XLM-R table,Beckett L'Innommable,Beckett L'Innommable@19712,-1,150,8.09880457412848,,4.199613996556758
XLM-R table,Beckett L'Innommable,Beckett L'Innommable@20480,-1,164,12.149072682231742,322.4767222157697,4.254975737873706
XLM-R table,Beckett L'Innommable,Beckett L'Innommable@21760,-1,144,7.785582679141659,2348.4023295380025,4.173367792807572
XLM-R table,Beckett L'Innommable,Beckett L'Innommable@23040,-1,157,9.50557882647474,849.9032376591656,4.211842307708531
XLM-R table,Beckett L'Innommable,Beckett L'Innommable@24320,-1,153,8.539014158433964,,4.232609386608718
XLM-R table,Beckett L'Innommable,Beckett L'Innommable@26368,-1,162,9.930234632027135,1035.1138206643514,4.2577557204913
XLM-R table,Beckett L'Innommable,Beckett L'Innommable@29952,-1,169,11.13129333057814,,4.225169128747428
XLM-R table,Beckett L'Innommable,Beckett L'Innommable@37888,-1,159,9.17191172353383,,4.237848504405603
XLM-R table,Beckett L'Innommable,Beckett L'Innommable@42496,-1,145,7.599491777637609,,4.157422927597473
XLM-R table,Beckett L'Innommable,Beckett L'Innommable@49920,-1,123,6.282976766553577,96.63942961584226,4.1761243737036935
XLM-R table,Beckett L'Innommable,Beckett L'Innommable@51456,-1,152,9.543724009813419,865.895774351409,4.202111804066107
XLM-R table,Beckett L'Innommable,Beckett L'Innommable@54016,-1,122,5.977159332126142,1854.7605406510609,4.141509611661947
XLM-R table,Beckett L'Innommable,Beckett L'Innommable@54272,-1,105,5.200289886617207,,4.058577092723249
XLM-R table,Beckett L'Innommable,Beckett L'Innommable@56576,-1,143,7.102768791861865,,4.2306573239852625
XLM-R table,Beckett L'Innommable,Beckett L'Innommable@67840,-1,116,6.2077396512590255,,4.107770215269506
XLM-R table,Beckett L'Innommable,Beckett L'Innommable@71168,-1,103,4.958052872095728,128.96259655019063,4.079296883641673
XLM-R table,Beckett L'Innommable,Beckett L'Innommable@71424,-1,108,5.5907787997338945,,4.048414245727942
XLM-R table,Beckett L'Innommable,Beckett L'Innommable@72704,-1,109,5.563879320617453,,4.093328615772906
XLM-R table,Beckett L'Innommable,Beckett L'Innommable@73984,-1,116,5.783131033225335,4055.4465316480178,4.1191198792633275
XLM-R table,Beckett L'Innommable,Beckett L'Innommable@75776,-1,132,7.030608567598937,,4.111979068824153
XLM-R table,Beckett L'Innommable,Beckett L'Innommable@77056,-1,135,6.7132373619816335,1956.6044374559988,4.212247135729934
XLM-R table,Beckett L'Innommable,Beckett L'Innommable@79616,-1,122,5.813218030700127,,4.1240021794818045
XLM-R table,Beckett L'Innommable,Beckett L'Innommable@80384,-1,134,6.944513765387669,1743.7573040673647,4.1563349321493686
XLM-R table,Beckett L'Innommable,Beckett L'Innommable@85504,-1,95,4.398251597260777,149.63140201477518,4.101693385146568
XLM-R table,Beckett L'Innommable,Beckett L'Innommable@90624,-1,124,6.7874134511631645,,4.073620408917448
XLM-R table,Beckett L'Innommable,Beckett L'Innommable@91392,-1,110,4.983898622080107,314.892795280442,4.094074524177216
XLM-R table,Ramanujan proof (Andrews ch.5),Ramanujan proof (Andrews ch.5)@0,-1,141,7.322932175536361,72.64178653931056,4.1638627298040145
XLM-R table,Ramanujan proof (Andrews ch.5),Ramanujan proof (Andrews ch.5)@256,-1,169,10.130601930909286,124.08244580024699,4.113185059473841
XLM-R table,Ramanujan proof (Andrews ch.5),Ramanujan proof (Andrews ch.5)@768,-1,168,10.326687629624505,852.8332046758849,4.1342255873439
XLM-R table,Ramanujan proof (Andrews ch.5),Ramanujan proof (Andrews ch.5)@1024,-1,154,9.459603119065383,264.7923747405265,4.095943473220679
XLM-R table,Ramanujan proof (Andrews ch.5),Ramanujan proof (Andrews ch.5)@1280,-1,163,8.605145809504087,90.16334770943695,4.162121241896796
XLM-R table,Ramanujan proof (Andrews ch.5),Ramanujan proof (Andrews ch.5)@1536,-1,153,7.399426649830512,267.7214872555673,4.167498578600615
XLM-R table,Ramanujan proof (Andrews ch.5),Ramanujan proof (Andrews ch.5)@2048,-1,134,6.00040679589593,68.36885422210703,4.100050909756182
XLM-R table,Ramanujan proof (Andrews ch.5),Ramanujan proof (Andrews ch.5)@2304,-1,149,7.242686115348484,85.66457890809049,4.116481093478548
XLM-R table,Ramanujan proof (Andrews ch.5),Ramanujan proof (Andrews ch.5)@2560,-1,154,8.373328456832665,1132.5535732026804,4.132027008072477
XLM-R table,Ramanujan proof (Andrews ch.5),Ramanujan proof (Andrews ch.5)@2816,-1,158,8.708597512518566,117.53500435870662,4.134644425085524
XLM-R table,Ramanujan proof (Andrews ch.5),Ramanujan proof (Andrews ch.5)@3072,-1,146,6.6697277305391625,94.07995374565256,4.107907451103797
XLM-R table,Ramanujan proof (Andrews ch.5),Ramanujan proof (Andrews ch.5)@3328,-1,141,6.038063977977906,69.65406027219422,4.078739400181201
XLM-R table,Ramanujan proof (Andrews ch.5),Ramanujan proof (Andrews ch.5)@3584,-1,143,6.920827480355254,52.04371641858122,4.068764289956453
XLM-R table,Ramanujan proof (Andrews ch.5),Ramanujan proof (Andrews ch.5)@3840,-1,140,6.753501921653847,72.84503738221589,4.052245846866025
XLM-R table,Ramanujan proof (Andrews ch.5),Ramanujan proof (Andrews ch.5)@4096,-1,138,5.791907988981204,47.07480138482276,4.0371658387558345
XLM-R table,Ramanujan proof (Andrews ch.5),Ramanujan proof (Andrews ch.5)@5120,-1,128,5.401512568977651,51.69700091762039,4.096540468470625
XLM-R table,Ramanujan proof (Andrews ch.5),Ramanujan proof (Andrews ch.5)@5376,-1,151,7.280179301737335,474668.3984917816,4.172936437970591
XLM-R table,Ramanujan proof (Andrews ch.5),Ramanujan proof (Andrews ch.5)@5632,-1,151,8.243092045764756,79.4087786954266,4.076866877621663
XLM-R table,Ramanujan proof (Andrews ch.5),Ramanujan proof (Andrews ch.5)@5888,-1,167,9.267454627703392,75.34572927071187,4.171700719971384
XLM-R table,Ramanujan proof (Andrews ch.5),Ramanujan proof (Andrews ch.5)@6144,-1,137,6.326316526965448,92.13485497178746,4.01984473287648
XLM-R table,Ramanujan proof (Andrews ch.5),Ramanujan proof (Andrews ch.5)@6400,-1,132,5.70044414124736,59.77810296943596,3.9631832081933567
XLM-R table,Ramanujan proof (Andrews ch.5),Ramanujan proof (Andrews ch.5)@6656,-1,119,4.904632292557056,74.27169986559419,3.921072816447933
XLM-R table,Ramanujan proof (Andrews ch.5),Ramanujan proof (Andrews ch.5)@6912,-1,126,5.186296585214581,43.12389560027051,3.9206375578265713
XLM-R table,Ramanujan proof (Andrews ch.5),Ramanujan proof (Andrews ch.5)@7168,-1,120,5.0626693497476865,92.3616246612631,3.9305153308340977
XLM-R table,Ramanujan proof (Andrews ch.5),Ramanujan proof (Andrews ch.5)@7424,-1,165,8.754803741263794,85.14138451180095,4.285846432001256
XLM-R table,Ramanujan proof (Andrews ch.5),Ramanujan proof (Andrews ch.5)@7680,-1,158,8.571129297209346,39.8649796204753,4.27960221477634
XLM-R table,Ramanujan proof (Andrews ch.5),Ramanujan proof (Andrews ch.5)@7936,-1,130,6.724250838052634,72.73347083148485,4.110551159298642
XLM-R table,Ramanujan proof (Andrews ch.5),Ramanujan proof (Andrews ch.5)@8192,-1,92,3.819320266526988,66.39250782029876,4.033609236406754
XLM-R table,Ramanujan proof (Andrews ch.5),Ramanujan proof (Andrews ch.5)@8448,-1,118,5.581188098159413,59.4731350120727,4.053119625814535
XLM-R table,Ramanujan proof (Andrews ch.5),Ramanujan proof (Andrews ch.5)@8704,-1,120,5.7116852208723,112.09272717761105,4.021930403131563
XLM-R table,Math ch.1 (elementary),Math ch.1 (elementary)@0,-1,142,7.043124468428615,135.58559208285794,4.078543245879523
XLM-R table,Math ch.1 (elementary),Math ch.1 (elementary)@256,-1,135,6.247184279244228,58.063407848874505,4.041151804086537
XLM-R table,Math ch.1 (elementary),Math ch.1 (elementary)@512,-1,97,4.6001827162662785,30.80319058196015,3.684659597702188
XLM-R table,Math ch.1 (elementary),Math ch.1 (elementary)@768,-1,100,3.854837160037889,33.17221455103624,3.9557727089617916
XLM-R table,Math ch.1 (elementary),Math ch.1 (elementary)@1024,-1,90,3.649871426188978,20.530814469955573,3.6217697092120105
XLM-R table,Math ch.1 (elementary),Math ch.1 (elementary)@1280,-1,159,9.063494161050734,94.48174826223148,4.153178024138465
XLM-R table,Math ch.1 (elementary),Math ch.1 (elementary)@1536,-1,116,5.208860333684192,155.89559692798852,4.0990473854617395
XLM-R table,Math ch.1 (elementary),Math ch.1 (elementary)@1792,-1,124,5.380630862183843,67.39655002982111,4.075082706203506
XLM-R table,Math ch.1 (elementary),Math ch.1 (elementary)@2048,-1,144,7.082743499224629,270.99597337024056,4.12649626000405
XLM-R table,Math ch.1 (elementary),Math ch.1 (elementary)@2304,-1,141,6.765397751067842,66.85274985871959,4.088795228101011
XLM-R table,Math ch.1 (elementary),Math ch.1 (elementary)@2560,-1,147,6.871183369038641,71.3743499136679,4.106065241389669
XLM-R table,Math ch.1 (elementary),Math ch.1 (elementary)@2816,-1,132,6.31273634897515,125.09965039707166,4.028506461545569
XLM-R table,Math ch.1 (elementary),Math ch.1 (elementary)@3072,-1,95,4.224343499910302,130.12390794921748,3.9569182887052667
XLM-R table,Math ch.1 (elementary),Math ch.1 (elementary)@3328,-1,129,5.724670982467937,97.8790830303207,4.099758119791897
XLM-R table,Math ch.1 (elementary),Math ch.1 (elementary)@3584,-1,99,4.738824949231582,242.78060105264294,3.840434182885108
XLM-R table,Math ch.1 (elementary),Math ch.1 (elementary)@3840,-1,126,6.553219991462402,141.6831494644184,3.9594458988869183
XLM-R table,Math ch.1 (elementary),Math ch.1 (elementary)@4096,-1,129,6.376337002324823,84.22485149336103,4.018746314723139
XLM-R table,Math ch.1 (elementary),Math ch.1 (elementary)@4352,-1,120,5.023441555767185,83.2974660966148,4.066762224007274
XLM-R table,Math ch.1 (elementary),Math ch.1 (elementary)@4608,-1,100,4.13416065028332,156.84696422953178,4.0120875895409
XLM-R table,Math ch.1 (elementary),Math ch.1 (elementary)@4864,-1,131,6.105531580611518,60.82082041378148,4.023058861825644
XLM-R table,Math ch.1 (elementary),Math ch.1 (elementary)@5120,-1,126,5.23673585797802,962.0214765439396,4.061275502800504
XLM-R table,Math ch.1 (elementary),Math ch.1 (elementary)@5376,-1,89,3.6286218375936623,209.52789951627105,4.0031794881481
XLM-R table,Math ch.1 (elementary),Math ch.1 (elementary)@5632,-1,121,5.194381455828084,695.0115664559104,4.036000083722125
XLM-R table,Math ch.1 (elementary),Math ch.1 (elementary)@5888,-1,122,5.1716236721132764,86.29177561432054,4.063439296564202
XLM-R table,Math ch.1 (elementary),Math ch.1 (elementary)@6144,-1,144,6.926439282160758,64.25170212449886,4.253245309444498
XLM-R table,Math ch.1 (elementary),Math ch.1 (elementary)@6400,-1,121,5.302926339853501,90.12521617431833,4.145985762077828
XLM-R table,Math ch.1 (elementary),Math ch.1 (elementary)@6656,-1,146,9.146851622561273,185.1458137608937,4.020247476352134
XLM-R table,Math ch.1 (elementary),Math ch.1 (elementary)@6912,-1,122,6.362760905402392,107.83089011907985,4.023457827913938
XLM-R table,Math ch.1 (elementary),Math ch.1 (elementary)@7168,-1,146,7.957955923038749,135.86932124212186,4.102344798853547
XLM-R table,Math ch.13 (combinatorics),Math ch.13 (combinatorics)@0,-1,159,8.124329742946571,126.4829869918967,4.2228444836238275
XLM-R table,Math ch.13 (combinatorics),Math ch.13 (combinatorics)@256,-1,159,9.439898492541266,166.4926822244822,4.160388540459296
XLM-R table,Math ch.13 (combinatorics),Math ch.13 (combinatorics)@512,-1,106,4.597213054032392,63.04835606410852,4.0160067552025716
XLM-R table,Math ch.13 (combinatorics),Math ch.13 (combinatorics)@768,-1,115,4.898265094102226,101.09448387464369,4.039619361261815
XLM-R table,Math ch.13 (combinatorics),Math ch.13 (combinatorics)@1024,-1,81,3.9866949645392005,94.59314907775217,3.676830292956671
XLM-R table,Math ch.13 (combinatorics),Math ch.13 (combinatorics)@1280,-1,135,6.2914087905247404,114.8832667969704,4.074625446417695
XLM-R table,Math ch.13 (combinatorics),Math ch.13 (combinatorics)@1792,-1,128,5.245106103092159,51.596418554271985,3.972757645919767
XLM-R table,Math ch.13 (combinatorics),Math ch.13 (combinatorics)@2048,-1,116,4.825731355172057,118.16201941003703,4.032136227203977
XLM-R table,Math ch.13 (combinatorics),Math ch.13 (combinatorics)@2560,-1,124,5.96337247785635,227.33914704714607,3.940753131522656
XLM-R table,Math ch.13 (combinatorics),Math ch.13 (combinatorics)@2816,-1,122,5.660711264178445,131.30290184164105,3.9977614742450114
XLM-R table,Math ch.13 (combinatorics),Math ch.13 (combinatorics)@3072,-1,138,6.264204974546601,165.14699173928236,4.152420506666428
XLM-R table,Math ch.13 (combinatorics),Math ch.13 (combinatorics)@3328,-1,142,6.334658650010262,80.15479194428352,4.148947268020756
XLM-R table,Math ch.13 (combinatorics),Math ch.13 (combinatorics)@3584,-1,121,5.8087747292326775,359.9722741216788,4.0151132491717725
XLM-R table,Math ch.13 (combinatorics),Math ch.13 (combinatorics)@3840,-1,116,4.899866759386135,45.69310423035804,4.0599530810939015
XLM-R table,Math ch.13 (combinatorics),Math ch.13 (combinatorics)@4352,-1,121,4.955188818716749,37.76868507274565,4.080566301208373
XLM-R table,Math ch.13 (combinatorics),Math ch.13 (combinatorics)@4608,-1,130,5.452039526691014,42.9225390265755,4.029176750300646
XLM-R table,Math ch.13 (combinatorics),Math ch.13 (combinatorics)@4864,-1,145,8.090719970363331,67.14113908561012,4.096692005636831
XLM-R table,Math ch.13 (combinatorics),Math ch.13 (combinatorics)@5120,-1,121,4.807758442092491,40.975625098965956,4.0889327928170065
XLM-R table,Math ch.13 (combinatorics),Math ch.13 (combinatorics)@5376,-1,134,6.0629380553120695,115.03892885442367,3.999976950536637
XLM-R table,Math ch.13 (combinatorics),Math ch.13 (combinatorics)@5632,-1,144,6.0438397135889375,47.513758220216594,4.130598207848557
XLM-R table,Math ch.13 (combinatorics),Math ch.13 (combinatorics)@5888,-1,118,4.899675581849304,47.61033382885288,4.00045839928665
XLM-R table,Math ch.13 (combinatorics),Math ch.13 (combinatorics)@6400,-1,127,5.685615374849309,65.8348099430114,4.014811311526838
XLM-R table,Math ch.13 (combinatorics),Math ch.13 (combinatorics)@6912,-1,56,3.023133691975119,46.71950355784385,3.354936245497755
XLM-R table,Math ch.13 (combinatorics),Math ch.13 (combinatorics)@7168,-1,32,1.9523222896890104,,3.1859241351238725
XLM-R table,Math ch.13 (combinatorics),Math ch.13 (combinatorics)@7424,-1,20,1.6140871405847752,,3.0427871669127633
XLM-R table,Math ch.13 (combinatorics),Math ch.13 (combinatorics)@7680,-1,129,5.826292258048521,51.58012605620342,4.122133710376298
XLM-R table,Math ch.13 (combinatorics),Math ch.13 (combinatorics)@7936,-1,159,7.604862767021724,60.155479675254064,4.279012840980875
XLM-R table,Math ch.13 (combinatorics),Math ch.13 (combinatorics)@8192,-1,139,7.485553104230935,67.47860971165555,4.1338278241926565
XLM-R table,Math ch.13 (combinatorics),Math ch.13 (combinatorics)@8448,-1,138,6.730023172834898,85.83338712602608,4.118860228659004
XLM-R table,Math ch.13 (combinatorics),Math ch.13 (combinatorics)@8704,-1,137,7.27891456150945,204.22832072969527,4.134163024732848
XLM-R table,Poe tales (English),tale4@0.197,0,153,9.17519566516767,,3.9960822282440125
XLM-R table,Poe tales (English),tale5@0.489,1,166,9.937391737333312,2324.514017033299,4.046048677667899
XLM-R table,Poe tales (English),tale6@0.183,2,163,9.791678041826245,295.55384836634397,4.0188541027494935
XLM-R table,Poe tales (English),tale6@0.801,3,153,9.135008785044947,585.999439143185,4.110562112092256
XLM-R table,Poe tales (English),tale4@0.814,4,156,10.048914117349906,550.6471089180932,4.048863271370314
XLM-R table,Poe tales (English),tale4@0.655,5,161,9.790015149242008,,4.116173062297966
XLM-R table,Poe tales (English),tale6@0.065,6,151,9.818185552907886,131.48886880017366,4.037820526255186
XLM-R table,Poe tales (English),tale5@0.382,7,164,10.934115025094755,365.7059631485824,4.110033175593053
XLM-R table,Poe tales (English),tale3@0.994,8,158,9.15843085262361,,4.096849308563931
XLM-R table,Poe tales (English),tale5@0.486,9,156,8.924383042340134,203.3098559964017,4.082933295042935
XLM-R table,Poe tales (English),tale4@0.878,10,175,16.256577352444094,,4.115425770260368
XLM-R table,Poe tales (English),tale0@0.708,11,165,15.101168409799179,297.1214061379713,4.066035153068913
XLM-R table,Poe tales (English),tale5@0.799,12,161,10.314205752994761,,4.058708631082114
XLM-R table,Poe tales (English),tale3@0.797,13,165,10.250401306482368,435.22689362246416,4.070944205702973
XLM-R table,Poe tales (English),tale1@0.362,14,160,10.239219270795784,,4.167924911320935
XLM-R table,Poe tales (English),tale4@0.541,15,153,9.286233201610036,383.9515607700181,4.066696936814806
XLM-R table,Poe tales (English),tale0@0.407,16,179,13.80054509831122,144.11774836535446,4.218826256698922
XLM-R table,Poe tales (English),tale0@0.744,17,160,10.02593977581794,,4.1433225598109145
XLM-R table,Poe tales (English),tale5@0.139,18,174,12.414907422360878,26581.70542197683,4.085840544489765
XLM-R table,Poe tales (English),tale5@0.821,19,157,8.910553695861966,432.24836880373164,4.0906446762181705
XLM-R table,Poe tales (English),tale6@0.844,20,162,14.23984111948341,,4.068695703026217
XLM-R table,Poe tales (English),tale4@0.980,21,142,7.04391055454143,700.5257637055633,4.17778319798647
XLM-R table,Poe tales (English),tale6@0.504,22,113,4.741018021663924,253.367772094679,4.006503494053847
XLM-R table,Poe tales (English),tale5@0.914,23,166,11.176307186068092,449.5781374457524,4.1163208112188086
XLM-R table,Poe tales (English),tale4@0.864,24,165,10.500055895233622,186.63347389169664,4.07746599165689
XLM-R table,Poe tales (English),tale5@0.294,25,165,12.651231145008197,264.2156291843126,4.088786663074233
XLM-R table,Poe tales (English),tale5@0.571,26,156,8.430869776827045,213.85789222310632,4.073604514930718
XLM-R table,Poe tales (English),tale0@0.391,27,152,8.091663629819402,337.23464023040754,4.071418379880998
XLM-R table,Poe tales (English),tale0@0.476,28,175,12.60278643049269,,4.169686373369064
XLM-R table,Poe tales (English),tale4@0.424,29,174,15.1654519128832,703.0119674448367,4.112482469778533
XLM-R table,"Poe tales (French, Baudelaire)",tale4@0.197,0,65,3.2181814463915024,2706.946057191092,4.0360766182680905
XLM-R table,"Poe tales (French, Baudelaire)",tale5@0.489,1,156,9.307202546362022,169.86125383676662,4.266437060042863
XLM-R table,"Poe tales (French, Baudelaire)",tale6@0.183,2,64,3.032778973395592,237.69264362108984,4.039629208385069
XLM-R table,"Poe tales (French, Baudelaire)",tale6@0.801,3,147,7.646614674073923,278.74263531219805,4.316659345539855
XLM-R table,"Poe tales (French, Baudelaire)",tale4@0.814,4,170,10.319282188260035,453.6901879245486,4.287100327211409
XLM-R table,"Poe tales (French, Baudelaire)",tale4@0.655,5,165,10.33375476514029,,4.299931224995333
XLM-R table,"Poe tales (French, Baudelaire)",tale6@0.065,6,64,2.9281488733913696,990.5439454891738,4.038319078197345
XLM-R table,"Poe tales (French, Baudelaire)",tale5@0.382,7,66,3.002814676243009,120.24752241656405,4.016046717383251
XLM-R table,"Poe tales (French, Baudelaire)",tale3@0.994,8,168,10.173508856508583,,4.279878495396332
XLM-R table,"Poe tales (French, Baudelaire)",tale5@0.486,9,163,9.824411876968425,231.84764719589134,4.312996804978341
XLM-R table,"Poe tales (French, Baudelaire)",tale4@0.878,10,155,9.23356068770333,,4.224858361804862
XLM-R table,"Poe tales (French, Baudelaire)",tale0@0.708,11,176,11.69446821367625,,4.314107241086068
XLM-R table,"Poe tales (French, Baudelaire)",tale5@0.799,12,167,12.008852271818037,176.2399381702719,4.234649023681657
XLM-R table,"Poe tales (French, Baudelaire)",tale3@0.797,13,177,14.560942841911377,85.37992301583569,4.282442080292814
XLM-R table,"Poe tales (French, Baudelaire)",tale1@0.362,14,64,3.555297956793641,200.3763852273642,4.02736666721798
XLM-R table,"Poe tales (French, Baudelaire)",tale4@0.541,15,175,11.04841519634192,3585.6390934795477,4.31840471694404
XLM-R table,"Poe tales (French, Baudelaire)",tale0@0.407,16,173,14.173820799112676,,4.3270747840735195
XLM-R table,"Poe tales (French, Baudelaire)",tale0@0.744,17,168,11.154489774186233,309.8734213656686,4.271227351827632
XLM-R table,"Poe tales (French, Baudelaire)",tale5@0.139,18,64,3.119628929491619,2021.3416180943047,4.042659104478103
XLM-R table,"Poe tales (French, Baudelaire)",tale5@0.821,19,158,9.131933571260548,145.57321288704443,4.2682157047190685
XLM-R table,"Poe tales (French, Baudelaire)",tale6@0.844,20,158,9.689521653862208,,4.325811611632414
XLM-R table,"Poe tales (French, Baudelaire)",tale4@0.980,21,161,9.389786021272249,783.6000319508048,4.249415095368038
XLM-R table,"Poe tales (French, Baudelaire)",tale6@0.504,22,156,8.913476853235135,4396.252475896086,4.197111061559419
XLM-R table,"Poe tales (French, Baudelaire)",tale5@0.914,23,157,9.326868090194088,,4.254241131451627
XLM-R table,"Poe tales (French, Baudelaire)",tale4@0.864,24,145,7.286137452778909,67.9344990742384,4.167724509716818
XLM-R table,"Poe tales (French, Baudelaire)",tale5@0.294,25,64,2.93637545573467,610.2135511189842,4.0044926683862645
XLM-R table,"Poe tales (French, Baudelaire)",tale5@0.571,26,155,7.851464930267652,,4.22104102623439
XLM-R table,"Poe tales (French, Baudelaire)",tale0@0.391,27,168,10.9556955701834,,4.30031837225217
XLM-R table,"Poe tales (French, Baudelaire)",tale0@0.476,28,162,11.487821726574055,249.6643511633725,4.269651729461262
XLM-R table,"Poe tales (French, Baudelaire)",tale4@0.424,29,159,10.390345596234837,94.95671711448597,4.229285987868268
Qwen table,Shakespeare sonnets,Shakespeare sonnets@0,-1,166,10.146155019988585,424.43583536054706,0.44187131572803834
Qwen table,Shakespeare sonnets,Shakespeare sonnets@256,-1,170,9.032371167642102,324.4389677719765,0.44657790405164877
Qwen table,Shakespeare sonnets,Shakespeare sonnets@512,-1,174,9.755582599141059,139.83531803112186,0.44535341260775785
Qwen table,Shakespeare sonnets,Shakespeare sonnets@1280,-1,161,8.851238295091221,309.9265444345951,0.4434412155347489
Qwen table,Shakespeare sonnets,Shakespeare sonnets@3072,-1,157,8.338830720004138,541.2509783670126,0.4388651202913079
Qwen table,Shakespeare sonnets,Shakespeare sonnets@4352,-1,170,10.758917779488423,1227.2477826432757,0.4394616614187754
Qwen table,Shakespeare sonnets,Shakespeare sonnets@5120,-1,178,10.701224403057337,119.53095785018877,0.43901715336717695
Qwen table,Shakespeare sonnets,Shakespeare sonnets@5632,-1,163,8.907535309512761,166.356610031119,0.4391845833873884
Qwen table,Shakespeare sonnets,Shakespeare sonnets@8192,-1,165,9.091779307967062,355.7188753719839,0.44684209780456846
Qwen table,Shakespeare sonnets,Shakespeare sonnets@8448,-1,152,7.46543345880954,153.9207793214383,0.43403625261609113
Qwen table,Shakespeare sonnets,Shakespeare sonnets@9216,-1,164,8.833128809961138,333.8529960587689,0.44962813477440033
Qwen table,Shakespeare sonnets,Shakespeare sonnets@9984,-1,159,7.907405019506618,113.59434014415248,0.4356310008447776
Qwen table,Shakespeare sonnets,Shakespeare sonnets@10752,-1,161,8.704171522911357,,0.43928712103837353
Qwen table,Shakespeare sonnets,Shakespeare sonnets@11264,-1,158,7.9404098409292905,412.4080652592822,0.43098492632641155
Qwen table,Shakespeare sonnets,Shakespeare sonnets@11776,-1,157,7.668838263605625,581.950208388611,0.4358194784713876
Qwen table,Shakespeare sonnets,Shakespeare sonnets@12288,-1,158,8.258582898928593,198.89749371258313,0.4322314452719134
Qwen table,Shakespeare sonnets,Shakespeare sonnets@13056,-1,156,8.059776904610203,246.28002500971195,0.4422028872250316
Qwen table,Shakespeare sonnets,Shakespeare sonnets@14080,-1,168,9.0615446131426,2820.8854966119748,0.44144795396910863
Qwen table,Shakespeare sonnets,Shakespeare sonnets@14336,-1,168,9.395530635412726,93.55636587580675,0.4362912925914543
Qwen table,Shakespeare sonnets,Shakespeare sonnets@16640,-1,164,9.088687912555459,331.19188633672684,0.4412192738797501
Qwen table,Shakespeare sonnets,Shakespeare sonnets@16896,-1,152,7.230328784120001,165.15793387633812,0.4393200156759019
Qwen table,Shakespeare sonnets,Shakespeare sonnets@17408,-1,175,10.368477577885596,,0.44045542586036746
Qwen table,Shakespeare sonnets,Shakespeare sonnets@18432,-1,173,9.520025223260822,170.48523254652454,0.4365434211239877
Qwen table,Shakespeare sonnets,Shakespeare sonnets@18688,-1,176,9.071068229977401,336.421062696192,0.4495624173309203
Qwen table,Shakespeare sonnets,Shakespeare sonnets@18944,-1,172,9.376790074717825,632.6642957028581,0.44362750813485496
Qwen table,Shakespeare sonnets,Shakespeare sonnets@19968,-1,148,6.9742475646775235,380.07629137647405,0.4410757684146104
Qwen table,Shakespeare sonnets,Shakespeare sonnets@20992,-1,163,8.761305444159637,134.21748682171952,0.4394879764172114
Qwen table,Shakespeare sonnets,Shakespeare sonnets@22016,-1,162,7.869013499111245,170.13504418024513,0.43955380525620485
Qwen table,Shakespeare sonnets,Shakespeare sonnets@22272,-1,144,6.7054868053369425,429.95140981727144,0.43878809239976935
Qwen table,Shakespeare sonnets,Shakespeare sonnets@22784,-1,162,8.305856729154614,279.52632658453376,0.4432827006629829
Qwen table,Shakespeare plays,Shakespeare plays@101120,-1,163,7.546307082608334,128.59410790704658,0.4533472847297417
Qwen table,Shakespeare plays,Shakespeare plays@186880,-1,173,9.274268878472055,230.02791545445007,0.45256607940007854
Qwen table,Shakespeare plays,Shakespeare plays@353280,-1,174,9.89752324360972,2092.6609109894694,0.44893267762816413
Qwen table,Shakespeare plays,Shakespeare plays@429824,-1,165,9.04663663873154,946.8257398998495,0.4473103240107162
Qwen table,Shakespeare plays,Shakespeare plays@446976,-1,178,11.098656167255845,110.44386768993887,0.4490738971330344
Qwen table,Shakespeare plays,Shakespeare plays@469504,-1,162,8.569687088683445,513.190443849095,0.44406536425523935
Qwen table,Shakespeare plays,Shakespeare plays@496384,-1,167,8.617519766272784,160.73709513543588,0.4443403976552488
Qwen table,Shakespeare plays,Shakespeare plays@519936,-1,161,9.021898415616855,505.5116114677853,0.44425288853731604
Qwen table,Shakespeare plays,Shakespeare plays@538112,-1,146,6.502459534129326,177.74449839931913,0.4446542749587167
Qwen table,Shakespeare plays,Shakespeare plays@585984,-1,148,7.889054368984538,207.9296093275675,0.45111506521893696
Qwen table,Shakespeare plays,Shakespeare plays@673280,-1,176,10.063261070109641,112.48450631378182,0.4403759169072027
Qwen table,Shakespeare plays,Shakespeare plays@700672,-1,167,9.188172273602325,240.9333097624159,0.4481174306352157
Qwen table,Shakespeare plays,Shakespeare plays@727552,-1,160,8.711046811291364,598.3897804265705,0.44258672269672994
Qwen table,Shakespeare plays,Shakespeare plays@737024,-1,157,7.5410265104139995,128.86881342437923,0.43755915748277846
Qwen table,Shakespeare plays,Shakespeare plays@793344,-1,162,8.357558312180764,129.46748116464016,0.44930882272926753
Qwen table,Shakespeare plays,Shakespeare plays@801280,-1,172,9.588889942916039,162.78068859032606,0.4419662262297951
Qwen table,Shakespeare plays,Shakespeare plays@825600,-1,134,5.883491065598871,137.22512761476426,0.446823484562876
Qwen table,Shakespeare plays,Shakespeare plays@899328,-1,160,8.603020974250514,233.55396000957796,0.45491728453937
Qwen table,Shakespeare plays,Shakespeare plays@933632,-1,165,9.360766230511624,256.64381302701634,0.4427108607880262
Qwen table,Shakespeare plays,Shakespeare plays@952064,-1,180,11.44027792777483,618.7823614252897,0.446717822684339
Qwen table,Shakespeare plays,Shakespeare plays@973824,-1,172,10.318974462900721,420.32849254310514,0.44498799255496707
Qwen table,Shakespeare plays,Shakespeare plays@996608,-1,170,10.953590831470123,321.1736784330829,0.454428732124439
Qwen table,Shakespeare plays,Shakespeare plays@998912,-1,148,6.358167652248839,9541.854905731407,0.4439120214386076
Qwen table,Shakespeare plays,Shakespeare plays@999424,-1,147,7.481402678715022,1484.222964261286,0.45018077591125405
Qwen table,Shakespeare plays,Shakespeare plays@1057280,-1,155,8.236216258619498,130.15107521789662,0.450986377754869
Qwen table,Shakespeare plays,Shakespeare plays@1161984,-1,166,8.242235903854416,112.26928435471,0.44800437828647965
Qwen table,Shakespeare plays,Shakespeare plays@1170944,-1,181,12.366980881055527,142.3388736996924,0.4474322594000615
Qwen table,Shakespeare plays,Shakespeare plays@1211136,-1,132,5.720394390810857,145.1604494235738,0.4352017808541357
Qwen table,Shakespeare plays,Shakespeare plays@1233408,-1,175,10.988693796197552,857.6428577581357,0.4444504706418282
Qwen table,Shakespeare plays,Shakespeare plays@1295616,-1,158,8.019651931428504,95.25071957191176,0.45097816277463804
Qwen table,Baudelaire poems,Baudelaire poems@1792,-1,188,12.923364774081675,,0.46558668496996064
Qwen table,Baudelaire poems,Baudelaire poems@3328,-1,187,12.779348819896512,4794.912403797278,0.4643024964710366
Qwen table,Baudelaire poems,Baudelaire poems@4096,-1,193,17.100569982076397,,0.4655629962198119
Qwen table,Baudelaire poems,Baudelaire poems@7168,-1,175,10.123519098155517,577.9740934282972,0.4644886495862776
Qwen table,Baudelaire poems,Baudelaire poems@7680,-1,172,8.678940012825725,588.113934215506,0.4578805133422592
Qwen table,Baudelaire poems,Baudelaire poems@11264,-1,194,12.376897183819976,167.94734016353198,0.4640369495680347
Qwen table,Baudelaire poems,Baudelaire poems@14336,-1,175,11.802961474532635,660.2190028068073,0.46851834905747514
Qwen table,Baudelaire poems,Baudelaire poems@16896,-1,172,11.242404124448498,,0.4655074726925298
Qwen table,Baudelaire poems,Baudelaire poems@18432,-1,180,10.711703526359592,168.8921733814712,0.4693339178663353
Qwen table,Baudelaire poems,Baudelaire poems@19968,-1,171,9.10971189999349,257.0968176657293,0.45984956077734723
Qwen table,Baudelaire poems,Baudelaire poems@20224,-1,185,12.642238727225214,1397.9293814368614,0.4669441153199303
Qwen table,Baudelaire poems,Baudelaire poems@20736,-1,175,10.445138894905787,144.5582759980657,0.4573301663027152
Qwen table,Baudelaire poems,Baudelaire poems@21504,-1,149,7.539812972681706,,0.4719357947806693
Qwen table,Baudelaire poems,Baudelaire poems@23040,-1,193,13.09661082697943,939.1938268060011,0.4667041185964294
Qwen table,Baudelaire poems,Baudelaire poems@25344,-1,186,12.329508273860364,177.09818691020956,0.46602590073814326
Qwen table,Baudelaire poems,Baudelaire poems@25600,-1,180,12.829102286425487,,0.4624001657093778
Qwen table,Baudelaire poems,Baudelaire poems@26880,-1,181,11.880147088282724,1652.6455666290929,0.46422595182256604
Qwen table,Baudelaire poems,Baudelaire poems@29696,-1,194,13.187803269376298,,0.4649619745720725
Qwen table,Baudelaire poems,Baudelaire poems@31488,-1,176,10.08763397520634,632.4774524462476,0.4646656718429978
Qwen table,Baudelaire poems,Baudelaire poems@33792,-1,183,10.804997535196064,314.13848764351764,0.46607788631898783
Qwen table,Baudelaire poems,Baudelaire poems@34304,-1,185,12.309498731379842,629.5431753609746,0.4696024461476243
Qwen table,Baudelaire poems,Baudelaire poems@34560,-1,166,8.241540904675096,257.85365715024614,0.46633212555341386
Qwen table,Baudelaire poems,Baudelaire poems@35840,-1,167,8.551578432177733,175.0438532695919,0.4606716510922055
Qwen table,Baudelaire poems,Baudelaire poems@37120,-1,169,10.792631927288491,613.3972155196017,0.4624848619115485
Qwen table,Baudelaire poems,Baudelaire poems@38400,-1,182,11.073432962688011,247.47486198837626,0.46114036176346307
Qwen table,Baudelaire poems,Baudelaire poems@39424,-1,163,8.581589618339798,645.004015310873,0.4633137468106828
Qwen table,Baudelaire poems,Baudelaire poems@39680,-1,153,7.703865141597497,,0.4667165923585161
Qwen table,Baudelaire poems,Baudelaire poems@40448,-1,150,6.706874103030454,454.73453115500945,0.46367194458135663
Qwen table,Baudelaire poems,Baudelaire poems@40704,-1,172,10.389032479355217,,0.46481807335916425
Qwen table,Baudelaire poems,Baudelaire poems@41216,-1,188,12.082440993531819,745.1509847600546,0.46045829929414467
Qwen table,Mallarmé poems,Mallarmé poems@0,-1,190,11.55960914398679,452.1953331571671,0.4687404565410861
Qwen table,Mallarmé poems,Mallarmé poems@1024,-1,189,12.858318191996242,,0.46820698177580844
Qwen table,Mallarmé poems,Mallarmé poems@1280,-1,178,10.31697811009303,212.21995684303772,0.4629813771324791
Qwen table,Mallarmé poems,Mallarmé poems@2048,-1,181,10.541293905046217,3050.4702669739095,0.4664743384862712
Qwen table,Mallarmé poems,Mallarmé poems@2304,-1,177,9.787954064520285,106.80998522240905,0.46615160962162944
Qwen table,Mallarmé poems,Mallarmé poems@3584,-1,178,10.513269982914958,503.64286322506786,0.4630232995308567
Qwen table,Mallarmé poems,Mallarmé poems@4864,-1,176,9.415137976095307,1097.795445258187,0.4650934914910548
Qwen table,Mallarmé poems,Mallarmé poems@5120,-1,193,13.168755447490257,604.7723121425583,0.47134411010362864
Qwen table,Mallarmé poems,Mallarmé poems@5632,-1,186,12.679353375710727,,0.46528920215493885
Qwen table,Mallarmé poems,Mallarmé poems@7168,-1,149,7.188507400716119,95.4743740796707,0.4699539551608608
Qwen table,Mallarmé poems,Mallarmé poems@7424,-1,181,11.809856949413593,,0.4660110763823708
Qwen table,Mallarmé poems,Mallarmé poems@9728,-1,180,11.156440634830611,1344.8765612598163,0.46802094611112743
Qwen table,Mallarmé poems,Mallarmé poems@9984,-1,173,9.828631333659592,,0.46635713761745257
Qwen table,Mallarmé poems,Mallarmé poems@10496,-1,189,11.793621906100926,,0.4666792393465061
Qwen table,Mallarmé poems,Mallarmé poems@10752,-1,175,9.879440110357022,,0.46330829299422077
Qwen table,Mallarmé poems,Mallarmé poems@11264,-1,184,13.604358036463557,2682.1883255909597,0.4656571053390185
Qwen table,Mallarmé poems,Mallarmé poems@11776,-1,191,12.772451708244368,474.4901344169318,0.4697744760364062
Qwen table,Mallarmé poems,Mallarmé poems@12288,-1,188,11.883363498688285,,0.4622241978833204
Qwen table,Mallarmé poems,Mallarmé poems@12544,-1,190,12.738386942023242,175.10532114283922,0.46410803298868153
Qwen table,Mallarmé poems,Mallarmé poems@12800,-1,193,13.85319859890503,199.02601438158203,0.46756848158571035
Qwen table,Mallarmé poems,Mallarmé poems@13056,-1,184,12.842875806865335,24520.18596282358,0.4695161088336479
Qwen table,Mallarmé poems,Mallarmé poems@13312,-1,173,9.770166516068059,391.4308524723442,0.46827103906065437
Qwen table,Mallarmé poems,Mallarmé poems@13824,-1,193,14.202976138515822,178.0027084026029,0.466204533320296
Qwen table,Mallarmé poems,Mallarmé poems@14080,-1,184,12.244093377066584,563.9383317433535,0.46336097215375843
Qwen table,Mallarmé poems,Mallarmé poems@14592,-1,195,14.927981594603253,111.80805544868736,0.47014871011974757
Qwen table,Mallarmé poems,Mallarmé poems@14848,-1,192,14.209057296876239,,0.46580589361934277
Qwen table,Mallarmé poems,Mallarmé poems@15104,-1,190,12.509959594030333,113.51895744283257,0.4635822942506408
Qwen table,Mallarmé poems,Mallarmé poems@15616,-1,200,15.548535266905361,11992.273596467883,0.4692847935217911
Qwen table,Mallarmé poems,Mallarmé poems@15872,-1,169,9.955445650103144,162.0536211547893,0.4660357796915514
Qwen table,Mallarmé poems,Mallarmé poems@16128,-1,190,14.02185153147851,1984.2310801258584,0.4668546360316854
Qwen table,Beckett L'Innommable,Beckett L'Innommable@6144,-1,167,8.810384741539073,194.0819778870086,0.46780905266385203
Qwen table,Beckett L'Innommable,Beckett L'Innommable@12288,-1,144,7.0508996331458675,144.59260274034216,0.46352227922476197
Qwen table,Beckett L'Innommable,Beckett L'Innommable@13568,-1,155,8.029870606123568,248.12943808868283,0.4692361934303594
Qwen table,Beckett L'Innommable,Beckett L'Innommable@20480,-1,165,8.844907663558141,909.3815305216348,0.4667936539494424
Qwen table,Beckett L'Innommable,Beckett L'Innommable@21504,-1,172,9.727474173664516,236.18955443402888,0.4712462328453484
Qwen table,Beckett L'Innommable,Beckett L'Innommable@22272,-1,169,10.464630755643633,5703.593386828625,0.47067830956860124
Qwen table,Beckett L'Innommable,Beckett L'Innommable@23552,-1,154,7.883125909804579,685.1463216450826,0.46521526551292103
Qwen table,Beckett L'Innommable,Beckett L'Innommable@25088,-1,170,9.04154576478631,324.34582613799955,0.4664476169659305
Qwen table,Beckett L'Innommable,Beckett L'Innommable@26624,-1,170,10.328679556222555,,0.4667194490737801
Qwen table,Beckett L'Innommable,Beckett L'Innommable@28672,-1,170,10.612116695755985,,0.46759965449797203
Qwen table,Beckett L'Innommable,Beckett L'Innommable@32768,-1,174,10.459853116088752,423.6120274863977,0.47062929587780994
Qwen table,Beckett L'Innommable,Beckett L'Innommable@41216,-1,166,9.645164823708098,399.8570474198799,0.46529061849668596
Qwen table,Beckett L'Innommable,Beckett L'Innommable@46592,-1,163,8.782278461756645,1649.0792262643893,0.46668049361471164
Qwen table,Beckett L'Innommable,Beckett L'Innommable@54528,-1,151,7.924741083652307,467.44600339944424,0.4694446926587324
Qwen table,Beckett L'Innommable,Beckett L'Innommable@55808,-1,155,8.023621483703396,197.34165264270297,0.47008154302539845
Qwen table,Beckett L'Innommable,Beckett L'Innommable@58880,-1,133,5.862501670081016,463.7196995129055,0.4613669606493047
Qwen table,Beckett L'Innommable,Beckett L'Innommable@59136,-1,126,6.2779164631355195,,0.4631348458621173
Qwen table,Beckett L'Innommable,Beckett L'Innommable@61696,-1,174,10.777727730557267,801.7738186645346,0.4667385714259848
Qwen table,Beckett L'Innommable,Beckett L'Innommable@73984,-1,133,6.47631598731924,186.90680467005816,0.4628599208234221
Qwen table,Beckett L'Innommable,Beckett L'Innommable@77312,-1,123,6.171956336581048,205.18174398346994,0.4653734265120155
Qwen table,Beckett L'Innommable,Beckett L'Innommable@77568,-1,130,7.080926507255715,301.54478642108376,0.4689988794042485
Qwen table,Beckett L'Innommable,Beckett L'Innommable@79360,-1,139,7.385898416543782,,0.46858495799996763
Qwen table,Beckett L'Innommable,Beckett L'Innommable@80384,-1,149,7.073768600097932,565.7224264839779,0.4671369737506713
Qwen table,Beckett L'Innommable,Beckett L'Innommable@82176,-1,147,6.725543805955762,191.97043280530386,0.4657981718703377
Qwen table,Beckett L'Innommable,Beckett L'Innommable@83968,-1,144,6.373538774977035,143.02762595470966,0.4609100278006426
Qwen table,Beckett L'Innommable,Beckett L'Innommable@86528,-1,146,6.768365477643549,163.7065142614532,0.46242445047500225
Qwen table,Beckett L'Innommable,Beckett L'Innommable@87296,-1,154,8.504349225736888,1845.6653131667472,0.46239523547209427
Qwen table,Beckett L'Innommable,Beckett L'Innommable@93184,-1,108,5.056508372130412,176.406778140384,0.45744847887873846
Qwen table,Beckett L'Innommable,Beckett L'Innommable@98560,-1,136,5.911829035334175,751.87095464679,0.4712276170715278
Qwen table,Beckett L'Innommable,Beckett L'Innommable@99328,-1,117,4.967317367177378,,0.4589995016885329
Qwen table,Ramanujan proof (Andrews ch.5),Ramanujan proof (Andrews ch.5)@0,-1,136,5.74004560179159,78.15275569935214,0.4441697553109134
Qwen table,Ramanujan proof (Andrews ch.5),Ramanujan proof (Andrews ch.5)@256,-1,166,8.793219443321112,75.5678690898917,0.44778248072283655
Qwen table,Ramanujan proof (Andrews ch.5),Ramanujan proof (Andrews ch.5)@512,-1,159,8.74803136436139,165.40366864265997,0.42941234028368414
Qwen table,Ramanujan proof (Andrews ch.5),Ramanujan proof (Andrews ch.5)@768,-1,172,10.668042862446015,133.5987292665605,0.4368644873257297
Qwen table,Ramanujan proof (Andrews ch.5),Ramanujan proof (Andrews ch.5)@1024,-1,164,9.666365809661139,379.8279413989244,0.43414200588099205
Qwen table,Ramanujan proof (Andrews ch.5),Ramanujan proof (Andrews ch.5)@1280,-1,128,5.8820530621276665,60.43700016648837,0.437207731961927
Qwen table,Ramanujan proof (Andrews ch.5),Ramanujan proof (Andrews ch.5)@1536,-1,117,4.985957960857089,96.80857405090732,0.42828108512608065
Qwen table,Ramanujan proof (Andrews ch.5),Ramanujan proof (Andrews ch.5)@2048,-1,130,5.392790672244611,62.78891381273349,0.44248322914426885
Qwen table,Ramanujan proof (Andrews ch.5),Ramanujan proof (Andrews ch.5)@2560,-1,147,6.871490246915748,120.7292282674964,0.44148406325741435
Qwen table,Ramanujan proof (Andrews ch.5),Ramanujan proof (Andrews ch.5)@2816,-1,160,8.273006108172936,188.17499743171027,0.4423781866931374
Qwen table,Ramanujan proof (Andrews ch.5),Ramanujan proof (Andrews ch.5)@3072,-1,151,7.149979352311564,74.2903032531433,0.44730939777004464
Qwen table,Ramanujan proof (Andrews ch.5),Ramanujan proof (Andrews ch.5)@3328,-1,131,5.583794265249613,61.11036310023096,0.4406776431541187
Qwen table,Ramanujan proof (Andrews ch.5),Ramanujan proof (Andrews ch.5)@3584,-1,122,4.75808726178451,42.648026545467864,0.4349066029138871
Qwen table,Ramanujan proof (Andrews ch.5),Ramanujan proof (Andrews ch.5)@3840,-1,154,7.137275174262257,47.19097122624303,0.44674391191143153
Qwen table,Ramanujan proof (Andrews ch.5),Ramanujan proof (Andrews ch.5)@4096,-1,135,5.740449737874356,96.37239751531847,0.43715417824456554
Qwen table,Ramanujan proof (Andrews ch.5),Ramanujan proof (Andrews ch.5)@4352,-1,126,5.363573104989889,57.864770550848185,0.43280128436443344
Qwen table,Ramanujan proof (Andrews ch.5),Ramanujan proof (Andrews ch.5)@4608,-1,107,5.090987973941851,44.52690453463711,0.432679146782665
Qwen table,Ramanujan proof (Andrews ch.5),Ramanujan proof (Andrews ch.5)@4864,-1,128,5.196600940915409,64.68953556075162,0.4375036217025745
Qwen table,Ramanujan proof (Andrews ch.5),Ramanujan proof (Andrews ch.5)@5632,-1,86,3.7400630888828417,105.03805753095182,0.431028347652099
Qwen table,Ramanujan proof (Andrews ch.5),Ramanujan proof (Andrews ch.5)@5888,-1,163,7.944703599827936,67.88860885189058,0.4461805388903911
Qwen table,Ramanujan proof (Andrews ch.5),Ramanujan proof (Andrews ch.5)@6144,-1,155,7.7855359635734915,102.01727114026373,0.44757760791560197
Qwen table,Ramanujan proof (Andrews ch.5),Ramanujan proof (Andrews ch.5)@6656,-1,147,7.115855624643963,44.29048283496714,0.44388599109849863
Qwen table,Ramanujan proof (Andrews ch.5),Ramanujan proof (Andrews ch.5)@6912,-1,130,5.210148955067573,55.1575609729025,0.4392959048125934
Qwen table,Ramanujan proof (Andrews ch.5),Ramanujan proof (Andrews ch.5)@7680,-1,133,5.548065748960281,62.240979041843694,0.44199406493896687
Qwen table,Ramanujan proof (Andrews ch.5),Ramanujan proof (Andrews ch.5)@8192,-1,119,5.915575545272875,88.63585079703842,0.4374845636310555
Qwen table,Ramanujan proof (Andrews ch.5),Ramanujan proof (Andrews ch.5)@8448,-1,99,4.347107428292717,538.7256288951767,0.4404217937826199
Qwen table,Ramanujan proof (Andrews ch.5),Ramanujan proof (Andrews ch.5)@8704,-1,69,3.083994374372356,749.3490949134139,0.4313900755859704
Qwen table,Ramanujan proof (Andrews ch.5),Ramanujan proof (Andrews ch.5)@8960,-1,86,3.4652652754582314,62.6659547444282,0.43355267356411303
Qwen table,Ramanujan proof (Andrews ch.5),Ramanujan proof (Andrews ch.5)@9472,-1,110,5.102617047361992,98.9492276914512,0.4435704094949814
Qwen table,Ramanujan proof (Andrews ch.5),Ramanujan proof (Andrews ch.5)@9728,-1,102,4.95773732557739,65.31375564847576,0.43452137494367926
Qwen table,Math ch.1 (elementary),Math ch.1 (elementary)@0,-1,141,6.486606803424415,87.81252911461623,0.439398638025726
Qwen table,Math ch.1 (elementary),Math ch.1 (elementary)@256,-1,113,5.150796808846844,66.68131837892666,0.4373541745063968
Qwen table,Math ch.1 (elementary),Math ch.1 (elementary)@512,-1,64,3.4715334212642417,107.60974044017162,0.4024219466920445
Qwen table,Math ch.1 (elementary),Math ch.1 (elementary)@768,-1,83,3.327227047785904,37.044628778741895,0.4186871910476395
Qwen table,Math ch.1 (elementary),Math ch.1 (elementary)@1024,-1,36,2.306050974309041,,0.3822532910567274
Qwen table,Math ch.1 (elementary),Math ch.1 (elementary)@1280,-1,38,2.153054354694403,,0.3871090829888358
Qwen table,Math ch.1 (elementary),Math ch.1 (elementary)@1536,-1,165,8.566545050640272,80.77076072874418,0.44461335696017945
Qwen table,Math ch.1 (elementary),Math ch.1 (elementary)@1792,-1,126,5.122861663353537,77.01684055425909,0.4392967213323612
Qwen table,Math ch.1 (elementary),Math ch.1 (elementary)@2048,-1,122,5.116784127112885,58.98695493466534,0.43592058494052227
Qwen table,Math ch.1 (elementary),Math ch.1 (elementary)@2304,-1,150,7.017909357827789,108.07386943096712,0.44242402890305604
Qwen table,Math ch.1 (elementary),Math ch.1 (elementary)@2560,-1,139,6.435705163702308,104.23980959806704,0.4442038498244302
Qwen table,Math ch.1 (elementary),Math ch.1 (elementary)@2816,-1,159,7.556693026976972,71.10547885114983,0.44572098808912824
Qwen table,Math ch.1 (elementary),Math ch.1 (elementary)@3072,-1,133,5.75122396971707,91.94003209731174,0.4413382751574936
Qwen table,Math ch.1 (elementary),Math ch.1 (elementary)@3328,-1,102,4.194105593384861,89.32403899927583,0.42771806039333604
Qwen table,Math ch.1 (elementary),Math ch.1 (elementary)@3584,-1,126,5.056704176739739,55.791916306388714,0.44858243001205156
Qwen table,Math ch.1 (elementary),Math ch.1 (elementary)@3840,-1,102,4.27507687392692,152.20661469538456,0.4400870568607014
Qwen table,Math ch.1 (elementary),Math ch.1 (elementary)@4096,-1,102,4.612736065915699,347.4717683838826,0.4326280296722482
Qwen table,Math ch.1 (elementary),Math ch.1 (elementary)@4352,-1,148,7.1806744646014,193.52311000423234,0.4413850027013909
Qwen table,Math ch.1 (elementary),Math ch.1 (elementary)@4608,-1,127,4.905626668156995,57.387478296413825,0.4307978612585456
Qwen table,Math ch.1 (elementary),Math ch.1 (elementary)@4864,-1,99,4.04299915580059,51.900716095750106,0.44144859463249586
Qwen table,Math ch.1 (elementary),Math ch.1 (elementary)@5120,-1,116,4.7601728247723045,116.95139513527074,0.439319039621958
Qwen table,Math ch.1 (elementary),Math ch.1 (elementary)@5376,-1,103,4.063972147038779,33.11012450077186,0.4331964841281054
Qwen table,Math ch.1 (elementary),Math ch.1 (elementary)@5632,-1,107,4.383592933191173,87.47600394108899,0.4361141790559982
Qwen table,Math ch.1 (elementary),Math ch.1 (elementary)@5888,-1,117,5.059883394870799,997.3390798856196,0.44036636520354433
Qwen table,Math ch.1 (elementary),Math ch.1 (elementary)@6144,-1,120,5.1290771015571055,51.428890205777996,0.44311280137076403
Qwen table,Math ch.1 (elementary),Math ch.1 (elementary)@6400,-1,127,5.29474097072325,88.58778100991998,0.44110800426418995
Qwen table,Math ch.1 (elementary),Math ch.1 (elementary)@6912,-1,97,4.147864813570602,92.78974001297183,0.43539961114186587
Qwen table,Math ch.1 (elementary),Math ch.1 (elementary)@7168,-1,132,6.849673759442095,417.635162764971,0.4428426564616048
Qwen table,Math ch.1 (elementary),Math ch.1 (elementary)@7424,-1,98,4.551512917621378,85.13485442989177,0.4366503812998648
Qwen table,Math ch.1 (elementary),Math ch.1 (elementary)@7680,-1,125,6.173597210311243,208.7398692808637,0.4469201386155979
Qwen table,Math ch.13 (combinatorics),Math ch.13 (combinatorics)@0,-1,153,6.708190873803287,51.76517345545283,0.44917416249190767
Qwen table,Math ch.13 (combinatorics),Math ch.13 (combinatorics)@256,-1,171,8.9657342598448,147.1700722716956,0.45038005062323294
Qwen table,Math ch.13 (combinatorics),Math ch.13 (combinatorics)@512,-1,116,4.568391439745693,71.00883621233666,0.44152625163202974
Qwen table,Math ch.13 (combinatorics),Math ch.13 (combinatorics)@768,-1,122,4.824786474689587,85.15252985921477,0.44263946571258284
Qwen table,Math ch.13 (combinatorics),Math ch.13 (combinatorics)@1024,-1,93,4.300582613295418,163.16093226827448,0.423057435530394
Qwen table,Math ch.13 (combinatorics),Math ch.13 (combinatorics)@1280,-1,105,4.51422049708784,100.1361635415341,0.4339701983162452
Qwen table,Math ch.13 (combinatorics),Math ch.13 (combinatorics)@1536,-1,112,4.69354578935425,94.09499983242385,0.43141413312364946
Qwen table,Math ch.13 (combinatorics),Math ch.13 (combinatorics)@1792,-1,145,6.5013271659550425,105.97089383503095,0.44703062504572944
Qwen table,Math ch.13 (combinatorics),Math ch.13 (combinatorics)@2048,-1,127,5.59480741695097,126.52374987362104,0.44165832332667115
Qwen table,Math ch.13 (combinatorics),Math ch.13 (combinatorics)@2304,-1,121,5.3739014858210545,132.84818101210746,0.43402267421202256
Qwen table,Math ch.13 (combinatorics),Math ch.13 (combinatorics)@2560,-1,121,5.38282308698627,76.66743214343643,0.4310011024769873
Qwen table,Math ch.13 (combinatorics),Math ch.13 (combinatorics)@2816,-1,143,6.801036217098495,89.33448485553544,0.44182711778522105
Qwen table,Math ch.13 (combinatorics),Math ch.13 (combinatorics)@3072,-1,132,5.35837833117932,58.344938250371676,0.4388603895776674
Qwen table,Math ch.13 (combinatorics),Math ch.13 (combinatorics)@3328,-1,141,6.223003631461584,76.92704380197115,0.44082316282368633
Qwen table,Math ch.13 (combinatorics),Math ch.13 (combinatorics)@3840,-1,119,5.107899047461621,68.39595593581086,0.4361830485943361
Qwen table,Math ch.13 (combinatorics),Math ch.13 (combinatorics)@4096,-1,120,5.485953073107005,45.40762857500983,0.4382555411798107
Qwen table,Math ch.13 (combinatorics),Math ch.13 (combinatorics)@4352,-1,105,4.428780876733143,97.82083983121834,0.42523281482468245
Qwen table,Math ch.13 (combinatorics),Math ch.13 (combinatorics)@4864,-1,138,6.027794097734925,90.26078344287355,0.435536523356566
Qwen table,Math ch.13 (combinatorics),Math ch.13 (combinatorics)@6144,-1,117,4.99912559542133,61.27962683818782,0.4352627073017128
Qwen table,Math ch.13 (combinatorics),Math ch.13 (combinatorics)@6656,-1,119,4.885125059755778,41.23592069082879,0.43747988207532335
Qwen table,Math ch.13 (combinatorics),Math ch.13 (combinatorics)@6912,-1,20,1.666600490488994,,0.3631752194681678
Qwen table,Math ch.13 (combinatorics),Math ch.13 (combinatorics)@7168,-1,22,1.7540413514337507,,0.3654449308128471
Qwen table,Math ch.13 (combinatorics),Math ch.13 (combinatorics)@7424,-1,29,2.0736557136070655,,0.37013141687552886
Qwen table,Math ch.13 (combinatorics),Math ch.13 (combinatorics)@7680,-1,22,1.8040934768087358,,0.3661725606263922
Qwen table,Math ch.13 (combinatorics),Math ch.13 (combinatorics)@7936,-1,80,3.91248536951403,382.7992054679169,0.4156634754824922
Qwen table,Math ch.13 (combinatorics),Math ch.13 (combinatorics)@8192,-1,120,5.667988764971021,131.84365167672203,0.43085143197544684
Qwen table,Math ch.13 (combinatorics),Math ch.13 (combinatorics)@8448,-1,140,6.849348598276997,71.52913863552162,0.44571659806165953
Qwen table,Math ch.13 (combinatorics),Math ch.13 (combinatorics)@8704,-1,115,5.112962515976579,235.69595974322442,0.44120562128725493
Qwen table,Math ch.13 (combinatorics),Math ch.13 (combinatorics)@8960,-1,101,4.103989669272599,212.9482107965996,0.44136151194308604
Qwen table,Math ch.13 (combinatorics),Math ch.13 (combinatorics)@9472,-1,126,5.5388951645365525,137.9906733388572,0.44532294509908654
Qwen table,Poe tales (English),tale1@0.808,0,158,8.477395218263938,533.018744798377,0.44279780183800577
Qwen table,Poe tales (English),tale4@0.989,1,164,9.691062557377538,460.0860506754961,0.44702437589050315
Qwen table,Poe tales (English),tale1@0.963,2,170,11.297889468788066,134.21111183193852,0.45173046737084366
Qwen table,Poe tales (English),tale5@0.481,3,165,9.216676027276682,184.07563580871283,0.44204689696643495
Qwen table,Poe tales (English),tale5@0.603,4,154,7.538593307363264,297.49170234630446,0.4422275584827544
Qwen table,Poe tales (English),tale4@0.914,5,164,10.434240994185494,282.0710391326532,0.44382682608009066
Qwen table,Poe tales (English),tale0@0.835,6,164,11.083319097163818,143.30647733455842,0.448033294491042
Qwen table,Poe tales (English),tale4@0.326,7,149,6.958369726244951,187.72036331158196,0.4439791788266929
Qwen table,Poe tales (English),tale6@0.781,8,158,9.512908114429578,879.3546701345042,0.43866963813110194
Qwen table,Poe tales (English),tale4@0.423,9,165,9.645521890846164,1096.270954357855,0.4407721910922363
Qwen table,Poe tales (English),tale5@0.087,10,163,9.637035217718278,885.6232419456866,0.44391032521693763
Qwen table,Poe tales (English),tale5@0.789,11,159,9.091906150007107,387.95047647082276,0.44245104206558095
Qwen table,Poe tales (English),tale5@0.322,12,147,6.9966952304364805,412.36731726258904,0.45288741415202916
Qwen table,Poe tales (English),tale5@0.225,13,163,8.646631240956166,240.18237775695832,0.4454455044645935
Qwen table,Poe tales (English),tale3@0.417,14,165,8.794080545174726,116.17659464860868,0.44571434574054347
Qwen table,Poe tales (English),tale4@0.113,15,148,6.516466280812207,84.21689696070393,0.4535550074012903
Qwen table,Poe tales (English),tale4@0.000,16,174,12.246596881936227,884.3267701071312,0.44530390904747585
Qwen table,Poe tales (English),tale5@0.852,17,164,8.40186145965549,110.29148186425721,0.4435757509391287
Qwen table,Poe tales (English),tale0@0.704,18,157,8.403850475307431,,0.4421681137430743
Qwen table,Poe tales (English),tale5@0.982,19,150,9.094757137771996,,0.4480671670274495
Qwen table,Poe tales (English),tale5@0.424,20,172,10.693849114562788,241.30597277736052,0.44691908699930594
Qwen table,Poe tales (English),tale6@0.974,21,163,9.264042896026732,603.1935408221048,0.44186320622000264
Qwen table,Poe tales (English),tale4@0.753,22,148,7.758637759735412,166.34938389422112,0.4383763213998245
Qwen table,Poe tales (English),tale6@0.476,23,146,6.9225442283527485,711.4727207624613,0.44477860576826084
Qwen table,Poe tales (English),tale5@0.702,24,168,9.89764897853514,390.5908821674411,0.4389395176881946
Qwen table,Poe tales (English),tale3@0.768,25,163,8.850076632897158,643.4221541206003,0.44416450123419504
Qwen table,Poe tales (English),tale4@0.094,26,166,10.29000776487453,,0.44469544616987144
Qwen table,Poe tales (English),tale4@0.074,27,159,8.665172319718097,231.07615936901564,0.4518795580644964
Qwen table,Poe tales (English),tale4@0.429,28,166,9.037709307229536,1273.1663486687146,0.4431350703999986
Qwen table,Poe tales (English),tale4@0.586,29,167,10.611433260704567,180.25142418456917,0.44429337055809415
Qwen table,"Poe tales (French, Baudelaire)",tale1@0.808,0,161,8.567573374779657,797.3545614349813,0.45750477319015714
Qwen table,"Poe tales (French, Baudelaire)",tale4@0.989,1,180,12.548385867633357,,0.4595983023853023
Qwen table,"Poe tales (French, Baudelaire)",tale1@0.963,2,171,9.706338602167378,175.70833606111069,0.4635239103485652
Qwen table,"Poe tales (French, Baudelaire)",tale5@0.481,3,172,9.44290234619457,366.2997094968547,0.4586886203611539
Qwen table,"Poe tales (French, Baudelaire)",tale5@0.603,4,159,9.443182894252695,433.25295304798544,0.4501409295953709
Qwen table,"Poe tales (French, Baudelaire)",tale4@0.914,5,175,10.644518593546236,439.80875790553046,0.45750430084229066
Qwen table,"Poe tales (French, Baudelaire)",tale0@0.835,6,170,8.966797055372032,109.27659401275181,0.46006437058071326
Qwen table,"Poe tales (French, Baudelaire)",tale4@0.326,7,174,12.239904396087518,528.8275210438342,0.4565311436974307
Qwen table,"Poe tales (French, Baudelaire)",tale6@0.781,8,168,9.28989513460143,,0.46347990386044613
Qwen table,"Poe tales (French, Baudelaire)",tale4@0.423,9,167,9.96204159600799,173.10580934636607,0.45455195758898637
Qwen table,"Poe tales (French, Baudelaire)",tale5@0.087,10,65,2.73667826177361,119.83166019277604,0.4745586068034231
Qwen table,"Poe tales (French, Baudelaire)",tale5@0.789,11,166,9.133806962604524,105.13709508418593,0.46180790692449314
Qwen table,"Poe tales (French, Baudelaire)",tale5@0.322,12,154,8.196735096154297,,0.45289542747179673
Qwen table,"Poe tales (French, Baudelaire)",tale5@0.225,13,63,2.7076930718433854,151.53404011712942,0.4694261624334196
Qwen table,"Poe tales (French, Baudelaire)",tale3@0.417,14,173,9.694937377586387,558.080848358376,0.45769249392790673
Qwen table,"Poe tales (French, Baudelaire)",tale4@0.113,15,63,2.753389509121888,138.07643059183408,0.4739201250974685
Qwen table,"Poe tales (French, Baudelaire)",tale4@0.000,16,65,2.7951003046924012,156.68450860467394,0.47409753297750445
Qwen table,"Poe tales (French, Baudelaire)",tale5@0.852,17,169,9.465499304687969,142.58443405501347,0.4635675709691943
Qwen table,"Poe tales (French, Baudelaire)",tale0@0.704,18,178,11.42965629874338,,0.4684040080896479
Qwen table,"Poe tales (French, Baudelaire)",tale5@0.982,19,170,10.207505492276752,354.77531763055157,0.45702077529244767
Qwen table,"Poe tales (French, Baudelaire)",tale5@0.424,20,172,11.015674261213974,626.1042770220237,0.4581128609141817
Qwen table,"Poe tales (French, Baudelaire)",tale6@0.974,21,174,9.695156346345252,1996.6600905816974,0.45797025349413856
Qwen table,"Poe tales (French, Baudelaire)",tale4@0.753,22,175,11.118438021320479,185.52017052673594,0.45726270318818185
Qwen table,"Poe tales (French, Baudelaire)",tale6@0.476,23,167,9.411399262609638,,0.4460293667337502
Qwen table,"Poe tales (French, Baudelaire)",tale5@0.702,24,175,11.857466932092064,311.4939173184733,0.45058203274390485
Qwen table,"Poe tales (French, Baudelaire)",tale3@0.768,25,168,10.06295721879948,346.64464335584773,0.4585908412297532
Qwen table,"Poe tales (French, Baudelaire)",tale4@0.094,26,64,2.8480936593599773,190.39923055511906,0.4737256422027807
Qwen table,"Poe tales (French, Baudelaire)",tale4@0.074,27,65,2.867046852517371,156.68450860467394,0.47382118529608475
Qwen table,"Poe tales (French, Baudelaire)",tale4@0.429,28,171,9.318665824056119,894.0320302628741,0.4610743228035985
Qwen table,"Poe tales (French, Baudelaire)",tale4@0.586,29,182,13.36714592449678,,0.45898325225161524
