group,label,pair,n_distinct_qwen,n_distinct_xlmr,surprise_qwen,dim|Qwen contextual,spread|Qwen contextual,step|Qwen contextual,dim|XLM-R contextual,spread|XLM-R contextual,step|XLM-R contextual,dim|Qwen first-token,spread|Qwen first-token,step|Qwen first-token,dim|XLM-R first-token,spread|XLM-R first-token,step|XLM-R first-token,dim|Qwen table,spread|Qwen table,step|Qwen table,dim|XLM-R table,spread|XLM-R table,step|XLM-R table
Shakespeare sonnets,Shakespeare sonnets@11235,-1,161,160,4.439205169677734,9.247263312565023,151.82905019090668,186.57595887594383,15.394243863955916,3.0097790634001584,3.9233202482563425,5.34440255529147,159.30455202011308,222.515600013671,5.989699366719566,2.166139216484015,3.11059955325658,9.12301862452325,0.42985315521537615,0.6139456299040806,8.742857452136393,4.042013332630525,5.810709255412655
Shakespeare sonnets,Shakespeare sonnets@6420,-1,152,143,4.238908290863037,8.868434693322031,144.47221473555138,183.45781178796992,13.559575821381818,3.0197349660952097,3.9463513645349937,4.498243622763941,155.88705438680574,224.1892213803321,5.328505071762311,2.1059924894224267,2.931968721647793,7.107561307197408,0.43503123485716244,0.6230039946977346,7.004761508118425,4.103436718787332,5.8486194316591575
Shakespeare sonnets,Shakespeare sonnets@1605,-1,169,158,4.178668975830078,11.380044587275895,160.8440375273206,204.9704631492708,16.461598797012574,3.1394173069620805,4.131368048612024,5.569557993602543,165.34894260721478,235.84850466782183,6.669114885484952,2.2030939526576523,3.0839256573927303,10.440106618728104,0.44401187990908514,0.6401637620414812,9.23594826595516,4.073750063107962,5.874500313771729
Shakespeare sonnets,Shakespeare sonnets@17013,-1,170,165,4.642467975616455,9.37985416189757,160.369839935955,200.0442163526322,17.8455258861735,3.143555240795231,4.046505551212532,5.333958375741882,165.28840263966185,229.18407698723934,7.13455893491827,2.1352087521744,2.8200426381980406,10.027587296823816,0.4439196865976646,0.6376525818983796,10.278616641897933,4.14803147275873,5.911494023103665
Shakespeare sonnets,Shakespeare sonnets@5136,-1,173,166,4.360044956207275,9.61598674373765,157.74712108490283,204.49945237416736,15.33847025280276,3.216997053937952,4.167093928384537,5.320715759322334,164.06345151434905,232.32850501996722,6.675859970072181,2.14928657594807,2.9941035167401924,9.387216534385164,0.4376131324762474,0.6279437499326249,9.632003422058231,4.196675717622042,6.02012394243778
Shakespeare sonnets,Shakespeare sonnets@22470,-1,160,153,4.221927165985107,9.697779042616972,150.61040867405336,195.04511595164965,16.758798660240668,3.263800007934504,4.337570963707078,5.1362478686487245,160.41423009725773,228.89542962280464,6.3531274600660845,2.1737440210885293,2.97606827933029,8.328060839063363,0.438170015521834,0.6333476506447714,8.830429656110582,4.129075761641191,5.915393267520809
Shakespeare sonnets,Shakespeare sonnets@18297,-1,163,157,4.342475414276123,10.094322693414751,150.321591606519,191.55794908415325,12.973789076629417,3.1741023969516755,4.152497553746031,5.489504248401892,159.957762807888,230.02473341340357,6.63126259894135,2.1175531063467545,2.9514602392867095,9.119504447144562,0.4351070921186018,0.6289125307433999,9.027124008250508,4.063008416946207,5.842940694358784
Shakespeare sonnets,Shakespeare sonnets@9630,-1,186,170,4.511356830596924,10.85275283332534,162.925443669315,207.7252635944279,16.629740178767122,3.071530166419941,3.995409214217687,5.905230629115995,164.46305412629067,227.8367358580069,6.688957549470724,2.2758850031464695,3.187651415678621,12.476078962002832,0.44327354722135176,0.6348444296447499,11.19811538640216,4.158107280015458,5.950152198436661
Shakespeare sonnets,Shakespeare sonnets@2568,-1,161,154,1.9685808420181274,19.655637278044825,204.29737006432947,239.81411731364386,12.225992773074479,3.2543444090091844,4.257905244373966,5.376718227881169,162.85739080351078,227.471074904369,5.825094383567943,2.241635213059265,2.9961882303770064,8.87416361706534,0.4384211325779198,0.6264515098336496,8.590729280004034,4.128968315332365,5.940594025626318
Shakespeare sonnets,Shakespeare sonnets@14445,-1,163,160,4.18377685546875,9.35635069881022,159.0114898020217,204.23602329018078,17.743090452836743,3.0934801264940277,4.045990448955845,4.851984849477797,161.56247537060045,229.76275165974383,7.012058090674295,2.2105385510319424,3.041335296895157,9.53348561597458,0.43471363558485826,0.6266254960228493,11.243778221662097,4.041205669594806,5.81996978611453
Shakespeare sonnets,Shakespeare sonnets@13803,-1,156,150,4.113048076629639,9.829402656999227,153.03262112238713,192.30497504351132,14.233640486505799,3.19514550200521,4.203449316803675,4.807607276098788,161.06461184715863,228.5567562972409,5.864638304261372,2.1298693015606744,2.985477630268728,7.980379940961439,0.43750114500910153,0.6302576672975331,9.385676803745286,4.084339978941287,5.892688823734318
Shakespeare sonnets,Shakespeare sonnets@14124,-1,171,159,4.232840061187744,11.784156898773295,159.03518485246443,204.43750694171206,13.63297156863549,3.374807828709425,4.449994991423891,5.261457487797169,166.04870473416514,234.70486534050886,6.22693385445431,2.1437442842867322,2.914317670615166,9.276882110344118,0.4394382465460142,0.6281044231684982,9.363980594267373,4.137068636411339,5.957692800655417
Shakespeare sonnets,Shakespeare sonnets@1284,-1,161,150,4.161125183105469,9.688338940273617,153.82514085706282,197.67654498770003,11.363248849985498,3.4658423840843393,4.591161386202263,4.877147652993691,166.46238000129642,236.7101204172471,5.9862825934656625,2.254839551015026,3.0946214641731684,8.859803179900709,0.4434467500895894,0.6386860191072068,8.124012370860212,4.176278701212281,6.002937269255812
Shakespeare sonnets,Shakespeare sonnets@21507,-1,163,153,4.139961242675781,9.815519260588486,154.58293550280004,192.60944591469996,15.568676550843046,3.1249006051291266,4.126984143575268,5.264955327544909,158.55251618270347,224.65384500512366,5.66258892687559,2.199183688576084,2.919897142851933,8.939258551633465,0.43884858207078126,0.6337577048833789,7.79458400083962,4.101026926050374,5.919545374820166
Shakespeare sonnets,Shakespeare sonnets@17655,-1,165,161,4.518027305603027,9.639893504176312,154.07622354755478,197.4279422408827,16.424955737573296,3.2512517091255004,4.317731596166308,5.038230910881783,161.77438347532606,232.32967641374358,6.7365625858257046,2.156351697592953,2.981382948929134,10.29945936604043,0.441068251810381,0.638012887936502,9.358953085676843,4.10107480045776,5.931709737252053
Shakespeare sonnets,Shakespeare sonnets@10914,-1,149,146,3.904798984527588,8.601006388862269,150.32646177437238,191.49314211930078,12.575450506990492,3.23235614507705,4.2487093330761505,4.71557964705291,160.45310411792883,230.8883484148687,5.4272488878987675,2.2321366647215912,3.06674145976601,7.493416654785307,0.4302880631632626,0.6190534741809415,8.11613799125715,4.025688117647565,5.788022048745298
Shakespeare sonnets,Shakespeare sonnets@8667,-1,166,164,4.485976219177246,9.840946831048049,155.52730896065455,198.25930571368406,16.24934128551617,3.0749376098512036,4.0218988085158465,4.926952538051464,167.25122930347527,238.5643155846044,6.470051261282634,2.2816887096350262,3.084058221767732,9.359259252488537,0.4361295805517157,0.6275070869887048,11.153498778233294,4.076952990458102,5.862998242102728
Shakespeare sonnets,Shakespeare sonnets@13482,-1,144,137,3.6238298416137695,9.72506387296272,155.26676112924042,197.45509352746222,12.084701706260704,3.299318518076916,4.383861922363169,4.440972583800117,161.72321623143472,229.4333279850804,4.944943381483538,2.1732276223366944,3.0041118129654114,6.640347623509476,0.43473803732356675,0.6292235690550123,6.986783904427924,4.051186704166059,5.875039172571382
Shakespeare sonnets,Shakespeare sonnets@6099,-1,153,152,3.9253551959991455,8.595253498154419,152.91964993417088,190.45164593830984,12.694737532410814,3.313978046418056,4.366876815447606,4.796467825212109,160.55869150456587,223.0155445301753,5.37620057734119,2.2701861315901146,3.0444291372042884,7.549706251002668,0.44309607557909453,0.6348324348258982,7.899660892803218,4.154398963461416,5.954449422221212
Shakespeare sonnets,Shakespeare sonnets@7383,-1,170,168,4.402587890625,9.414659963292154,153.86064103545638,193.6481204008198,18.07677828813462,3.074449985465825,4.018483151523158,5.303725081211637,161.3193196647425,229.02408305746616,5.6150968786340485,2.283749799969966,3.105712351070437,9.448734832030267,0.4353739191028422,0.628408769954155,11.142352185152456,4.09637503420025,5.904359126244581
Shakespeare sonnets,Shakespeare sonnets@3210,-1,159,155,3.8599321842193604,11.001928294506095,157.41865065281286,199.53712863829713,14.763134549476964,3.222351151305758,4.208725912171214,5.029483725007851,163.90806271898413,229.19886145367352,5.776290056203913,2.149494155812541,2.969228552315226,8.14514460065777,0.4405174389249167,0.6333809181494051,9.127922129413339,4.111635570112478,5.914381184555287
Shakespeare sonnets,Shakespeare sonnets@21186,-1,162,146,4.352365970611572,10.544154696702085,156.97915845702357,197.97229382478528,14.169566433974202,3.3373702189674304,4.389044061005586,5.028299634314227,165.16544422559275,230.0116424319235,5.389239980234,2.191322025798491,3.037724145653991,8.426037959298041,0.444527075645078,0.6353682331031104,7.423200653197945,4.13186379874119,5.955781145931519
Shakespeare plays,Shakespeare plays@1048707,-1,159,148,3.812102794647217,14.153618569481717,165.96804912773985,202.74284623754863,13.619837096630647,3.1429971309098814,4.1022909045143825,5.438727083759379,174.35211458434352,239.94527604488545,6.1250930043870495,2.1401526665023827,2.9293803497942705,9.722087908411556,0.4455932021252559,0.6405505200952343,9.20306282749974,4.0849308732730405,5.871076054387037
Shakespeare plays,Shakespeare plays@1069251,-1,163,156,3.8944225311279297,7.868998969230304,193.44307034507895,225.24882654988426,13.671980538371093,3.2720514955287316,4.166179660686885,4.8726935138007255,183.90851010831102,239.55959570387228,6.250858799556522,2.211113802150205,2.9340816216017003,9.311071209897044,0.453617227961122,0.648031250639496,10.824225036713036,4.07972123554642,5.766874307429928
Shakespeare plays,Shakespeare plays@888849,-1,170,164,4.721680164337158,10.147817969499348,167.43997838905312,205.01895265601414,14.786434429038446,3.148516519051003,4.0856817986745515,4.993482947294223,167.26157174298558,233.62694749866563,5.889225424615932,2.1369534207368632,2.8690953669747565,9.223296366548043,0.44230564948477835,0.6369891480101173,10.898785415019097,4.105919673638674,5.886564236405379
Shakespeare plays,Shakespeare plays@574269,-1,166,159,4.770505905151367,9.471303987999026,164.26464495468267,206.90621137594704,13.528782716278181,3.033532160601171,3.9225672221192345,5.398191224161277,174.67150868131546,243.2812105190474,5.832417174053513,2.1427686010589815,2.9314520567536317,9.798153239358934,0.44630978867272586,0.6455526878526103,9.103211967249218,4.07787139209388,5.86985587797645
Shakespeare plays,Shakespeare plays@313296,-1,147,132,3.697077751159668,7.773075645456839,199.5378691572111,225.1853421647349,9.517431497872881,3.3770760998738845,4.257958608577485,4.359883439617727,194.31980133494562,246.70565137519273,4.535584965301237,2.271433617471195,3.004953613074804,6.893188036676243,0.44823779927300467,0.6482905420422695,6.4667698254902755,4.156724310038625,5.879090757381204
Shakespeare plays,Shakespeare plays@1205997,-1,151,146,3.5243701934814453,8.527054372077176,183.92315901688886,217.11281044630587,12.118303965381244,3.26349065505501,4.189242915933208,4.3583302074716626,178.68878100678052,240.45818905608618,5.786755895652161,2.2204867248302373,3.076911523460835,6.927293668941318,0.4478198164902515,0.64415667754182,7.86894264079276,4.0763631683295465,5.832806699096478
Shakespeare plays,Shakespeare plays@244281,-1,151,140,3.9164888858795166,7.019624091490971,183.29401979315003,224.83347477133253,9.298933380756822,3.3245225373025056,4.196415042246009,4.226726758483577,178.36051194638358,241.80910878621302,4.539703566045255,2.2074798594528273,3.033718896070222,7.505203205285132,0.44969715963003026,0.6556111075564474,7.229698228997556,4.123190981317169,5.826049652165052
Shakespeare plays,Shakespeare plays@493377,-1,173,173,4.348692893981934,8.771382221722936,178.11909655454906,219.2664241963767,16.840889406365978,3.2175665614897384,4.101178039181849,5.167825394017876,180.37154362577922,243.24203253627923,6.538403460236505,2.1829702063210483,2.9438624526248036,10.542232141039001,0.44687524045960036,0.6419438000671579,12.939568461730497,4.14376166633485,5.9117735198997
Shakespeare plays,Shakespeare plays@670248,-1,120,116,2.897861957550049,5.4369058022832695,195.00463257526096,221.90180278382869,8.032364165669463,3.4425568287384447,4.459757684893055,3.3530048161910533,187.04514175100817,242.69781927120127,3.987590242665229,2.368326900507478,3.2980284381685956,4.845845207821049,0.43916463607262796,0.637832763537997,4.990971872851918,4.096062975015563,5.86042363038127
Shakespeare plays,Shakespeare plays@443943,-1,160,161,3.731323719024658,8.217312333803607,186.60241869596814,217.8261030964152,15.227292680746947,3.2740358481626917,4.167208131350431,4.704160539159549,179.3376589772306,234.42920834896015,6.228765800808396,2.0632519439284427,2.801012067307685,7.8042126111734555,0.452835140485048,0.6523089805932974,8.985069130823405,4.202790856056651,5.97804882397401
Shakespeare plays,Shakespeare plays@306876,-1,165,157,3.9063968658447266,8.113534804645397,187.0531578854273,220.69777909111082,12.703022793763616,3.2508222227821824,4.165355993784824,4.853233103783313,183.02248594440874,241.67510500973037,5.721506623279005,2.2268071503533347,3.040456721313599,8.346519051410935,0.44687910556264904,0.644828141468674,9.37855718658403,4.19147924995614,5.956882159984429
Shakespeare plays,Shakespeare plays@392583,-1,172,165,3.843749761581421,9.44038714229508,191.07663688421607,225.08511521219478,13.067536481484746,3.2879133835469982,4.257387354139285,5.372191745384715,183.29824878943785,248.5796621454582,7.388214545327512,2.10270957152443,2.9158742245433924,11.788937771370499,0.4591626406111678,0.6692833668489383,11.868441744128111,4.127381710726533,5.955968301850398
Shakespeare plays,Shakespeare plays@839094,-1,165,155,3.458749294281006,7.983203520839389,201.7953763470465,225.98809719582763,14.395067144593584,3.324941296200626,4.238645993278604,5.091801076534151,189.1542919463547,243.0279007503755,5.440259081818444,2.1586196250121543,2.9468449824419456,9.217863801096884,0.4552150068355172,0.653267577069925,10.070746031933147,4.1981689388135965,5.98225781724533
Shakespeare plays,Shakespeare plays@232404,-1,156,151,4.409463405609131,9.431416121270564,171.91012645279812,204.03019048738204,12.700088097041037,3.118675202188853,4.034980054773303,4.699541463137229,176.996359248891,239.60301409479098,5.939527515450159,2.1626508137437974,3.0081499307066153,7.766616593676676,0.45225291772430565,0.6531036949147417,8.536037649429572,4.114055361310624,5.910909148405622
Shakespeare plays,Shakespeare plays@1086264,-1,155,153,3.749260425567627,8.243066255021215,181.08431908961168,209.73517109510487,12.31059829348024,3.2630064512391144,4.140509393327667,4.374978535776898,179.6434429924659,243.76890364973454,5.734909361089362,2.164802290687615,2.8788460723249605,7.440730354276698,0.44472971178918763,0.637860241225332,8.362364214161454,4.093977154406588,5.782003164683746
Shakespeare plays,Shakespeare plays@591282,-1,161,145,4.403213977813721,8.706261254678687,172.06802583660033,207.68959891979836,11.551101736356124,3.354878676058772,4.310166349792359,4.892135608494865,173.56332758454724,236.26424378720515,5.341608722332882,2.234236294042677,3.0553700261102317,7.816547439974474,0.44274761199333107,0.639714858817158,6.915550456436662,4.10602314020208,5.872208285645927
Shakespeare plays,Shakespeare plays@1122537,-1,142,130,3.7400331497192383,5.965662370777642,192.63500013031984,219.62159762452134,9.952235792132335,3.3132424978526016,4.1799456023073995,3.9666312891488125,183.60549354462262,245.2250086576704,4.4123784225452605,2.161569539812576,2.9186313306506118,6.267412256083895,0.44600918206537715,0.6448868573025054,6.403219386330186,4.096479453831341,5.833248161536896
Shakespeare plays,Shakespeare plays@509427,-1,155,145,3.6396541595458984,9.727374327916552,181.14974510105137,211.11824292938707,14.146498233493974,3.283562816449235,4.203319654493853,4.706728922325582,176.15758510820882,236.45350750959062,5.003767973529496,2.2302665706350386,2.9765109056269217,8.19766138769976,0.4413689279356151,0.6335005371608416,7.291072151966616,4.093417430411322,5.829867091776264
Shakespeare plays,Shakespeare plays@273813,-1,168,158,3.788388967514038,8.95099285868197,173.51512563250523,205.21329939816582,14.150084455366184,3.2012913112633714,4.065355622302495,4.96498089387767,173.44370651874465,229.99337453177438,6.292926340705403,2.1846315164349726,2.920586210630567,8.304439059363455,0.4496189169231035,0.6456713441238628,10.094994070798299,4.112541599435798,5.859004188552273
Shakespeare plays,Shakespeare plays@374607,-1,174,180,4.286890506744385,10.133232696838263,180.49627730946668,221.20825870342475,18.77730082732093,3.1516588439027347,3.955396394056382,5.2006841499561105,174.94159925344033,239.07567780612115,7.148010051868403,2.1828998860501447,3.021607161082466,10.68974108816397,0.4400660446497403,0.6341869846292556,13.278320165485013,4.1720152026047135,5.943236849604685
Shakespeare plays,Shakespeare plays@53928,-1,168,172,4.313124656677246,8.449417244242285,179.4583552770092,226.93457532877304,20.274905036026937,3.089703022172849,3.9660686083584924,5.135627629524528,182.87894916558815,254.13567050054144,6.436360938923111,2.216188026304369,2.993142718386649,9.238813567596281,0.4379988710966166,0.6314127335544675,12.066625499102804,4.162869374736739,5.958400262261576
Shakespeare plays,Shakespeare plays@471870,-1,147,152,4.33112096786499,7.195581829248209,195.40232786062523,224.0318584741598,12.430386533959465,3.298181537067615,4.239002533483261,4.2899673611839235,192.74183153914987,252.38760420254457,5.694096474941276,2.262059640399631,2.996229312755356,7.195824469001123,0.446871713111091,0.644964537227784,8.720965608829639,4.177883209240075,5.9462815282800126
Baudelaire poems,Baudelaire poems@39483,-1,159,147,3.2599856853485107,10.292308728086672,183.9343942815025,246.80661341119526,10.58441985030105,3.394093613297682,4.474394136644232,5.27974078241899,179.2693534762093,252.84440943858303,5.223153656342575,2.332945769723974,3.2522548996406333,8.591128757271656,0.4633162303523327,0.6683630695562676,8.572312737300335,4.334065393236131,6.21802499115499
Baudelaire poems,Baudelaire poems@7383,-1,184,171,3.386779308319092,11.96383016130688,183.62385767853084,248.81177518000095,17.272739891030643,3.2198994402583185,4.14949841462257,5.866577263508884,180.86081713793044,255.9787301301042,7.762131615505935,2.185311100252883,3.0062576148240927,11.02446699603158,0.4637289588441207,0.6678195917021775,11.225160200758566,4.279032707003367,6.1475900474891825
Baudelaire poems,Baudelaire poems@8346,-1,188,173,3.4526474475860596,11.012573680391,176.0827818744391,237.833861973447,17.009553847110737,3.2404481565320653,4.259515232095036,6.730259605768899,173.12189970317166,244.51419451699928,8.187216778940416,2.2103751585165394,3.1579350522210046,13.49554280115492,0.4663624229866278,0.6710088564075292,11.618862054191213,4.309583789684345,6.175898366594779
Baudelaire poems,Baudelaire poems@21828,-1,187,180,3.8245253562927246,13.54042369238247,181.6336031496682,242.41579151664564,18.461694797184915,3.1268686053493964,4.115081659347822,6.360042724750248,173.48452750953686,243.29871043083736,8.329417001921458,2.206763900456264,3.046153694757372,12.66372777398277,0.4711923319335075,0.6761231832991014,13.162658730584718,4.286737272089475,6.1364469792162035
Baudelaire poems,Baudelaire poems@28890,-1,182,172,3.4842889308929443,8.995843158136113,188.2832402390677,259.23913530181187,14.284542556229885,3.4288252244157444,4.508167095197883,5.880198040057654,169.62675226404616,241.19369922904397,6.162193301985956,2.360744269975541,3.1959198806274047,11.357449544876323,0.46974169703581525,0.6758525586889567,11.572260788592525,4.319035003012277,6.205845730640695
Baudelaire poems,Baudelaire poems@32100,-1,178,175,3.414907693862915,8.782873925441601,190.55896744014592,263.2338570009133,17.541800401361808,3.229457693710665,4.266178728368786,5.874971527569177,174.1268978911869,248.93615860655925,7.78275613752282,2.3095843016063498,3.3113034933398824,11.240938121305357,0.4672564881838276,0.6741866487384157,16.021578489284668,4.283118162302573,6.167448163101724
Baudelaire poems,Baudelaire poems@27285,-1,191,178,3.718641757965088,10.868661512058168,181.96822327057222,247.7477313989781,18.890636088178724,3.2491997304616635,4.249674178456559,6.498422607316495,174.46268077519397,249.00899841329806,7.253181457158555,2.1342117146496022,2.9654957355724183,13.828173258861389,0.4680532222727426,0.672650514140444,14.48075032763213,4.3152352440885124,6.194516848050686
Baudelaire poems,Baudelaire poems@17334,-1,185,181,3.2334089279174805,9.677264631149617,188.7760194965424,257.00348807998796,18.023125091345822,3.1981670777374758,4.1653800203077,5.967672889812707,171.63422964790703,242.02882833560247,7.288270987574208,2.2697866127043604,3.047721992621623,11.79713126156363,0.46190922100880755,0.6626094211553097,13.687165642265777,4.337383172617753,6.214210842273788
Baudelaire poems,Baudelaire poems@1926,-1,179,170,3.4340147972106934,9.890839696127669,187.2718251864664,257.01215013735253,15.880411299515872,3.2216282811366552,4.2286634545883635,5.563253543978971,171.20733208029282,240.64016880823152,7.885786625630044,2.057436957641568,2.95942355869236,11.652131856663965,0.46731023805799277,0.6744455885360658,12.602393893079684,4.326204795648195,6.200315144307778
Baudelaire poems,Baudelaire poems@40767,-1,174,173,3.2154476642608643,12.121763296983579,185.72036252162604,256.06537609340995,19.576245496934717,3.2880692309506467,4.29462970050095,6.230200656218609,169.77345181953513,243.7303297469695,7.506869306363233,2.158135427213862,2.99306130232755,10.871863273470472,0.46335354369472215,0.6645639349321177,11.904673694089773,4.3387442736041155,6.233197289030745
Baudelaire poems,Baudelaire poems@37236,-1,180,178,3.5228588581085205,10.488960930739125,184.88033320097026,248.3586706707811,17.726697387279344,3.290626169156697,4.271673585107332,5.481805942479258,176.8747061539649,242.72441354288773,6.120435388726933,2.1845148393219302,2.9929724402385056,11.107139552652919,0.45942640736679424,0.6578371261243615,10.979828526712566,4.371540233305076,6.236918938955699
Baudelaire poems,Baudelaire poems@4815,-1,181,159,3.372319459915161,10.625808137538124,180.75981597475075,246.54077997641937,16.085344953566995,3.302118487840769,4.287594135333852,5.451470530995469,178.22822095831907,252.30199565318327,5.6969158393391774,2.327680008137267,3.2284555166890736,10.814510671462296,0.46115755567251804,0.6624531831755548,9.758334705479955,4.274410990798931,6.1415711108590525
Baudelaire poems,Baudelaire poems@21507,-1,149,164,2.8614349365234375,9.274051082853537,194.48132918344555,267.5925790617846,12.015166193150543,3.470960460839234,4.6150182186119695,4.652890056396207,177.30859446572214,260.36222693846537,6.38548163759398,2.166419412184112,3.0318283201591143,7.2887488886790806,0.47238266119839223,0.678713498006989,10.602529170223969,4.334869708122306,6.233780893936087
Baudelaire poems,Baudelaire poems@15408,-1,174,166,3.349942207336426,10.337677259376017,184.2396254695568,248.7075078431891,15.733783929505853,3.261075230085286,4.2647413213216305,5.735532789922007,172.67395842357058,244.9593614122023,5.887025889905576,2.2081916312059766,3.0421878064661927,10.860260019717819,0.46224112425771835,0.662858280559806,10.280738541839215,4.295483378587692,6.1499799618842825
Baudelaire poems,Baudelaire poems@25680,-1,183,176,3.4811744689941406,12.34794513051861,182.8877640790136,245.8587601764914,19.39133952320569,3.25157807074398,4.276668189555503,6.004995783809647,173.09586213202292,245.17741669790522,8.442107102835726,2.1533081959339415,2.996865578261242,12.476022351824327,0.4641031726345679,0.6664349089894277,15.379280066483778,4.278743611839319,6.151688111591462
Baudelaire poems,Baudelaire poems@17976,-1,179,173,3.796109199523926,12.519231917640234,187.56375688842382,252.3153450541669,16.69549832373372,3.3128833007716847,4.35040893669677,5.658201000553362,179.58159216478958,256.2016305842494,5.67386822052417,2.219919834215422,3.0525473556140366,10.154222338204997,0.4691365147232865,0.678019872941932,12.028145273673028,4.314924204982669,6.176083551098336
Baudelaire poems,Baudelaire poems@40446,-1,150,150,3.233210563659668,8.524568700675934,184.1466095425401,244.41755941252018,12.791134981921653,3.316463866511917,4.36010837615129,4.71303414806911,169.53596235186717,244.44051418352112,4.941500063937924,2.180332147849379,2.9715602074776735,7.577372687468428,0.4635870674676913,0.6673645090096143,8.118113863101785,4.330502473491685,6.202785764072829
Baudelaire poems,Baudelaire poems@642,-1,184,170,3.248509168624878,9.435462729837228,185.88040851334173,245.70109853237804,16.470293940162957,3.3610196316207084,4.378530391118013,5.861334195886485,175.6648524556838,242.77696904874304,6.208323207668045,2.2498272906493586,3.1445881289929734,12.008285075480899,0.46170983508661334,0.6655727948319611,10.562729876726197,4.337646598550887,6.22007387392841
Baudelaire poems,Baudelaire poems@28569,-1,196,186,3.568836212158203,12.379755050428274,189.6582032362325,259.114796419512,22.737002763230077,3.197753254796692,4.184073223400092,6.896513667506025,171.97883072742331,245.65897573638398,7.554383483202895,2.089515708429034,2.956073769591415,14.766748125908416,0.4695918969812065,0.6684252348904411,15.329870053386882,4.369562347645177,6.2707590896396725
Baudelaire poems,Baudelaire poems@30816,-1,175,170,3.3773674964904785,10.119601462245608,185.86095996768358,254.9419438800929,16.190081556050377,3.2556518343444876,4.306085688558723,5.7822656532635355,170.12395980911543,243.27950894368172,6.265934526575568,2.208302595559897,3.0834034533940096,11.126688456767397,0.46923245602575364,0.6742624193555062,12.540288238889138,4.3104891106080565,6.225227959704343
Baudelaire poems,Baudelaire poems@23433,-1,177,173,3.8891983032226562,11.798475022974367,180.2557046334996,232.58689607039796,14.667087551690528,3.3495011769512706,4.29824389461605,6.07259492412124,179.64323656925035,247.46885724073283,6.19415405636317,2.246962546126726,3.017572561102597,10.55273709679522,0.4646277260793329,0.6688422670766764,12.065264542076187,4.3234028596691125,6.169661293531628
Baudelaire poems,Baudelaire poems@19902,-1,174,160,3.5764617919921875,9.39668845954864,180.91131628249815,240.76191156068694,14.101031413903911,3.3538512571681967,4.320831222282964,5.4264807821138925,181.90180111159742,253.0904085874892,5.970690421508564,2.1569893066747525,2.9238895546689267,10.922041799581088,0.4615184082293673,0.6636450978800881,10.524849718083802,4.274747553468092,6.098551792853128
Mallarmé poems,Mallarmé poems@1284,-1,179,180,4.174986362457275,11.650273073741085,182.1340257644481,238.1792280469117,19.64329291877329,3.163079514260439,4.1113552601102255,5.833708270499394,173.25789887434638,246.44261508164325,7.790448720744848,2.084306504684906,2.8693135044652665,9.894787721560284,0.4626214317132308,0.6650126363616875,12.447737692039652,4.33375162680498,6.176471855735929
Mallarmé poems,Mallarmé poems@7062,-1,144,133,3.3167293071746826,9.552428953465764,177.01488423817702,232.64440141021245,9.18634796424743,3.491193998895308,4.5254066792590635,4.101938882040133,188.93528401873112,252.5577941108055,4.972882973771751,2.150336260521085,2.9393015043783226,6.674019459922914,0.47253895281135067,0.6780893960375188,6.7382535666102426,4.223554534099808,5.980688228786016
Mallarmé poems,Mallarmé poems@5136,-1,190,178,4.1918463706970215,10.550994010556268,180.39091459340995,247.90511442502543,16.68437041563327,3.1349789412054507,4.129318825371125,6.100800465391553,180.6713559680653,254.17438901736293,7.007863945648793,2.1179420994123053,2.9837126839316834,13.679040745162292,0.4709392770056349,0.6759754435712474,11.328602513147153,4.319779505571049,6.210573589503027
Mallarmé poems,Mallarmé poems@11877,-1,191,188,4.013670444488525,10.126314951906782,182.14613475506343,247.8208942670461,22.331598553580005,3.2427453155362276,4.264779020762169,6.235188052035208,183.98027134072876,255.97420489079798,7.081374704874445,2.183728837595696,3.0066279562174483,12.25330275787504,0.46817335145245775,0.6700957054566993,13.01040622269175,4.421027071715322,6.335590526083999
Mallarmé poems,Mallarmé poems@14124,-1,187,185,3.6914896965026855,10.999524024364014,186.92152050622613,251.89733871589698,23.752381087661774,3.2167569377256156,4.137683191976997,6.515965622893912,178.32584544607823,253.57589415133378,7.434761946089257,2.1677717937439773,3.0452103876968035,13.11997468291887,0.4640139274768112,0.6676764479424505,12.25233207730239,4.317555651898349,6.195823088976982
Mallarmé poems,Mallarmé poems@7704,-1,178,172,3.794476270675659,8.545559223269105,178.20652686310103,239.28366266388306,18.3443422765325,3.203729678409078,4.119389319258048,5.315826925556265,174.2733456907485,245.86950081763393,6.891944427407012,2.1188469228997855,2.8809601564325464,9.97911650880262,0.4685311236818564,0.6730891197874315,11.491595403662314,4.335145047679277,6.187354509002409
Mallarmé poems,Mallarmé poems@16692,-1,186,181,4.1312575340271,10.165868038068188,184.42716668351122,248.82270372790185,23.333652158796628,3.137405311597133,4.114683575588865,5.696722729764159,180.954720913281,256.41384936839836,8.102406083308244,2.137581391031226,2.975333099579197,11.772826879496712,0.46851156305398656,0.6721356655564521,12.968172294874416,4.294998758119332,6.143925726681086
Mallarmé poems,Mallarmé poems@4815,-1,172,175,3.579047918319702,11.230589119742113,183.95125347385488,250.45586684146775,17.814936930540643,3.2322977284600536,4.233479574516437,5.427904714567528,180.09110417528066,247.4806674541028,7.3825717438871346,2.2224983080220984,2.968385322815115,8.969964544295285,0.4649307263012774,0.66525985508983,12.317886647887926,4.316273378176698,6.1523539469336725
Mallarmé poems,Mallarmé poems@7383,-1,183,176,3.736980438232422,10.88283751767694,181.96174625086923,230.5634781558783,18.456081452976008,3.165922659268488,4.037800336502546,6.639982957209964,181.70955368719035,248.3189294005929,7.45606499732822,2.180378586161761,3.1907079222760846,11.074494348535557,0.46696254821087513,0.6694271827743091,15.180978357237633,4.24769810645099,6.085416460715011
Mallarmé poems,Mallarmé poems@5778,-1,185,181,3.7410829067230225,10.28051309255232,185.92549965595154,256.24283420691506,17.716736322904417,3.1818757066830705,4.21353374621207,6.098828334040534,172.45725727344757,242.00692560161656,8.331426630569771,2.1626185916069636,2.9693468478877523,12.456397403200725,0.4658476598130799,0.6664746207505103,12.30790135673813,4.337275929903752,6.210764986089115
Mallarmé poems,Mallarmé poems@3852,-1,186,176,3.8331305980682373,10.863199291936354,179.3004468641712,244.99254697023562,16.055012304569413,3.0748379715456187,4.017171101080773,6.398950770398501,173.4710727500465,245.25634741361048,6.095860826310677,2.170669860094955,2.859724150016166,12.109276606271825,0.4627044470767425,0.6618408312042091,11.540138450003816,4.337604132663956,6.184005864918214
Mallarmé poems,Mallarmé poems@15408,-1,194,198,4.324227333068848,10.03309475992685,175.0041906571617,235.30861459740908,32.46548953228871,3.1875784181487026,4.201272177351665,6.123552400234207,176.7064482837781,243.9767468608518,8.333970072896888,2.032500315968784,2.9012922464651125,14.146484521426572,0.47241586295307497,0.672545181372569,16.165392815159674,4.4289987997754015,6.3383056281241394
Mallarmé poems,Mallarmé poems@6420,-1,187,173,3.758204936981201,13.68232438089039,183.85973421978437,248.3833980799046,17.45688358725008,3.2135757495888804,4.239041811491928,6.404488032340244,176.8233395164789,246.82853280563702,7.350045807485337,2.138716221122479,3.0095714063769545,13.790179613048663,0.4667743952197231,0.6668325751498538,11.463243409376219,4.277780559696955,6.152386912388285
Mallarmé poems,Mallarmé poems@963,-1,197,193,4.0796613693237305,11.287952174375645,183.31413135128417,243.57666029046123,19.113767455249935,3.1688244914037935,4.130917537421241,6.82194581514883,178.04666874151576,246.572194126421,7.3657451194426775,2.0997125430411026,2.8899249364850927,15.65954098682137,0.4709300667358943,0.6721880281319118,14.979045251833808,4.349017746201904,6.223248438201685
Mallarmé poems,Mallarmé poems@8988,-1,174,172,4.5198187828063965,8.540288947951943,163.24577654335738,212.12647741272383,14.543594548372916,3.1183478334820967,4.086914983794847,5.753200274119692,183.69443469588856,249.34912784494912,6.970107085768358,2.2494482146059016,3.173497665834479,10.369986261314017,0.46665920849232145,0.6700885347872924,13.178134397826248,4.296625460319074,6.100739219316582
Mallarmé poems,Mallarmé poems@0,-1,189,181,4.266844749450684,9.51720451512866,179.45106702928376,242.76045432014433,21.231967419867072,3.1709870746078748,4.229691069004041,6.194768080641364,178.70346102871878,249.76907027240833,7.323463944723869,2.1409718016209833,2.9526919666464857,12.302341748652793,0.46864456772337665,0.6726341747504385,12.145569139123067,4.3276750047663395,6.231964431268135
Mallarmé poems,Mallarmé poems@11235,-1,183,178,4.185385227203369,10.270421180204993,182.97021516519203,245.26569550200844,23.447859314488237,3.1755622737644087,4.168159788888332,6.019586303865732,184.72009641094195,259.9316549166032,8.868878298281464,2.173304040081561,3.00554634154255,11.71824239315067,0.4667982621955473,0.6725419933227388,16.219863645831914,4.272229595108885,6.140971701873976
Mallarmé poems,Mallarmé poems@10272,-1,173,178,4.177018642425537,9.126529166086758,181.98687483139935,242.19961614596218,20.67172448476256,3.1313470614874213,4.206321240202202,5.6851973988357765,184.64646454004404,256.53195922594676,8.28545952174685,2.0901909978892705,2.833452848081672,11.018137562146023,0.4647759865487895,0.6653696359825315,12.835799544701644,4.341056461165004,6.234950583524275
Mallarmé poems,Mallarmé poems@5457,-1,181,172,3.9481704235076904,11.87429523037162,183.99828133421667,247.34137181443668,16.991714334039816,3.1122063355889518,4.069026219386946,5.770102583978674,179.0092451388837,247.32715213558865,6.408298150039641,2.193004695155689,2.8473967758163794,12.57205148738533,0.4617438840466229,0.6624200330163766,10.197770394184458,4.288120495967931,6.1223489842473615
Mallarmé poems,Mallarmé poems@642,-1,168,161,3.907848834991455,11.937172633757234,180.00886660732607,245.20532867952969,16.974916266301822,3.2440443287015652,4.269605344563367,5.489152066456174,174.33590852793236,248.2659636615598,5.95448567603042,2.1746230514043754,3.016932519985356,9.042230536393115,0.4594405503057747,0.6613556159503019,10.857034276386093,4.2133171117241375,6.04062458056104
Mallarmé poems,Mallarmé poems@10914,-1,183,173,3.8118736743927,9.69657993871823,176.54106370746442,234.11250112009031,17.942746032558404,3.2290221976683715,4.251897800955949,6.119244597976157,177.61977918647398,246.9633862870618,7.767616522824906,2.1934662815243127,3.040853233726072,12.2862330973277,0.46592399794311257,0.6662273454928138,11.79939178916697,4.233072295082065,6.079603892084109
Mallarmé poems,Mallarmé poems@2247,-1,179,171,3.63777756690979,9.022695478404641,177.58707463265142,238.34110147855037,18.575138114352768,3.29017018531142,4.310613218831222,6.025844478689048,175.75256615212567,246.7303479243027,8.868064518819955,2.2279811393329387,3.002856542598088,11.04705069303685,0.4677574791188609,0.6679260521378912,12.788900505209135,4.276713086328923,6.152117402232305
Beckett L'Innommable,Beckett L'Innommable@77361,-1,129,104,2.6602988243103027,9.536999898317935,167.93828534576755,216.4070847288738,8.031434242815864,3.161741184791269,4.267701519860823,4.037293300738129,177.28316386856716,249.8855672307724,3.936968999098259,2.1425716450838364,3.0111949325360605,6.026800214138137,0.46676190124234795,0.6780703634084815,5.137540555950207,4.093375531548993,5.980177035890326
Beckett L'Innommable,Beckett L'Innommable@22149,-1,176,166,3.124546527862549,12.078471857583496,186.40277090482886,241.58420560919248,17.880000191657313,3.497493647253709,4.482930620694184,5.350949129295011,173.07910657903912,246.719206070844,8.883372062612551,2.337679799011722,3.3073224409107898,10.804096546517009,0.47126088684726275,0.6760161014918172,14.73087679447922,4.260036027063879,6.110287524957337
Beckett L'Innommable,Beckett L'Innommable@96300,-1,108,86,2.0792531967163086,7.158057545232508,164.95316695354825,208.56791846076484,7.3609151640774515,3.3506973750813813,4.323352630167436,3.449095454613845,174.0669196514238,250.0836984232224,3.373665711824303,2.1962220081448867,3.0210722043111637,4.4947412041609685,0.4593884248307702,0.6727378020952206,4.111982440367352,4.060010974309719,5.870892699420213
Beckett L'Innommable,Beckett L'Innommable@17976,-1,144,119,2.739377021789551,8.74086919772811,171.2232501446031,224.12002751969894,8.090208917681421,3.4481996552354874,4.605690687845257,4.187648429044697,176.07115531858273,251.38790568044266,5.016980351126424,2.1442346617086914,2.8815385265886917,6.866952440988794,0.4700017727956196,0.6851163673977166,5.570441089605867,4.125575298136278,6.024567353835402
Beckett L'Innommable,Beckett L'Innommable@44298,-1,152,136,3.256880283355713,10.922732830880506,175.24273630977618,217.7837199378617,13.522377076221467,3.260917970873183,4.170059093391293,4.835980462038967,179.91684129917053,250.22642056144073,6.046381473014795,2.1965329168488505,3.0371830133095803,7.854775846529551,0.46504923677278087,0.6743798996239782,8.615002993285371,4.20060037029271,6.0534859025094105
Beckett L'Innommable,Beckett L'Innommable@22791,-1,179,159,3.2513766288757324,16.78970616596567,185.07677754436412,233.36155861542002,13.222686774425432,3.514319964188287,4.4653662349818966,6.3277965239120535,175.2559504968291,243.39865338856004,7.21748870231488,2.191158184911254,2.9018163134354733,10.423684296559367,0.4678094541581249,0.6690176345001759,10.01631166822127,4.237104239890707,6.089369880588053
Beckett L'Innommable,Beckett L'Innommable@963,-1,155,140,2.8311901092529297,10.018867943638599,180.72343955400066,234.35027767722005,12.072052873034496,3.250579936848668,4.162182438585718,4.920758399457431,173.60675776543093,239.88096317909094,4.867612247367673,2.2507516661975937,3.117432368348313,8.381669465139185,0.46258160656126,0.6697562092439393,7.302826933805606,4.122467641716375,5.934275014143753
Beckett L'Innommable,Beckett L'Innommable@24717,-1,177,165,3.179560899734497,13.100210735261966,181.24906013942626,226.97306805571236,13.566704633361061,3.4583504641837974,4.457682267199539,5.388618007902516,172.26517285912388,241.1077186938491,6.402784850047482,2.189408771288569,2.939081322781574,10.84382672086204,0.473329283872286,0.6792211559849815,10.860263976550115,4.2490577167481405,6.098418532021203
Beckett L'Innommable,Beckett L'Innommable@28248,-1,152,143,2.866194009780884,12.196937842042116,185.83958576987408,233.45916255857372,12.275505555002477,3.282758991489424,4.230869368502699,4.920366094026349,176.07888637427834,247.7638096742471,5.523403123869712,2.226990260325839,3.037990235663633,7.314671316716127,0.47142773695739915,0.6817269884720023,8.283058160270327,4.190523023411993,6.037699839613486
Beckett L'Innommable,Beckett L'Innommable@21828,-1,175,166,3.1256113052368164,10.547280256955533,190.17171201472166,242.25806631681684,12.859312790349142,3.381275416540571,4.357931822580632,5.9660966161254665,177.02388534181665,250.18074835491598,6.8255947775973915,2.261314759855856,3.13076736646177,10.611079265598677,0.46921529649523464,0.679475490572328,9.54795878321679,4.2602558101689105,6.109651772300167
Beckett L'Innommable,Beckett L'Innommable@99189,-1,110,94,2.4223241806030273,7.370794838349507,167.73384739423074,211.474701374841,7.3050043001784815,3.2520433713255423,4.314281394148329,3.5373463701305288,171.63297441100272,237.41478791270853,3.5452491394406938,2.1577787576045897,2.9420731978006116,4.684862248063791,0.4605329948020366,0.665326661652429,4.314355070472132,4.105354093708213,5.940788238244099
Beckett L'Innommable,Beckett L'Innommable@21186,-1,165,156,3.257018566131592,10.482614853327455,179.10818522697383,232.80361106727082,11.881414532806488,3.390579923158178,4.382944315995134,5.421876629501651,175.18733776619425,248.75348476901556,6.496445429833012,2.240226112604182,3.045830462699743,9.132616058021569,0.47425582548460254,0.686580682969094,8.824432316729949,4.208071262123777,6.0548662139931695
Beckett L'Innommable,Beckett L'Innommable@17334,-1,138,119,2.933910608291626,9.262961525855419,170.43738865019873,221.3855671347745,10.994938785483193,3.2814497305603973,4.23824823043792,4.126898432691125,176.6248155376935,248.01065540472473,4.204235267587862,2.3549676383923277,3.2160442254280452,6.466883510678045,0.46300237125461835,0.6701807079506993,5.503051491620675,4.145496250592187,5.958303413205495
Beckett L'Innommable,Beckett L'Innommable@67731,-1,155,152,3.1488962173461914,9.70159331056231,179.49446146767994,227.35790213222378,14.827747667870021,3.326344951659384,4.378381250528233,4.590849064748426,175.92127336110002,242.94330888967127,6.269225061754327,2.1977539803897264,3.023811830831354,7.871169284117545,0.4712790705709117,0.6777878754206852,10.276103909244396,4.2068220416591515,6.072746150265905
Beckett L'Innommable,Beckett L'Innommable@80250,-1,145,118,2.7753052711486816,10.597179831720718,167.42183598701345,213.58083430920703,11.508043888765188,3.185732278733801,4.2354156147765485,4.629135153376461,175.2195880480085,247.9353055365213,4.7366458818512465,2.288471549829466,3.2237669608797854,6.94787184718879,0.46496755162021447,0.6762841622662579,6.548729438639455,4.113687089374195,5.993453675658195
Beckett L'Innommable,Beckett L'Innommable@87954,-1,138,123,2.7750091552734375,8.948345512153473,172.8729233240507,219.82309473869813,9.630311281900774,3.2778963271491293,4.3122604325487774,4.155953874277508,174.86745955146463,249.984458746426,4.712276619458454,2.136872387493871,3.0093167656072786,6.508933364395094,0.4673561189393685,0.6795885529772057,5.861550452311644,4.10119871158366,5.946459457192187
Beckett L'Innommable,Beckett L'Innommable@39162,-1,158,148,3.2305707931518555,11.205622027802974,176.51517255725702,225.48493661744013,12.535018273265704,3.344649177144799,4.324899616875304,4.847038762776683,173.5171035548376,244.13305446243797,5.278916864324212,2.1790345535113405,3.006528920021669,7.991340266163575,0.4672368288621566,0.6720143850723542,8.176972143059222,4.2469207644839715,6.114160740966699
Beckett L'Innommable,Beckett L'Innommable@2247,-1,171,161,2.821875810623169,10.142116968225695,185.22882152358787,237.7399082049053,13.077000527404978,3.489598829496251,4.509206760395802,5.221661617505005,178.88560984422756,248.75285343234427,6.2154087593897485,2.296583355146726,3.147546054918585,9.664679831499909,0.46795085368725564,0.676517480091192,9.872174551402406,4.238097583722363,6.106567643712556
Beckett L'Innommable,Beckett L'Innommable@31137,-1,174,164,3.0986616611480713,13.269218440741383,187.3618821330905,238.51984478295157,16.870866799286134,3.3528259008910206,4.309305553672563,5.704565868950709,176.0112416597761,246.05060914238385,6.229398046582543,2.278015477079563,3.0761612025354084,11.14546631839031,0.46571674134642055,0.6719057932868788,10.621126845189062,4.26360209654183,6.114515689212545
Beckett L'Innommable,Beckett L'Innommable@32742,-1,175,163,3.0114660263061523,9.99893005056744,186.52698456186428,235.56005001084696,14.01338934381127,3.271303923101033,4.168949864865923,5.264346139675559,178.17151624380733,247.3907944122677,6.5966592419963375,2.1643769321807937,2.9422534222383447,10.768021821621986,0.4707811575543662,0.6800000602840165,9.731921567575858,4.21219734916065,6.069348973848952
Beckett L'Innommable,Beckett L'Innommable@9309,-1,175,156,3.261706829071045,11.862265485217096,173.64922501790895,224.57516487569492,11.983113166347742,3.49138088843966,4.492460548732193,5.52002177772161,173.61895594748944,245.05415518888373,5.847102752755142,2.26223093653814,3.0823650714217865,10.884368645527639,0.4710036222501842,0.6857285836675898,8.980705030818571,4.172804709460948,6.000647316116802
Beckett L'Innommable,Beckett L'Innommable@83139,-1,121,105,2.458564281463623,6.87049570708979,181.8916280964276,238.70636674717124,8.115985282119725,3.3596832277724746,4.413466270391075,3.690402116887197,177.55714676258248,250.45283408514533,3.650699385020955,2.212343941420955,2.9350614675782833,5.357124354467115,0.4643464827796128,0.6725837296303657,4.683728365215358,4.120748049465627,5.9868233571419465
Ramanujan proof (Andrews ch.5),Ramanujan proof (Andrews ch.5)@3852,-1,155,143,3.8535404205322266,8.605925980470856,153.4515504755077,167.88632776155245,11.596506881970933,3.3097850044955743,4.087030694280718,4.5213960089831415,185.50080499310923,241.97027225509603,4.767933495645695,2.2049496228143353,2.8588177933090093,7.371969087568009,0.44667081299279293,0.6220588282753717,6.292121725867422,4.079207256681498,5.810683383886533
Ramanujan proof (Andrews ch.5),Ramanujan proof (Andrews ch.5)@7383,-1,120,114,3.5054335594177246,8.229011735491063,135.0995107504146,161.1952498643223,8.685074916869011,3.591257125375722,4.736103278595417,3.3088475277661034,178.95086144548577,245.20166670166807,3.6604502808689854,2.194441028052883,2.950215836252289,4.5299220346401645,0.44105573723418523,0.6147775542317767,4.537165329656891,3.9027280937770743,5.501637734151721
Ramanujan proof (Andrews ch.5),Ramanujan proof (Andrews ch.5)@5778,-1,145,154,3.3575496673583984,8.780129623019914,157.85987804453742,175.366456454364,13.028287968728383,3.30589379676372,3.9842741855573847,4.239446792442362,181.4268947985703,239.30217532267028,4.966070458034511,2.262051130782732,2.9034968049917462,6.395759248394228,0.44493246712077433,0.6163278699781376,8.16192593006726,4.155790622362295,5.729956999260164
Ramanujan proof (Andrews ch.5),Ramanujan proof (Andrews ch.5)@1605,-1,151,152,3.213580369949341,9.600529238720956,170.2530747161448,188.22339005668712,12.14302470292936,3.3013941086402863,4.124017943043794,4.4951642300172745,184.06994182300477,240.7539185369358,5.310254438470282,2.34683938181473,2.8736195734772814,7.959423875414174,0.43953483242981056,0.6162011931386253,7.479448534216892,4.140280725528863,5.823235187411036
Ramanujan proof (Andrews ch.5),Ramanujan proof (Andrews ch.5)@8346,-1,123,146,2.0858852863311768,9.836749995892232,186.00058439563236,217.7238042067603,10.033251779602368,3.696563939118135,4.742393034001659,3.6796961090346163,178.6362003780265,216.79578034751444,5.296579389288428,2.229889035249024,3.0896085444265324,5.617498696615574,0.4466112427141983,0.5923986507009164,7.153062082796256,4.190670950103718,5.990941711628971
Ramanujan proof (Andrews ch.5),Ramanujan proof (Andrews ch.5)@1926,-1,155,149,3.5888681411743164,9.976606453972007,171.03751779735074,175.27053735399826,13.92822444790798,3.424027768878913,4.238209319166841,4.289370846050593,186.68133394406578,236.03716972274023,4.972625077092917,2.268263900394128,2.9059539964281202,8.104442641163411,0.44382179247156617,0.6163664391375239,7.3998204076882965,4.107568996978931,5.814123542351932
Ramanujan proof (Andrews ch.5),Ramanujan proof (Andrews ch.5)@7062,-1,133,119,4.055661201477051,8.808345944901319,132.42034177641082,163.90242945841985,9.603859485130046,3.4748534470703523,4.502171351595312,3.9646925170828218,181.47591238386246,256.4512843876122,4.13259803749895,2.1666882298045715,2.7408334204128337,6.279653020224806,0.4413324796003388,0.6248659972619407,5.225843290723984,3.9116402126307634,5.462480706206382
Ramanujan proof (Andrews ch.5),Ramanujan proof (Andrews ch.5)@8667,-1,82,109,1.4399023056030273,5.460441685202272,178.54051825456344,216.17482833191676,6.520362613654407,3.910173488172923,5.2191969931615585,2.7370050870653055,172.13946415849688,217.1144946937321,4.267749202319347,2.057694797350575,2.8006039126113,3.6943204042772475,0.4357091525238419,0.5800100008950622,5.080118410556432,4.029374489356794,5.929484429205947
Ramanujan proof (Andrews ch.5),Ramanujan proof (Andrews ch.5)@6741,-1,148,136,4.179995059967041,9.6658854507546,143.1716872559046,172.86012285732596,10.768739769741465,3.3858236946904943,4.405336892258477,4.085235698926034,184.71523496219385,248.85395130498821,5.137924544042908,2.193275340882768,2.90028428506699,6.723231619792981,0.4462865564488028,0.6306225582125428,6.354596844681429,4.027184252078403,5.72124393213349
Ramanujan proof (Andrews ch.5),Ramanujan proof (Andrews ch.5)@321,-1,173,169,2.5715646743774414,10.31194450955695,191.51205237849916,205.24114677620847,14.44238463139484,3.2141776934389057,3.8391133369750907,5.0747067933318855,175.75412280808905,223.51471096236807,7.5268857998532726,2.2420737202247443,2.993780888103536,10.198430399890807,0.44255784070534593,0.6157221409937181,10.364417744162422,4.097876688098536,5.761609019246527
Ramanujan proof (Andrews ch.5),Ramanujan proof (Andrews ch.5)@6420,-1,114,148,3.129485607147217,9.086811374692688,152.6409428886127,162.23382465850338,10.778034326737052,3.4504110830691688,4.456216975099068,3.709809754433369,174.8194671017382,215.6417536606542,5.026408772678738,2.2188201170425224,2.9296299919773605,5.111889268725903,0.42834601833419594,0.5672432962068418,7.257432229132458,4.057023383501128,5.759490846729927
Ramanujan proof (Andrews ch.5),Ramanujan proof (Andrews ch.5)@2568,-1,151,156,3.3751420974731445,9.443452657533713,168.47886820850897,181.02015403726585,12.557539201379356,3.302932181425454,4.089293439300158,4.174615266938869,183.83279431063636,237.2600384749236,5.351782519016608,2.3007955001926628,2.9722829484970736,7.4852908574853245,0.44153802692816363,0.6225659112902202,7.606301383922468,4.147499303305523,5.888640555580225
Ramanujan proof (Andrews ch.5),Ramanujan proof (Andrews ch.5)@7704,-1,137,153,3.4658851623535156,8.298763285518369,169.90868971317764,185.37193349756143,11.393623624824023,3.6150491279835437,4.641826656958673,3.68382888177308,183.0565876212188,231.836953092213,4.968961899370117,2.245050103110266,3.072031150007552,5.504268134003575,0.4421837910565031,0.6083539880925855,7.476961305634649,4.098890140563152,5.837173646778451
Ramanujan proof (Andrews ch.5),Ramanujan proof (Andrews ch.5)@6099,-1,156,161,3.9959797859191895,8.683035183011933,161.14301426615603,175.2980530880054,13.908834369768337,3.309208401706548,4.085776646073133,4.394212566801998,190.18583407613139,248.216711370426,5.889812433177611,2.2822755128590098,2.929285530095423,7.439575242874905,0.45062079303342517,0.6281384590823785,8.529139667726291,4.137606817335837,5.8528973654216765
Ramanujan proof (Andrews ch.5),Ramanujan proof (Andrews ch.5)@963,-1,159,156,3.4954986572265625,13.586342063828702,162.0062387454723,190.88238065167715,16.35222648369321,3.254083761667287,4.086433525583336,5.59511078616763,165.1476523582748,222.92593456394317,5.5502754489605275,2.154362614828627,2.906874801916957,9.587039435075662,0.4316117098275004,0.6189407710035582,8.748460694393119,4.074809046754233,5.808742652223881
Ramanujan proof (Andrews ch.5),Ramanujan proof (Andrews ch.5)@5457,-1,112,117,3.0276355743408203,7.374861680427359,143.73170287479513,165.9129875038608,8.3695777521947,3.6540529580977283,4.619055112293805,3.3590901313243613,172.00062340409397,227.3306540437336,4.229101939201676,2.1378278182049253,2.7174810017010578,5.108811868493061,0.4281710923531125,0.5949412114068402,4.691417502506616,4.091248191729985,5.771626392313679
Ramanujan proof (Andrews ch.5),Ramanujan proof (Andrews ch.5)@4173,-1,130,139,3.63161301612854,8.675058767388157,138.39795665377653,160.13674431058314,11.806263398687465,3.3862895672082387,4.2742404565284735,3.662957861685662,179.81197027875496,237.2100363089638,4.531671820195963,2.1707565230025985,2.7246893416243663,5.512129150449998,0.43399292838008896,0.6008527325243452,5.9192509114204315,4.0049930382059955,5.674983336921978
Ramanujan proof (Andrews ch.5),Ramanujan proof (Andrews ch.5)@3210,-1,130,138,3.6623787879943848,7.2208053886111045,145.9449783365244,164.99720059498756,10.802460784817653,3.5757133079712413,4.466596783249807,3.543207522159213,183.3520067944844,241.0880756167363,4.78344322190219,2.2293650810640884,2.892195038072139,5.520956415077758,0.4413818628644669,0.6128703740081003,5.9275627879846375,4.083634570234377,5.797503155337833
Ramanujan proof (Andrews ch.5),Ramanujan proof (Andrews ch.5)@9309,-1,92,121,1.6173938512802124,7.151636665394702,177.06089835860462,215.0007482501938,7.45955372379283,3.731255575844571,4.938447487859724,2.835335974168148,170.9502496493212,216.40257517656377,4.284011306753736,2.060594941762873,2.767752904535593,3.818423568147318,0.4315640460072172,0.5832822996237643,5.98707725511219,4.013295520633875,5.894922034965697
Ramanujan proof (Andrews ch.5),Ramanujan proof (Andrews ch.5)@8988,-1,98,116,1.4962252378463745,7.913297696475986,180.13765531571346,214.85962124168262,9.429695679067505,3.6955897835427187,4.888550325378984,3.1864461289930706,179.1756335228947,223.66674466160998,4.35252951975069,2.005830994523812,2.8000870337286927,4.363632922388711,0.43980952656711425,0.5833605327114458,6.177472408005612,4.078238971047838,5.949204833654394
Ramanujan proof (Andrews ch.5),Ramanujan proof (Andrews ch.5)@1284,-1,124,157,3.211028575897217,7.732551037564,153.75235929140328,152.84598469827773,12.171556484849047,3.5637446532594206,4.356816586027263,3.6788607515139833,174.19126340686648,204.9112116934299,5.340649399270776,2.2085444469750475,2.7661510680862658,5.330013845496651,0.43539814733201787,0.5677078443693321,8.56488640412804,4.156611998022161,5.812024328787968
Ramanujan proof (Andrews ch.5),Ramanujan proof (Andrews ch.5)@3531,-1,119,121,3.6425671577453613,7.520009482176241,141.28098701509572,161.46071165137008,8.521201810212714,3.4987789189634944,4.433059487277062,3.2476625921609705,183.70859050660755,246.56000864492785,4.19334171008332,2.183430794067785,2.910452852264205,4.528880866013716,0.43634990329498013,0.615669088472902,4.876755681859524,4.071758798754145,5.823759099667241
Math ch.1 (elementary),Math ch.1 (elementary)@5457,-1,122,136,2.8392958641052246,8.7701186471625,155.59011853635042,177.78827621587013,10.132101225811384,3.4790103709347555,4.294273328851518,3.389721166563819,180.39177177596338,233.94853924770325,4.969675426976074,2.229946061054432,2.897441431315468,5.216310149423715,0.43758415483199786,0.600031476981688,6.719905659711376,4.090346515395215,5.719933623268557
Math ch.1 (elementary),Math ch.1 (elementary)@6741,-1,93,123,1.9216604232788086,7.659139354141139,169.24622512242615,210.63012164445593,7.287377973431757,3.9171817679795518,5.170521996962109,2.987430138321585,166.21682658903111,214.59998403004658,3.72039246113237,2.163271684126393,3.0331502840698867,4.0364221307359855,0.43407146211562525,0.5750734070611686,5.4616386138163655,4.162978502917789,6.047126894870151
Math ch.1 (elementary),Math ch.1 (elementary)@0,-1,141,142,2.6509850025177,9.686762043174959,167.59415945386348,180.85189510687658,12.056677447949724,3.393538074916591,4.172646171647973,4.21405743973795,180.85503970197973,240.6069280176035,5.008553302287855,2.2753063653079475,3.007178512039739,6.702165791342668,0.43894545990077954,0.6209274519681053,7.043124468428615,4.078543245879523,5.747804331496887
Math ch.1 (elementary),Math ch.1 (elementary)@5136,-1,116,133,3.434537410736084,7.1457338473667384,140.35553834824947,165.0333564621525,10.21247504565851,3.4268861865090106,4.139286734940453,3.2887691774967514,184.14945749084637,248.3928783578752,4.952292885820751,2.266639549886498,2.681233226152623,4.735366735096119,0.4389476826697488,0.6072229312203129,6.1015811821657,4.014450364753777,5.518945450649164
Math ch.1 (elementary),Math ch.1 (elementary)@321,-1,114,129,1.6016945838928223,8.578722664840623,181.69338462801045,203.9567269318204,8.08789719532165,3.7940136421503334,4.7144823700696055,3.3522388946294606,176.1853566710172,231.42229937554836,4.693401779206482,2.102611131765025,2.819611234300891,5.033975957011344,0.4408719202311388,0.6135354154872912,7.141223209808572,3.9666122854464834,5.584515985835209
Math ch.1 (elementary),Math ch.1 (elementary)@6099,-1,114,106,2.7261905670166016,8.341991837465583,160.95215867177222,184.97232729607686,8.17950547015731,3.559061147957452,4.5405234013718925,3.204506968186408,183.26499089040595,245.70065414011717,3.8071424315645537,2.2000486067714826,2.7570691190504664,4.5152742934247865,0.4421338193398066,0.6213361434856175,4.616810588951882,4.00220436271112,5.6661704178175105
Math ch.1 (elementary),Math ch.1 (elementary)@6420,-1,122,133,1.9050098657608032,8.55255336174786,185.9622738586546,213.26005083765503,8.522909778212743,3.5502135619358848,4.475129303879538,3.464914415117929,176.74422349096434,222.6584501054021,4.794698795373103,2.3367646356036653,3.043755883380211,5.011817499154092,0.4409266492288352,0.6068901397931762,6.476103221649349,4.215900657745829,5.990058295154221
Math ch.1 (elementary),Math ch.1 (elementary)@2889,-1,140,133,2.6973021030426025,10.861694256281211,169.89006262559474,178.86814404542864,10.0251220499891,3.667208784978945,4.320589882632457,3.787199122635414,181.92268961763799,227.38483920850655,4.653123829572681,2.179823347854988,3.0075836914307597,5.865214508386828,0.4406377211135952,0.6144316533968605,5.683646662563173,4.026337634836349,5.646293940469522
Math ch.1 (elementary),Math ch.1 (elementary)@2568,-1,141,143,3.442967653274536,8.56863403371113,152.1748558214514,174.20773612508748,10.655663515289953,3.44350174486861,4.309944614489356,3.9006681510902013,193.18089965278799,257.46689349430005,4.580750009842611,2.2855934156629174,2.8905491500334644,6.1276459925735765,0.4441144336802185,0.6247768872260461,6.322436589974004,4.087003273696954,5.759237337863754
Math ch.1 (elementary),Math ch.1 (elementary)@3210,-1,119,114,2.375128746032715,7.440606892907678,167.96344421805355,190.67030973200218,8.621022109962427,3.416367759802563,4.289105267083262,3.2358345686006835,178.3987137757378,233.56051678980853,4.104691708137963,2.1409357643196723,2.9609642567952807,4.952200251117704,0.4363329222638991,0.604306595097888,5.23453013703042,3.98018908730012,5.5675487147327125
Math ch.1 (elementary),Math ch.1 (elementary)@4815,-1,109,111,2.171968698501587,8.821861613963817,163.5355965821024,184.84410700200692,7.980232631048469,3.5175382316628463,4.372212934287232,3.080563909233527,178.2589938643714,234.28914261663155,3.795460767223112,2.1884426937292414,2.8920531201442863,4.386593361103247,0.43800171715365976,0.6113530711625188,4.778264091328839,4.030230322929077,5.631569600823904
Math ch.1 (elementary),Math ch.1 (elementary)@5778,-1,116,118,2.207503080368042,10.674279928875746,164.5612562733198,192.92316185539337,7.654422516890205,3.4200872330215604,4.353055523857307,3.5217701394090715,181.4837344046079,247.7930913744675,3.9294633421801834,2.3719758387861507,3.176650324601623,5.053844528205334,0.44343417659995193,0.6270273536139289,5.405124146301879,4.0805350844393065,5.814388061278238
Math ch.1 (elementary),Math ch.1 (elementary)@2247,-1,132,130,3.4712862968444824,8.218383108279673,159.43597863947497,171.5059122607276,9.544036345028804,3.403338340563268,4.1003371605206205,3.6693319518670697,186.27804370343733,237.34638010603638,4.332953748193033,2.2364803359377996,2.818853306369614,5.631527486592055,0.44065372559743776,0.6012278282818514,5.632117840172785,4.102130474769156,5.5867979894054125
Math ch.1 (elementary),Math ch.1 (elementary)@1926,-1,138,131,3.092592477798462,10.218744648252482,159.97209845880968,177.8385612749529,9.525648677840016,3.5145602663145743,4.318588198151605,4.007295114834913,191.1926273829057,246.0879573214491,4.2876601547931505,2.2244029707197046,2.849198651311902,6.033826375129483,0.4389152136113029,0.6065883405950707,5.889898197861624,4.096914156522364,5.7401441373466895
Math ch.1 (elementary),Math ch.1 (elementary)@4173,-1,105,126,2.1328821182250977,6.837309680970233,176.71524800230583,206.36847132458723,8.452097188476753,3.6645649413976304,4.542274594805565,3.184364486881068,178.3857312037251,245.13657642948843,4.186447744181881,2.164173785896783,2.847037639084102,4.626156367973434,0.438879408639773,0.6171471557302282,5.811607999754533,4.018799119178476,5.611492069941453
Math ch.1 (elementary),Math ch.1 (elementary)@4494,-1,126,116,3.081596612930298,8.507658800383512,159.53190613197177,173.25895367323102,8.514206030906303,3.4798359851889966,4.456349724423442,3.504722800539213,179.2511313868004,228.69305591569128,3.76098120150179,2.262336221658529,2.983650345123926,5.162632233307153,0.43017954751271614,0.595853298496496,4.921855536142142,3.975301404971441,5.615375828143751
Math ch.1 (elementary),Math ch.1 (elementary)@7704,-1,122,145,1.816636085510254,9.12905535356708,187.75155982061122,229.08162856249288,10.314830153110313,3.6974139124424807,4.857202060342278,3.727899458309903,174.33812106763816,224.98510631878818,5.216405249164981,2.0786788911350706,2.7961890954652624,5.838822051054668,0.44820000156816486,0.6109830115515483,9.299921660888893,4.118424791241054,6.001048023901511
Math ch.1 (elementary),Math ch.1 (elementary)@3531,-1,139,127,2.434354782104492,10.265323439349737,158.28443889821227,189.83570058920105,11.170023645514219,3.3344892910478032,4.258588231440697,3.9990538446101405,172.60620006545375,235.19139099681783,4.610527008128681,2.245779251246915,3.121178722199718,5.920811904099559,0.4386255327463431,0.6234303764648192,5.627870122027374,4.065624478003995,5.823433364344631
Math ch.1 (elementary),Math ch.1 (elementary)@7062,-1,133,146,2.2791504859924316,10.98476247718243,183.63280886667053,214.87242545664247,10.576447896868245,3.6942646556221925,4.822812690259185,4.011613774603755,174.27340900322847,219.42483112794687,5.4817650458896106,2.055770169403465,2.8061883630675273,6.2726690667744975,0.4474459554880249,0.5890299230292438,8.413707127903246,4.023548048207526,5.858399452436793
Math ch.1 (elementary),Math ch.1 (elementary)@1605,-1,163,152,2.854715347290039,10.515415131219411,175.41223315478894,199.3792794054175,12.96837403946084,3.398742034585517,4.237837622513335,4.82103205345168,179.86227138996475,238.54129964409836,5.37491378009058,2.2370599925112686,3.0596997393123666,8.100262100473856,0.44408143291904856,0.6316358821881433,7.789075728841971,4.150116643125954,5.881081745552671
Math ch.1 (elementary),Math ch.1 (elementary)@7383,-1,97,124,1.4743503332138062,8.29296910893054,181.13223299683443,221.24083101066984,8.560800184042659,3.724000128028929,4.922946025398302,3.069102012417734,172.07494418930293,219.07531744675174,4.575015757151866,2.0963389320072983,2.801085668520294,4.2528916774500765,0.43702483659430846,0.5881503326271414,7.369221219244793,4.064100834620917,5.929036844564249
Math ch.1 (elementary),Math ch.1 (elementary)@3852,-1,105,113,2.139005184173584,6.580041746007839,164.17879156654567,187.50095836132195,8.021085458919073,3.473085165438813,4.281946691993025,3.03944227016641,187.955013754927,237.68386801085978,3.732951304597631,2.241640174990752,2.9696508642296933,4.32290137737768,0.4403364073710506,0.6096482768035199,5.156573053212141,3.9173702678839075,5.434205111328921
Math ch.13 (combinatorics),Math ch.13 (combinatorics)@2247,-1,131,136,2.5377767086029053,10.142148765535813,163.0358488605812,188.30024266580457,10.125600164761819,3.5044035299678287,4.386974363870043,3.6628865208421177,177.46376342063908,232.57650702288706,4.742266993538929,2.2062273602921594,2.9215509462088165,5.888777136144706,0.4385588109875451,0.5999847796449804,7.173875392436002,4.046683344286995,5.7200368533343
Math ch.13 (combinatorics),Math ch.13 (combinatorics)@9309,-1,122,142,2.3210649490356445,8.151436655475921,185.3341005546365,212.8845037378248,9.853271625052413,3.6522007084301564,4.874075323653224,3.713940174127048,173.9462736945378,211.59814898146223,4.958442033646702,2.0388220913610953,2.781371434161287,5.469872135699333,0.44609276236962325,0.5741516795855675,8.083732245825908,4.070512611291584,5.937476363624483
Math ch.13 (combinatorics),Math ch.13 (combinatorics)@6099,-1,118,109,3.172569513320923,9.866318050583294,142.30953294015612,161.674034304851,9.110728227335018,3.4432876045686287,4.272862473438188,3.3892170693097294,185.64483945066092,242.35436414962516,3.67574208361058,2.272233310973839,2.943245471947132,4.78226990200714,0.4345892474992425,0.6050972353499843,4.707239909291283,3.9934411858495844,5.574951791917722
Math ch.13 (combinatorics),Math ch.13 (combinatorics)@5136,-1,146,143,3.638505697250366,9.124740977361755,151.40310614588853,164.04204960196094,9.611458093089306,3.5908010823657173,4.467547421205072,4.028915122762483,189.2094017136688,248.5799602233604,4.690046080343713,2.2660743499039313,2.9192525618250436,6.513732718683104,0.4410753567645489,0.6065673068363916,6.366489857528936,4.15506012269625,5.829050006805827
Math ch.13 (combinatorics),Math ch.13 (combinatorics)@8988,-1,101,131,1.7265981435775757,8.694934572511697,180.10162685359597,213.8725326008439,9.55334837739755,3.707309583538248,4.839455779317861,3.0996932257041405,173.26418044153252,217.05512645406625,4.410155523439989,2.1590754380797956,2.9544712537386233,4.446498640906733,0.44302595654779753,0.5895612721828073,6.786128759046051,4.134677225140794,5.986203637756745
Math ch.13 (combinatorics),Math ch.13 (combinatorics)@8025,-1,104,134,2.1202640533447266,6.950855853640969,178.33054157110325,198.30694508731324,8.230801526369032,3.6143989651485526,4.544551129618089,3.237642882759598,168.14332619389884,204.95533714430013,4.4833465566439905,2.203897574514638,2.9003356125894877,4.741993967563538,0.4277778811217846,0.5736643073564377,6.217841416639042,4.1540695475819795,5.875139360747648
Math ch.13 (combinatorics),Math ch.13 (combinatorics)@2889,-1,144,132,3.393061876296997,10.420082333507978,160.23173381244487,172.0659468237145,9.834991337747203,3.594549268734302,4.61595814898326,4.2322888504401375,181.5385523663151,228.16233643469454,4.453504993457847,2.2489219076000966,2.8727496714611385,6.791067432808479,0.44037394838219085,0.6130482012013685,5.81279777614325,4.169573458083455,5.939694628138589
Math ch.13 (combinatorics),Math ch.13 (combinatorics)@1284,-1,101,108,1.7493349313735962,8.728210425507411,162.5794136298347,179.927234546239,7.123326174292347,3.8213681978223586,4.713558685537618,3.1523037072320594,175.7647323034456,226.39989589936005,3.819954924802643,2.2028078222549206,2.88947861608121,4.354127823850356,0.43251847827313145,0.5942318964729586,4.878973823125119,3.935116436700873,5.479875772741579
Math ch.13 (combinatorics),Math ch.13 (combinatorics)@4494,-1,119,127,3.226154327392578,9.582276956380504,147.8683148187723,167.1116620130208,9.443568926735237,3.4905440311468032,4.379640077879004,3.357426086410142,178.76857873066342,231.28775757844747,4.386812044427027,2.1982516065219944,2.7586541448934585,4.753842839577948,0.4347721481919348,0.5932390179748159,6.022812987561182,3.9939651022581737,5.604367679728984
Math ch.13 (combinatorics),Math ch.13 (combinatorics)@2568,-1,122,123,2.461200475692749,8.527406165249529,158.5127792628545,184.2434375585345,8.641565460790074,3.4593447638522283,4.318421121904815,3.4423087840174618,172.5412164649216,226.9399001857023,4.273442531557595,2.309758345757107,3.1349268722544723,5.316389369533768,0.430784505150951,0.6008053138148065,5.599873412966377,3.969132163827397,5.5995012643927025
Math ch.13 (combinatorics),Math ch.13 (combinatorics)@8667,-1,115,146,2.335996150970459,8.361168111773926,175.52132082923424,210.98137392685874,8.552254894502864,3.6578387757489708,4.714533675676897,3.55265754013193,175.50628570283368,223.3795413263722,6.073101292607127,2.1177478700122263,2.95979435743901,5.468672925036377,0.43939503565530574,0.5871668651914984,8.754917381747731,4.111099198077785,5.968255547315144
Math ch.13 (combinatorics),Math ch.13 (combinatorics)@8346,-1,140,158,3.085618734359741,8.544018094762375,179.7965037220791,197.60931201194637,10.859764274154239,3.5044469749056564,4.292682038350176,4.230349091250477,175.58619169228422,211.08394736420794,5.130787403403381,2.201791102631799,2.85943454091916,6.660090516216747,0.4414128845078991,0.5953027108611019,7.745199375474576,4.276740031334966,6.041312006385148
Math ch.13 (combinatorics),Math ch.13 (combinatorics)@4815,-1,140,138,2.551645040512085,10.351083493626845,169.20860887696256,184.15185603269833,11.49166769609869,3.3234151037640314,4.1498573414575395,3.9112029808964976,182.22317411420389,227.56302702606342,4.70694756877644,2.2159424118248214,2.99321923879496,6.4900625435358394,0.437589965176019,0.5950069989581828,6.411751673975574,4.073334919902367,5.785820454580826
Math ch.13 (combinatorics),Math ch.13 (combinatorics)@3531,-1,118,114,2.561414957046509,9.394250880311462,150.2348192180482,175.2101297081998,8.843419965503058,3.5287710598460587,4.49096121915593,3.246164548662032,183.16213897874314,241.7799508285555,4.0906818297962255,2.335013951004843,2.989523021791224,4.984515023816859,0.428674957588705,0.5907043613618465,4.9248423365804115,3.9507103962633736,5.551257047692079
Math ch.13 (combinatorics),Math ch.13 (combinatorics)@642,-1,137,103,3.1052327156066895,8.986970895692961,155.51197925740678,177.83343421407858,8.20645426156267,3.5939007450577183,4.52395410698653,3.7164272346754323,189.1469938885857,248.48877704943527,3.3906196284560153,2.150278451368816,2.7632304158253325,5.336413873232931,0.44878173641839053,0.6250744100632925,4.274784550123932,4.025769876372674,5.645532580770507
Math ch.13 (combinatorics),Math ch.13 (combinatorics)@9630,-1,120,141,1.8923007249832153,9.603825747789196,185.59168774939917,222.12552627243414,10.260680450218345,3.6003179417928557,4.679226827973368,3.6515517145687633,178.69443184881862,232.7442759863081,5.056473344550258,2.0949269839856464,2.882200552306947,5.812994333778288,0.4474237359892146,0.6090189213104255,7.604337441633916,4.068040774924898,5.930002442825124
Math ch.13 (combinatorics),Math ch.13 (combinatorics)@321,-1,166,160,2.546298027038574,10.546847844049454,192.3407600224394,204.75399167969746,14.259306741595708,3.39272436472636,4.10780826965844,4.599136851335695,185.157916906504,231.88316463463383,5.918683139170629,2.1604547007548836,2.979474497951164,9.074957410525625,0.44768462951752713,0.6295567338861503,11.315397915146542,4.1533359792697055,5.847189219228412
Math ch.13 (combinatorics),Math ch.13 (combinatorics)@1926,-1,136,127,3.2668862342834473,9.330848184822752,154.16726022832043,171.33024369531896,10.63482654950481,3.5268686165169765,4.2932132927878,3.8821955697254995,185.7511526350985,239.25826248947882,4.4813552106937555,2.147735130695108,2.806396709221861,5.996719113272782,0.4463920708454572,0.6224265799989555,5.587550390241674,4.069271633759992,5.667515043488614
Math ch.13 (combinatorics),Math ch.13 (combinatorics)@4173,-1,112,120,3.6275644302368164,7.458999847766873,129.5413059021496,151.21633190177525,8.849664667125069,3.560072653721016,4.550141102504951,3.3278483815747912,179.9409578057659,235.30432210124656,3.9341827661503572,2.0302084774339857,2.727885740895358,4.529305093799397,0.43441293513999124,0.5976759529277983,4.451966966503083,4.094430782661583,5.787729661954644
Math ch.13 (combinatorics),Math ch.13 (combinatorics)@5457,-1,143,139,3.8578298091888428,9.763343622841152,155.68959347307327,167.31596148510883,9.96584631154734,3.352547314051359,4.223734551608673,3.7998628527245173,188.8633393000761,240.19725177110865,4.825603354724989,2.228813574438476,2.8139481935254107,5.857361234522173,0.4411125787382346,0.608615480313799,6.147529624805362,4.052387813709934,5.726133928555222
Math ch.13 (combinatorics),Math ch.13 (combinatorics)@1605,-1,123,114,3.780474901199341,8.890874205555512,134.95913337118955,146.9027815401536,9.004106486309393,3.4875736921233633,4.27417296730176,3.4585262575518105,181.57313107800863,238.86273104893746,3.995290755095988,2.2022397818375605,2.6404732810888643,4.758221066475646,0.4373750131430536,0.6102315942456553,4.737766088328851,3.910933872465534,5.4273917878157825
Math ch.13 (combinatorics),Math ch.13 (combinatorics)@963,-1,66,88,1.8802146911621094,6.371110447123219,137.62509809867447,165.0570762846239,5.816267739614118,3.756192895843398,4.7725169930054,2.514401083038338,155.9953282072451,229.8511273161127,3.464191491171863,2.062637802559647,2.6145587093593097,3.2720861871611433,0.40286948037900416,0.5878848302826744,4.421626628970622,3.703218911875375,5.28442764611561
Poe tales (English),tale5@0.427,0,174,165,3.5006465911865234,12.747974489942122,186.0082708712663,221.7424989553488,17.12409877437567,3.3084004105571423,4.099891840257465,5.398530707539236,170.0151942267449,227.9608467471643,6.401068485483893,2.200416671563074,3.021795151238947,11.26790436798551,0.4492039618953185,0.6448339752781908,9.924048146105896,4.108433712472305,5.8602614178143675
Poe tales (English),tale5@0.220,1,175,174,3.045766830444336,13.606955600568332,197.08999710203832,226.80965864032294,15.85953554224786,3.2951415313360277,4.001615989261522,6.74462468161461,175.94020715344368,234.2770181902243,6.651511247689501,2.1894827711108498,3.016385210460557,13.623115471183146,0.45443821969611514,0.6482000031600816,10.67678568407544,4.143503363264612,5.902434291899936
Poe tales (English),tale2@0.865,2,157,157,3.58919095993042,10.404358007242095,166.9035916869725,210.5535975616072,17.473855417205943,3.040437241518903,3.8339129805242282,4.5160007146621775,162.33133832184365,229.65973604893887,6.455305929399729,2.263154221640665,3.1471394703176134,8.04512339807704,0.43980591829921456,0.6400340748949456,11.35022219532236,4.074391820517979,5.869700416162277
Poe tales (English),tale3@0.972,3,162,155,3.5089051723480225,10.55793450132021,178.95577098468374,220.05474154173132,16.702000515216678,3.085343636835956,3.901896006196122,4.647612476067739,169.75174542020721,231.828782985047,4.984828723517173,2.258348929399793,3.1489048921931095,8.993940123804066,0.4417065079419784,0.6354630111513291,9.346679007205536,4.095606956214679,5.849008459092768
Poe tales (English),tale0@0.857,4,171,160,3.5664141178131104,12.445068683021447,185.46944679807586,225.78304248031708,18.452937488025544,3.0879064474771525,3.9513955702624557,5.631962925133416,173.9133064516231,235.8956363201622,6.013532651981506,2.309223796434302,3.1413062977048,10.202077815301294,0.44773767181262947,0.6482582041018511,10.227198070173477,4.168223245008468,5.979284349241823
Poe tales (English),tale4@0.537,5,146,147,2.974621057510376,11.190471360521586,173.34457327257599,210.56610704303188,15.890093226286476,3.1712892018135594,3.9768756660597346,5.015017699567702,158.32234862286413,221.2047369647843,5.346854406108008,2.231947551166413,3.1094636952390817,8.910305870201128,0.43536715260251435,0.6301338053526478,9.610751466244826,4.031187523693409,5.790081443419045
Poe tales (English),tale4@0.182,6,167,163,3.1871047019958496,11.105288968770381,184.1531919958345,217.1978275390735,18.926951491591062,3.2547045016742806,4.097123272399392,5.1971220856767815,168.05809294923057,228.14297027323713,5.9224057358571365,2.244201022272171,3.0543974749369953,9.809764452753479,0.4475346473839666,0.6416623215292454,10.922322156622998,4.1209605246031265,5.879850111367252
Poe tales (English),tale5@0.404,7,158,155,3.07253360748291,9.139719277246135,185.890618946279,220.1221579824475,14.23943812778478,3.1960246852028833,4.01283025468587,4.756176641594867,170.74335201538477,235.56004336825617,5.256746766081918,2.243766199102937,3.075257975351082,9.080733633117864,0.44610874247618326,0.6432025956225239,10.132905433375486,4.096570973867236,5.849593302363793
Poe tales (English),tale4@0.642,8,78,127,3.559460163116455,7.746793935481428,142.54283618334108,104.66547544641092,10.721462291510557,3.6122278177796017,4.509563449488624,3.2354682716604954,149.1889864986735,186.93266135943037,4.483023033168334,2.1069577998575877,2.6115548796077603,3.6900320486036513,0.4209279123348094,0.5787217317766454,5.3672156207561565,4.0211268245168394,5.59323355903242
Poe tales (English),tale5@0.927,9,151,154,3.207284450531006,12.07349448527039,175.81963872697418,213.96314311165327,17.54006334374579,3.062534716703972,3.9142242585406293,4.714370936577965,159.56452881165737,221.24581732462963,6.129415493604358,2.2295113338280816,3.0403118448753337,7.973059687101814,0.44038859707974104,0.6407716458821017,10.746734074498391,4.053631747175595,5.857061173874993
Poe tales (English),tale4@0.206,10,146,144,2.850594997406006,9.776667423993501,174.42186882159925,211.09275654868327,13.070750885125562,3.2123240350445297,4.029527982389961,4.306473619693588,166.12483676691522,230.5942691511241,5.519728109505357,2.1676860173138937,2.8733441767396157,6.753855799725521,0.4366846500158723,0.6307782019857202,8.129803570142295,3.9787616803012096,5.680987759246141
Poe tales (English),tale4@0.999,11,163,159,3.425259828567505,10.909113829053913,179.28550936804768,220.46265213800928,12.671285180758913,3.23060036450725,4.135233510691537,5.3107768040780385,172.6467075246444,234.1546401576524,5.400565496642064,2.239474530644176,3.0704675130957204,9.376150972323098,0.442540928436448,0.6431817981545609,9.405088719147942,4.054369417647555,5.834512468820307
Poe tales (English),tale3@0.236,12,167,156,3.318584442138672,11.113508548075933,174.1023088075052,214.91189442619705,17.28269296430453,3.076884113660997,3.901859267499353,4.9751193851122375,163.12243506593654,228.8141552498033,6.259624125304872,2.0998089291283994,2.932910412803408,9.982156632921386,0.4520761283102301,0.6500204060820218,11.262531463869854,4.141272730605088,5.937700247658956
Poe tales (English),tale5@0.891,13,161,153,2.9415292739868164,10.852354294809507,179.92399537697145,221.24995212912643,14.976697618572777,3.0480855658313355,3.8172525099046295,5.210998558961915,165.05544576248,228.4877576838128,5.056120299045211,2.2002187522075616,2.903301853389242,9.342828919216828,0.43983492551723746,0.6312113001144477,9.209493098423291,4.039054587366757,5.786616952980262
Poe tales (English),tale1@0.713,14,147,148,3.182436943054199,10.851200529968162,177.36557612662762,209.79644797719902,14.226808995828721,3.0962572026473536,3.9704699736580675,4.442634990265983,162.73985418063194,224.70132418148003,5.327068113445339,2.151256754996231,2.9926259523943126,7.507345552520579,0.4465755895964756,0.6464476451698151,7.566584415750586,4.0814458172786665,5.848805930332538
Poe tales (English),tale6@0.563,15,141,136,3.6018049716949463,11.015263432850304,161.78234119748282,200.5658143114157,12.349624249645922,3.2076003590939752,4.108306571186377,4.153482663187325,160.30256341794808,223.60456457108182,4.948219193112732,2.199610619027182,3.1349212957378056,6.45196507596993,0.43370797816220935,0.6298766406769007,6.496495425592291,3.975173258749914,5.730815134341493
Poe tales (English),tale6@0.684,16,162,156,3.4374136924743652,12.034870237319263,166.84518023121097,201.8585865271005,16.040282149671615,3.166244634173892,4.05265611363574,5.039309813624233,164.08073276384744,230.7443296038596,6.084616196539379,2.1853764433140466,2.991550199639668,9.539582765462637,0.4447280870623087,0.6462883329986863,8.81124725529922,4.093237485716918,5.876318106266759
Poe tales (English),tale5@0.135,17,171,173,3.3716695308685303,12.318326647678006,183.9342393755549,223.07531262560624,19.185197398194788,2.9766709209838114,3.7750242056754804,5.431296927138255,165.54320339462163,228.3738118786589,7.941661861899887,2.1981347304978875,3.0201627769330606,10.259096085650695,0.4466712879849122,0.6481395695312802,14.921750837825877,4.114349423167086,5.912733444354369
Poe tales (English),tale1@0.240,18,161,163,3.494978427886963,11.987154001898427,173.38692739191956,207.16069795864385,17.2464813740299,3.1857818382788348,4.012012783436013,5.001648713769946,162.79825718690756,230.96887954821088,6.603513664756773,2.1390715076717766,2.945160997974763,9.124276545447154,0.4433142262576548,0.6419698241430658,10.879166724484525,4.082021261020911,5.849723732315325
Poe tales (English),tale3@0.128,19,163,156,3.6758556365966797,13.159018044725949,169.2465354228404,211.50260937080287,17.060469874142445,3.203922077422349,4.094034723769106,5.780235695987667,166.16933977602417,228.1651299334266,5.811665095935162,2.177036703215971,2.989726160844452,9.856273446127835,0.45116413665226324,0.6474001125494159,10.243597707882076,4.156895965671452,5.9548274030417865
Poe tales (English),tale1@0.818,20,159,154,3.2671761512756348,10.143424208165683,171.86968053343077,216.93601921078292,16.64936359145636,3.0249969646086563,3.8847577936077355,4.9166494823879345,164.09998001016805,228.63461434421802,5.638267499403706,2.175815412727471,3.1005842789513487,8.416824662004158,0.4411462651157806,0.64010475503562,9.751806678649118,4.092624769779423,5.904678240950117
Poe tales (English),tale2@0.059,21,164,152,3.4202306270599365,11.88416549871708,170.31517284076986,210.25340197518165,15.00484757933656,3.052354862278701,3.8714785514343983,5.201984419731896,160.38627757316985,223.79474549498332,5.487414233974564,2.153850043815795,3.038944035689868,9.325023232132162,0.4413467103885981,0.6415448720740963,9.08637784506144,4.025768758945054,5.814178424291074
"Poe tales (French, Baudelaire)",tale5@0.427,0,170,160,2.8323655128479004,13.109012703435724,183.07198229105154,228.3343855343182,13.936851904135315,3.375628467969272,4.292281299018688,5.616188043896056,165.38687097765478,231.3425589028875,5.829671861655406,2.2497187389600706,3.052351587826699,9.639665576794824,0.46101764716004723,0.655799136102932,9.253598998678536,4.28370653020389,6.114828150391668
"Poe tales (French, Baudelaire)",tale5@0.220,1,65,65,1.6706550121307373,7.2449010934665,194.20252066214937,248.2065535656779,5.526801625788476,4.104713457628735,5.471980008594209,2.411848581773134,184.47994434801973,238.81266655126973,2.5003236237272293,1.952227780611593,2.8244229591379524,2.882191785782457,0.47036459676523973,0.6302819382826346,3.2349793625572616,4.028762246001794,5.906307346173798
"Poe tales (French, Baudelaire)",tale2@0.865,2,162,157,2.938804864883423,11.674749046443026,174.39163823795542,219.98121199715305,12.765067418466051,3.3474993836607245,4.242797627167768,5.338967425364945,165.1150913601914,226.35484795167193,5.632893230248764,2.278469357866171,3.118417422451996,8.441995305077874,0.4546385051270384,0.6492385570673899,9.236106014318011,4.292674466939539,6.140529043304718
"Poe tales (French, Baudelaire)",tale3@0.972,3,169,160,3.0987460613250732,11.25858107223984,185.42168910600978,235.29446212304907,13.667394042357126,3.2783657386539726,4.194035852948145,5.202413538507389,169.24444638098697,235.91396863826233,5.915485412438717,2.139937613733588,3.0018783473933777,9.458428697507838,0.46111411856595463,0.659717248463881,8.562391225537583,4.265151333534587,6.078004700517861
"Poe tales (French, Baudelaire)",tale0@0.857,4,171,164,3.0868091583251953,11.023470496546826,180.26150867392278,229.91316818521813,13.693828440995134,3.358634421006155,4.264964016315293,5.792858037843625,164.533293514508,228.52273648188952,5.392215370135143,2.2906925040902433,3.1518331979989003,10.009959015538135,0.45896475816480564,0.6574388406992008,9.639220631282326,4.327874281431661,6.169902493423304
"Poe tales (French, Baudelaire)",tale4@0.537,5,159,142,3.0135602951049805,9.873361017428655,181.1074835419745,237.55556952124684,9.853153537565639,3.4829873532671463,4.482596749443647,5.229272113098516,170.50790513218453,234.4288895173558,4.780786933823079,2.0311768852710417,2.8168042416757038,7.6838606229322926,0.46043818679854054,0.6638860420043383,6.804226405976692,4.264369720921499,6.118542109135792
"Poe tales (French, Baudelaire)",tale4@0.182,6,65,66,1.6882503032684326,6.0725885107501965,194.99554479925422,246.34030352508213,5.850885634818809,4.117777464276408,5.4960344940395185,2.327834532536741,183.80722645199253,233.92489975903945,2.598152541199154,1.967823597223478,2.8284086305037133,2.7801301898040127,0.47437461415079074,0.6310301567371231,3.375803922381877,4.032488313276449,5.9061497463731225
"Poe tales (French, Baudelaire)",tale5@0.404,7,170,156,2.9333391189575195,11.277462047709733,183.69316871105337,230.6851213389004,20.707166032731912,3.3576135866476506,4.220350794589943,5.414687697970208,167.83100901398674,231.039380297623,5.940550203237229,2.2220631341968557,3.0108410838134514,9.525353039257757,0.4532063222322963,0.6486304058291761,9.24516253833778,4.215490768816501,6.03141307966686
"Poe tales (French, Baudelaire)",tale4@0.642,8,179,177,2.7122504711151123,16.55250732153695,186.53782097986115,242.3664590030353,18.935694778820544,3.375116656189727,4.397148966995914,6.31970341589177,165.7271833390302,229.18242719652238,6.130659344540756,2.27630107534119,3.1258499272820868,11.34037917856647,0.4560331379831671,0.6530436089112995,12.039142251355806,4.30115783816281,6.15149114634427
"Poe tales (French, Baudelaire)",tale5@0.927,9,162,153,2.549984931945801,10.75262892952279,178.1296769060679,228.00172249391628,13.056304419058733,3.3656493894115487,4.29260798866004,5.136026869091575,169.16419447991137,231.62379548747404,6.34775838715792,2.1767435011819627,2.941674363326545,8.135223967445645,0.45487312052097306,0.6509073597992583,8.380751495000512,4.2650745598459014,6.10682781159207
"Poe tales (French, Baudelaire)",tale4@0.206,10,66,67,1.696915864944458,6.677047541161937,190.10169345925976,242.71165697801226,5.352408026338004,4.095593355716721,5.470928944014743,2.4424980293811194,180.1622919075008,229.86951000544005,2.468729547426716,1.9531002037404814,2.809892390926126,2.920245100967518,0.4724647637105044,0.6205970223695418,3.0953900026165595,4.013976167489008,5.896711475713934
"Poe tales (French, Baudelaire)",tale4@0.999,11,176,162,2.852754592895508,11.505522830859718,179.08357412583584,227.45595368202416,15.860923953105475,3.3283793041016816,4.241510639733043,5.595683374695224,169.22891453176268,233.29119702148665,6.01253794056782,2.264102992118624,3.1501413958128293,9.965320638491663,0.4528603097534609,0.6477207714878862,10.543329217383286,4.271206360413353,6.093538252074393
"Poe tales (French, Baudelaire)",tale3@0.236,12,169,167,2.6318016052246094,11.55047659880445,185.9447128801603,240.64487640334923,15.887469446808575,3.4020049437907645,4.354917200591086,5.4040152663169865,164.46559756743,229.4011071638971,7.2822486802202,2.1804039394265686,2.969385444288922,9.39813832275194,0.45971164637411566,0.6583128961864451,10.806694440084954,4.298894406583094,6.157260482318309
"Poe tales (French, Baudelaire)",tale5@0.891,13,177,165,3.152634620666504,10.9985799607172,173.9826194631799,225.06567889691576,15.913604967018093,3.3557817150347713,4.255934149334061,5.703019282525413,171.07562783647478,240.57550906296922,5.77469233799721,2.3385070447457803,3.187745249183485,10.17515716348621,0.45335988038926134,0.6505008917807508,10.47680161319633,4.268094248754081,6.102259797266794
"Poe tales (French, Baudelaire)",tale1@0.713,14,166,158,3.0388870239257812,14.236807946547472,176.42303900458637,226.5672100915644,15.168080230043907,3.427324274023551,4.4952957172312455,5.625627762624272,165.4313853199082,226.41228160924626,6.503792958608552,2.125542909012626,2.8863599457820817,8.72699072299391,0.4607157745118459,0.6599390646744404,8.781484350590517,4.2917025957109285,6.166722521080912
"Poe tales (French, Baudelaire)",tale6@0.563,15,171,158,3.1042585372924805,12.086025539985906,174.9617532504755,225.00446644108658,14.483096825398695,3.3264408414609363,4.1680805114310076,5.7011915373706366,171.75911537247384,233.51861334424723,6.08573454992193,2.2424375683481683,2.9895884544006828,9.78869534668152,0.4475581601933989,0.6394514649708485,8.524227601304416,4.208116603440471,5.954758698639507
"Poe tales (French, Baudelaire)",tale6@0.684,16,161,148,2.7735843658447266,13.118742835750332,176.51750955618076,223.2517767407537,13.142324775707602,3.3852125692880892,4.297545793425088,5.602457564631673,168.72649151898213,230.27402245282977,6.589216295094804,2.12284510635852,2.9113500054949912,8.744302692248299,0.462147365956429,0.6638268502874419,7.797953125742537,4.2196237164806725,6.01802350157911
"Poe tales (French, Baudelaire)",tale5@0.135,17,64,65,1.7024314403533936,6.104525044666663,194.55238525900808,249.46438755177198,5.548155999529063,4.181010658210733,5.584552471516526,2.2483549471272894,182.60063946845378,240.16654169420318,2.4858762433951287,1.9497491165480747,2.7942376799296165,2.7451384546778743,0.4737231590397023,0.6355512131595072,3.0386983233106544,4.042629259926478,5.914188229244665
"Poe tales (French, Baudelaire)",tale1@0.240,18,65,67,1.7601804733276367,6.538409154963982,193.83894615939883,245.49779515856207,5.688334590255003,4.173189782258705,5.5727051183122205,2.2679242727232016,183.91955229024526,235.2339463573218,2.55175153063519,1.966653664114575,2.775277053187784,2.7894197218615893,0.47297223316958387,0.6263703867245527,3.302513144102674,4.034233351884234,5.891143539985834
"Poe tales (French, Baudelaire)",tale3@0.128,19,172,163,3.010972261428833,14.295116916153688,173.50154434254523,221.79725201366904,15.033330509668948,3.318190759571951,4.251252839964918,6.183236182977621,167.68501530829352,233.16440903213822,5.291108135586888,2.353763700307361,3.2142826510845524,10.872916008523873,0.4615223118353369,0.6575426277457337,9.797818689329299,4.279322533475274,6.11546504511208
"Poe tales (French, Baudelaire)",tale1@0.818,20,160,148,2.7601404190063477,10.421352725318274,183.31493857788777,233.31875208556923,11.600194086745804,3.35825029736589,4.337152405696876,4.875004851745555,167.60360976928555,232.7411562841981,5.46795940419621,2.238824632398707,3.107913338085053,8.875155009490404,0.4585319645517706,0.6581131091290433,7.872650118007354,4.224395987718099,6.0847825633184724
"Poe tales (French, Baudelaire)",tale2@0.059,21,64,66,1.7381486892700195,5.961709369073643,197.19137963005392,249.06657897100666,5.971877758968859,4.154596537866135,5.567939730306488,2.2809828338663247,184.1569911409366,239.0085585994138,2.8044196773791783,1.9708012998142468,2.8387033349841744,2.6771794955647823,0.47291834827137125,0.6350956107580953,3.587204910210948,4.020962212210543,5.887396785634558
